region,country,code,basis
area/abkhazia,Abkhazia,,settling rule: Abkhaz authorities accepted as holder (list build)
area/abyei,none,,zone with no single holder (R052)
area/akrotiri-dhekelia,United Kingdom,GB,register: United Kingdom (sovereign); its own registry cell
area/aksai-chin,China,CN,register parties: China (administers)
area/armistice-no-mans-lands,Israel,IL,register parties: administered by Israel (Natural Earth note 'Admin. By Israel')
area/arunachal-pradesh,India,IN,register parties: India (administers as a state)
area/azad-kashmir,Pakistan,PK,register parties: Pakistan (administers)
area/baikonur,Kazakhstan,KZ,lease: attributed to the lessor (R053); held by Russia
area/bir-tawil,none,,unclaimed land (R058)
area/ceuta,Spain,ES,register parties: Spain (holds sovereignty)
area/crimea,Russia,RU,settling rule: Russia accepted 2017 (list build)
area/cyprus-buffer-zone,none,,zone with no single holder (R052)
area/east-jerusalem,Israel,IL,settling rule: Israel accepted 1999 (list build)
area/gilgit-baltistan,Pakistan,PK,register parties: Pakistan (administers)
area/golan-heights,Israel,IL,settling rule: Israel accepted (list build)
area/gornja-siga,none,,unclaimed land (R058)
area/guantanamo-bay,Cuba,CU,lease: attributed to the lessor (R053); held by the United States
area/ilemi-triangle,Kenya,KE,register holder/parties: Kenya administers (Natural Earth 'Admin. by Kenya')
area/indian-jammu-kashmir-ladakh,India,IN,register parties: India (administers)
area/kinmen-matsu,Taiwan,TW,register holder: Republic of China (Taiwan)
area/koalou,none,,zone with no single holder (R052)
area/korean-dmz,none,,zone with no single holder (R052)
area/kosovo,Kosovo,XK,settling rule: Kosovo accepted 2002 (list build)
area/kuril-islands,Russia,RU,register parties: Russia (administers)
area/melilla,Spain,ES,register parties: Spain (administers as an autonomous city)
area/northern-cyprus,Northern Cyprus,,settling rule: Turkish Republic of Northern Cyprus accepted 1977 (list build)
area/olivenza,Spain,ES,register parties: Spain (administers)
area/paracel-islands,China,CN,register parties: China (controls)
area/shebaa-farms,Israel,IL,settling rule: Israel accepted (list build)
area/somaliland,Somaliland,,settling rule: Somaliland accepted (list build); its eastern part is held by another administration (register)
area/south-ossetia,South Ossetia,,settling rule: accepted 2011 (list build)
area/spratly-islands,none,,several holders with no line between their parts (Q016)
area/transnistria,Transnistria,,settling rule: Transnistria's authorities accepted (list build)
area/undof-zone,none,,zone with no single holder (R052)
area/western-sahara-moroccan-controlled,Morocco,MA,settling rule: held by Morocco since 1979; fighting to 1989 (UCDP); accepted under T = 3
