place,ne_ids,region,basis
siachen,1159320963,area/indian-jammu-kashmir-ladakh,register: India administers (special place; land to its holder's region)
demchok,1159320865,area/indian-jammu-kashmir-ladakh,Natural Earth: Admin. by India; the Indian-administered region's register name includes Ladakh
bhutan-china-north,1159320455,BT,Natural Earth: Admin. by Bhutan
kalapani,1159320873,IN,Natural Earth: Admin. by India
halaib-triangle,1729635095,EG,Natural Earth: Admin. by Egypt
bajo-nuevo,1159320425,CO,register parties: Colombia (administers)
sapodilla-cayes,1159320435,BZ,Natural Earth: Admin. by Belize
hans-island,1159320559,GL,Natural Earth: Admin. by Denmark (feature ADM0_A3 GRL)
doumeira-island,1159320583,ER,Natural Earth: Admin. By Eritrea
penon-de-alhucemas,1159320605,ES,Natural Earth: Admin. by Spain
bassas-da-india,1159320665,TF,Natural Earth: Admin. by France (ADM0_A3 ATF)
europa-island,1159320667,TF,Natural Earth: Admin. by France (ADM0_A3 ATF)
glorioso-islands,1159320675,TF,Natural Earth: Admin. by France (ADM0_A3 ATF)
juan-de-nova,1159320677,TF,Natural Earth: Admin. by France (ADM0_A3 ATF)
matthew-hunter,1159320687,NC,Natural Earth: Admin. by New Caledonia for France
mbanie,1159320695,GA,Natural Earth: Admin by Gabon
biot,1159320723,IO,Natural Earth: Admin. by U.K. (ADM0_A3 IOT)
rockall,1159320775,GB,Natural Earth: Admin by U.K.
dragonja,1159320835,HR,Natural Earth: sovereign Croatia (no note)
senkaku,1159320959,JP,Natural Earth: Admin. by Japan
dokdo,1159320995,KR,Natural Earth: Admin. by South Korea
scarborough-shoal,1159321227,CN,register parties: People's Republic of China (de facto control since 2012)
serranilla,1159321245,CO,register parties: Colombia (holds the bank)
wake,1159321391,UM,Natural Earth: Admin. by U.S.A. (ADM0_A3 UMI)
bird-island,1159321413,VE,Natural Earth: Admin. by Venezuela
