item,missing
area/citrana-naktuka,country attribution
area/lawa-headwaters,country attribution
area/migingo,country attribution
area/okpara-villages,country attribution
area/three-pagodas-pass,country attribution
area/abu-musa,geometry: no GADM unit and no custom geometry
area/ankoko-island,geometry: no GADM unit and no custom geometry
area/artsvashen,geometry: no GADM unit and no custom geometry
area/azerbaijani-held-armenian-border-areas,geometry: no GADM unit and no custom geometry
area/citrana-naktuka,geometry: no GADM unit and no custom geometry
area/eastern-ossetia-claim,geometry: no GADM unit and no custom geometry
area/essequibo,geometry: no GADM unit and no custom geometry
area/gazakh-exclaves,geometry: no GADM unit and no custom geometry
area/ghajar,geometry: no GADM unit and no custom geometry
area/heglig,geometry: no GADM unit and no custom geometry
area/isla-santa-rosa,geometry: no GADM unit and no custom geometry
area/israeli-posts-south-lebanon,geometry: no GADM unit and no custom geometry
area/junagadh,geometry: no GADM unit and no custom geometry
area/kafia-kingi,geometry: no GADM unit and no custom geometry
area/kangwane-ingwavuma,geometry: no GADM unit and no custom geometry
area/karki,geometry: no GADM unit and no custom geometry
area/kpeaba,geometry: no GADM unit and no custom geometry
area/la-guera,geometry: no GADM unit and no custom geometry
area/lawa-headwaters,geometry: no GADM unit and no custom geometry
area/migingo,geometry: no GADM unit and no custom geometry
area/moldovan-held-left-bank,geometry: no GADM unit and no custom geometry
area/okpara-villages,geometry: no GADM unit and no custom geometry
area/sabah,geometry: no GADM unit and no custom geometry
area/sool-sanaag-cayn,geometry: no GADM unit and no custom geometry
area/three-pagodas-pass,geometry: no GADM unit and no custom geometry
area/tigri,geometry: no GADM unit and no custom geometry
area/yenga,geometry: no GADM unit and no custom geometry
