region_id,source,unit,role,precedence,clip_to
AD,GADM 4.1,AND,include,2,
AE,GADM 4.1,ARE,include,2,
AF,GADM 4.1,AFG,include,2,
AG,GADM 4.1,ATG,include,2,
AI,GADM 4.1,AIA,include,2,
AL,GADM 4.1,ALB,include,2,
AM,GADM 4.1,ARM,include,2,
AO,GADM 4.1,AGO,include,2,
AQ,GADM 4.1,ATA,include,2,
AR,GADM 4.1,ARG,include,2,
AS,GADM 4.1,ASM,include,2,
AT,GADM 4.1,AUT,include,2,
AU,GADM 4.1,AUS.9.22_1,exclude,2,
AU,GADM 4.1,AUS,include,2,
AW,GADM 4.1,ABW,include,2,
AX,GADM 4.1,ALA,include,2,
AZ,GADM 4.1,AZE.7_1,exclude,2,
AZ,GADM 4.1,AZE,include,2,
BA,GADM 4.1,BIH,include,2,
BB,GADM 4.1,BRB,include,2,
BD,GADM 4.1,BGD,include,2,
BE,GADM 4.1,BEL,include,2,
BF,GADM 4.1,BFA,include,2,
BG,GADM 4.1,BGR,include,2,
BH,GADM 4.1,BHR,include,2,
BI,GADM 4.1,BDI,include,2,
BJ,GADM 4.1,BEN,include,2,
BL,GADM 4.1,BLM,include,2,
BM,GADM 4.1,BMU,include,2,
BN,GADM 4.1,BRN,include,2,
BO,GADM 4.1,BOL,include,2,
BQ,GADM 4.1,BES,include,2,
BR,GADM 4.1,BRA,include,2,
BS,GADM 4.1,BHS,include,2,
BT,custom geometry,bhutan-china-north.geojson,include,1,CN rule/cn-tibet
BT,GADM 4.1,BTN,include,2,
BV,GADM 4.1,BVT,include,2,
BW,GADM 4.1,BWA,include,2,
BY,GADM 4.1,BLR,include,2,
BZ,custom geometry,sapodilla-cayes.geojson,include,1,
BZ,GADM 4.1,BLZ,include,2,
CA,GADM 4.1,CAN,include,2,
CC,GADM 4.1,CCK,include,2,
CD,GADM 4.1,COD,include,2,
CF,GADM 4.1,CAF,include,2,
CG,GADM 4.1,COG,include,2,
CH,GADM 4.1,CHE,include,2,
CI,GADM 4.1,CIV,include,2,
CK,GADM 4.1,COK,include,2,
CL,GADM 4.1,CHL.16.1_1,exclude,2,
CL,GADM 4.1,CHL,include,2,
CM,GADM 4.1,CMR,include,2,
CN,custom geometry,scarborough-shoal.geojson,include,1,
CN,GADM 4.1,CHN.29_1,exclude,2,
CN,GADM 4.1,CHN.9_1,exclude,2,
CN,GADM 4.1,CHN.HKG,exclude,2,
CN,GADM 4.1,CHN.MAC,exclude,2,
CN,GADM 4.1,CHN,include,2,
CN,GADM 4.1,Z02,include,2,
CN,GADM 4.1,Z08,include,2,
CO,custom geometry,bajo-nuevo.geojson,include,1,
CO,custom geometry,serranilla.geojson,include,1,
CO,GADM 4.1,COL.27_1,exclude,2,
CO,GADM 4.1,COL,include,2,
CR,GADM 4.1,CRI,include,2,
CU,GADM 4.1,CUB,include,2,
CV,GADM 4.1,CPV,include,2,
CW,GADM 4.1,CUW,include,2,
CX,GADM 4.1,CXR,include,2,
CY,GADM 4.1,CYP,include,2,
CZ,GADM 4.1,CZE,include,2,
DE,GADM 4.1,DEU,include,2,
DJ,GADM 4.1,DJI,include,2,
DK,GADM 4.1,DNK,include,2,
DM,GADM 4.1,DMA,include,2,
DO,GADM 4.1,DOM,include,2,
DZ,GADM 4.1,DZA,include,2,
EC,GADM 4.1,ECU.9_1,exclude,2,
EC,GADM 4.1,ECU,include,2,
EE,GADM 4.1,EST,include,2,
EG,custom geometry,halaib-triangle.geojson,include,1,SD
EG,GADM 4.1,EGY,include,2,
EH,GADM 4.1,ESH,include,2,
ER,custom geometry,doumeira-island.geojson,include,1,
ER,GADM 4.1,ERI,include,2,
ES,custom geometry,penon-de-alhucemas.geojson,include,1,
ES,GADM 4.1,ESP.11.1.8.4_1,exclude,2,
ES,GADM 4.1,ESP.11.1.8.5_1,exclude,2,
ES,GADM 4.1,ESP.7.1_1,exclude,2,
ES,GADM 4.1,ESP.7.2_1,exclude,2,
ES,GADM 4.1,ESP,include,2,
ET,GADM 4.1,ETH,include,2,
FI,GADM 4.1,FIN,include,2,
FJ,GADM 4.1,FJI,include,2,
FK,GADM 4.1,FLK,include,2,
FM,GADM 4.1,FSM,include,2,
FO,GADM 4.1,FRO,include,2,
FR,GADM 4.1,FRA,include,2,
GA,GADM 4.1,GAB,include,2,
GB,custom geometry,rockall.geojson,include,1,
GB,GADM 4.1,GBR,include,2,
GD,GADM 4.1,GRD,include,2,
GE,GADM 4.1,GEO.1_1,exclude,2,
GE,GADM 4.1,GEO,include,2,
GF,GADM 4.1,GUF,include,2,
GG,GADM 4.1,GGY,include,2,
GH,GADM 4.1,GHA,include,2,
GI,GADM 4.1,GIB,include,2,
GL,custom geometry,hans-island.geojson,include,1,
GL,GADM 4.1,GRL,include,2,
GM,GADM 4.1,GMB,include,2,
GN,GADM 4.1,GIN,include,2,
GP,GADM 4.1,GLP,include,2,
GQ,custom geometry,mbanie.geojson,include,1,GA
GQ,GADM 4.1,GNQ,include,2,
GR,GADM 4.1,GRC.2_1,exclude,2,
GR,GADM 4.1,GRC,include,2,
GS,GADM 4.1,SGS,include,2,
GT,GADM 4.1,GTM,include,2,
GU,GADM 4.1,GUM,include,2,
GW,GADM 4.1,GNB,include,2,
GY,GADM 4.1,GUY,include,2,
HK,GADM 4.1,CHN.HKG,include,2,
HM,GADM 4.1,HMD,include,2,
HN,GADM 4.1,HND,include,2,
HR,custom geometry,dragonja.geojson,include,1,SI
HR,GADM 4.1,HRV,include,2,
HT,GADM 4.1,HTI,include,2,
HU,GADM 4.1,HUN,include,2,
ID,GADM 4.1,IDN,include,2,
IE,GADM 4.1,IRL,include,2,
IL,GADM 4.1,ISR.1_1,exclude,2,
IL,GADM 4.1,ISR,include,2,
IM,GADM 4.1,IMN,include,2,
IN,custom geometry,kalapani.geojson,include,1,NP
IN,GADM 4.1,IND.18.1.4_1,exclude,2,
IN,GADM 4.1,IND.18_1,exclude,2,
IN,GADM 4.1,IND.21_1,exclude,2,
IN,GADM 4.1,IND.23_1,exclude,2,
IN,GADM 4.1,IND.24_1,exclude,2,
IN,GADM 4.1,IND.30_1,exclude,2,
IN,GADM 4.1,IND,include,2,
IN,GADM 4.1,Z04,include,2,
IN,GADM 4.1,Z05,include,2,
IN,GADM 4.1,Z09,include,2,
IO,custom geometry,biot.geojson,include,1,
IO,GADM 4.1,IOT,include,2,
IQ,GADM 4.1,IRQ.12_1,exclude,2,
IQ,GADM 4.1,IRQ.6_1,exclude,2,
IQ,GADM 4.1,IRQ.7_1,exclude,2,
IQ,GADM 4.1,IRQ,include,2,
IR,GADM 4.1,IRN,include,2,
IS,GADM 4.1,ISL,include,2,
IT,GADM 4.1,ITA,include,2,
JE,GADM 4.1,JEY,include,2,
JM,GADM 4.1,JAM,include,2,
JO,GADM 4.1,JOR,include,2,
JP,custom geometry,senkaku.geojson,include,1,
JP,GADM 4.1,JPN,include,2,
KE,GADM 4.1,KEN,include,2,
KG,GADM 4.1,KGZ,include,2,
KH,GADM 4.1,KHM,include,2,
KI,GADM 4.1,KIR,include,2,
KM,GADM 4.1,COM,include,2,
KN,GADM 4.1,KNA,include,2,
KP,GADM 4.1,PRK,include,2,
KR,custom geometry,dokdo.geojson,include,1,
KR,GADM 4.1,KOR.12_1,exclude,2,
KR,GADM 4.1,KOR,include,2,
KW,GADM 4.1,KWT,include,2,
KY,GADM 4.1,CYM,include,2,
KZ,GADM 4.1,KAZ,include,2,
LA,GADM 4.1,LAO,include,2,
LB,GADM 4.1,LBN,include,2,
LC,GADM 4.1,LCA,include,2,
LI,GADM 4.1,LIE,include,2,
LK,GADM 4.1,LKA,include,2,
LR,GADM 4.1,LBR,include,2,
LS,GADM 4.1,LSO,include,2,
LT,GADM 4.1,LTU,include,2,
LU,GADM 4.1,LUX,include,2,
LV,GADM 4.1,LVA,include,2,
LY,GADM 4.1,LBY,include,2,
MA,GADM 4.1,MAR,include,2,
MC,GADM 4.1,MCO,include,2,
MD,GADM 4.1,MDA.36_1,exclude,2,
MD,GADM 4.1,MDA.4_1,exclude,2,
MD,GADM 4.1,MDA,include,2,
ME,GADM 4.1,MNE,include,2,
MF,GADM 4.1,MAF,include,2,
MG,GADM 4.1,MDG,include,2,
MH,GADM 4.1,MHL,include,2,
MK,GADM 4.1,MKD,include,2,
ML,GADM 4.1,MLI,include,2,
MM,GADM 4.1,MMR,include,2,
MN,GADM 4.1,MNG,include,2,
MO,GADM 4.1,CHN.MAC,include,2,
MP,GADM 4.1,MNP,include,2,
MQ,GADM 4.1,MTQ,include,2,
MR,GADM 4.1,MRT,include,2,
MS,GADM 4.1,MSR,include,2,
MT,GADM 4.1,MLT,include,2,
MU,GADM 4.1,MUS,include,2,
MV,GADM 4.1,MDV,include,2,
MW,GADM 4.1,MWI,include,2,
MX,GADM 4.1,MEX,include,2,
MY,GADM 4.1,MYS.13_1,exclude,2,
MY,GADM 4.1,MYS.14_1,exclude,2,
MY,GADM 4.1,MYS.5_1,exclude,2,
MY,GADM 4.1,MYS,include,2,
MZ,GADM 4.1,MOZ,include,2,
NA,GADM 4.1,NAM,include,2,
NC,custom geometry,matthew-hunter.geojson,include,1,
NC,GADM 4.1,NCL,include,2,
NE,GADM 4.1,NER,include,2,
NF,GADM 4.1,NFK,include,2,
NG,GADM 4.1,NGA,include,2,
NI,GADM 4.1,NIC,include,2,
NL,GADM 4.1,NLD,include,2,
NO,GADM 4.1,NOR,include,2,
NP,GADM 4.1,NPL,include,2,
NR,GADM 4.1,NRU,include,2,
NU,GADM 4.1,NIU,include,2,
NZ,GADM 4.1,NZL,include,2,
OM,GADM 4.1,OMN,include,2,
PA,GADM 4.1,PAN,include,2,
PE,GADM 4.1,PER,include,2,
PF,GADM 4.1,PYF,include,2,
PG,GADM 4.1,PNG,include,2,
PH,GADM 4.1,PHL,include,2,
PK,GADM 4.1,PAK,include,2,
PL,GADM 4.1,POL,include,2,
PM,GADM 4.1,SPM,include,2,
PN,GADM 4.1,PCN,include,2,
PR,GADM 4.1,PRI,include,2,
PS,GADM 4.1,PSE,include,2,
PT,GADM 4.1,PRT,include,2,
PW,GADM 4.1,PLW,include,2,
PY,GADM 4.1,PRY,include,2,
QA,GADM 4.1,QAT,include,2,
RE,GADM 4.1,REU,include,2,
RO,GADM 4.1,ROU,include,2,
RS,GADM 4.1,SRB,include,2,
RU,GADM 4.1,RUS.12_1,exclude,2,
RU,GADM 4.1,RUS,include,2,
RW,GADM 4.1,RWA,include,2,
SA,GADM 4.1,SAU,include,2,
SB,GADM 4.1,SLB,include,2,
SC,GADM 4.1,SYC,include,2,
SD,GADM 4.1,SDN.17.1_1,exclude,2,
SD,GADM 4.1,SDN,include,2,
SE,GADM 4.1,SWE,include,2,
SG,GADM 4.1,SGP,include,2,
SH,GADM 4.1,SHN.1_1,exclude,2,
SH,GADM 4.1,SHN.2_1,exclude,2,
SH,GADM 4.1,SHN.3_1,exclude,2,
SH,GADM 4.1,SHN,include,2,
SI,GADM 4.1,SVN,include,2,
SJ,GADM 4.1,SJM.1_1,exclude,2,
SJ,GADM 4.1,SJM,include,2,
SK,GADM 4.1,SVK,include,2,
SL,GADM 4.1,SLE,include,2,
SM,GADM 4.1,SMR,include,2,
SN,GADM 4.1,SEN,include,2,
SO,GADM 4.1,SOM,include,2,
SR,GADM 4.1,SUR,include,2,
SS,GADM 4.1,SSD,include,2,
ST,GADM 4.1,STP,include,2,
SV,GADM 4.1,SLV,include,2,
SX,GADM 4.1,SXM,include,2,
SY,GADM 4.1,SYR,include,2,
SZ,GADM 4.1,SWZ,include,2,
TC,GADM 4.1,TCA,include,2,
TD,GADM 4.1,TCD,include,2,
TF,custom geometry,bassas-da-india.geojson,include,1,
TF,custom geometry,europa-island.geojson,include,1,
TF,custom geometry,glorioso-islands.geojson,include,1,
TF,custom geometry,juan-de-nova.geojson,include,1,
TF,GADM 4.1,ATF,include,2,
TG,GADM 4.1,TGO,include,2,
TH,GADM 4.1,THA,include,2,
TJ,GADM 4.1,TJK.2_1,exclude,2,
TJ,GADM 4.1,TJK,include,2,
TK,GADM 4.1,TKL,include,2,
TL,GADM 4.1,TLS,include,2,
TM,GADM 4.1,TKM,include,2,
TN,GADM 4.1,TUN,include,2,
TO,GADM 4.1,TON,include,2,
TR,GADM 4.1,TUR,include,2,
TT,GADM 4.1,TTO,include,2,
TV,GADM 4.1,TUV,include,2,
TW,GADM 4.1,TWN.1_1,exclude,2,
TW,GADM 4.1,TWN.7.10_1,exclude,2,
TW,GADM 4.1,TWN,include,2,
TZ,GADM 4.1,TZA.18_1,exclude,2,
TZ,GADM 4.1,TZA.19_1,exclude,2,
TZ,GADM 4.1,TZA.28_1,exclude,2,
TZ,GADM 4.1,TZA.29_1,exclude,2,
TZ,GADM 4.1,TZA.30_1,exclude,2,
TZ,GADM 4.1,TZA,include,2,
UA,GADM 4.1,UKR.20_1,exclude,2,
UA,GADM 4.1,UKR.4_1,exclude,2,
UA,GADM 4.1,UKR,include,2,
UG,GADM 4.1,UGA,include,2,
UM,custom geometry,wake.geojson,include,1,
UM,GADM 4.1,UMI,include,2,
US,GADM 4.1,USA,include,2,
UY,GADM 4.1,URY,include,2,
UZ,GADM 4.1,UZB,include,2,
VA,GADM 4.1,VAT,include,2,
VC,GADM 4.1,VCT,include,2,
VE,custom geometry,bird-island.geojson,include,1,
VE,GADM 4.1,VEN,include,2,
VG,GADM 4.1,VGB,include,2,
VI,GADM 4.1,VIR,include,2,
VN,GADM 4.1,VNM.33.11_1,exclude,2,
VN,GADM 4.1,VNM,include,2,
VU,GADM 4.1,VUT,include,2,
WF,GADM 4.1,WLF,include,2,
WS,GADM 4.1,WSM,include,2,
YE,GADM 4.1,YEM,include,2,
YT,GADM 4.1,MYT,include,2,
ZA,GADM 4.1,ZAF,include,2,
ZM,GADM 4.1,ZMB,include,2,
ZW,GADM 4.1,ZWE,include,2,
area/abkhazia,GADM 4.1,GEO.1_1,include,2,
area/abyei,GADM 4.1,SDN.17.1_1,include,2,
area/akrotiri-dhekelia,GADM 4.1,XAD,include,2,
area/aksai-chin,GADM 4.1,Z03,include,2,
area/armistice-no-mans-lands,custom geometry,armistice-no-mans-lands.geojson,include,1,IL PS
area/arunachal-pradesh,GADM 4.1,Z07,include,2,
area/azad-kashmir,GADM 4.1,Z06.1_1,include,2,
area/baikonur,custom geometry,baikonur.geojson,include,1,KZ
area/bir-tawil,custom geometry,bir-tawil.geojson,include,1,EG SD
area/ceuta,GADM 4.1,ESP.7.1_1,include,2,
area/crimea,GADM 4.1,UKR.20_1,include,2,
area/crimea,GADM 4.1,UKR.4_1,include,2,
area/cyprus-buffer-zone,custom geometry,cyprus-buffer-zone.geojson,include,1,CY area/northern-cyprus
area/east-jerusalem,custom geometry,east-jerusalem.geojson,include,1,PS IL
area/gilgit-baltistan,GADM 4.1,Z06.6_1,include,2,
area/golan-heights,GADM 4.1,ISR.1_1,include,2,
area/gornja-siga,custom geometry,gornja-siga.geojson,include,1,HR RS
area/guantanamo-bay,custom geometry,guantanamo-bay.geojson,include,1,CU
area/ilemi-triangle,custom geometry,ilemi-triangle.geojson,include,1,KE SS
area/indian-jammu-kashmir-ladakh,custom geometry,demchok.geojson,include,1,CN rule/cn-tibet
area/indian-jammu-kashmir-ladakh,custom geometry,siachen.geojson,include,1,area/gilgit-baltistan
area/indian-jammu-kashmir-ladakh,GADM 4.1,Z01,include,2,
area/kinmen-matsu,GADM 4.1,TWN.1_1,include,2,
area/koalou,custom geometry,koalou.geojson,include,1,BJ BF
area/korean-dmz,custom geometry,korean-dmz.geojson,include,1,KR KP
area/kosovo,GADM 4.1,XKO,include,2,
area/kuril-islands,custom geometry,kuril-islands.geojson,include,1,RU
area/melilla,GADM 4.1,ESP.7.2_1,include,2,
area/northern-cyprus,GADM 4.1,ZNC,include,2,
area/olivenza,GADM 4.1,ESP.11.1.8.4_1,include,2,
area/olivenza,GADM 4.1,ESP.11.1.8.5_1,include,2,
area/paracel-islands,GADM 4.1,XPI,include,2,
area/shebaa-farms,custom geometry,shebaa-farms.geojson,include,1,LB
area/somaliland,custom geometry,somaliland.geojson,include,1,SO
area/south-ossetia,custom geometry,south-ossetia.geojson,include,1,GE
area/spratly-islands,GADM 4.1,XSP,include,2,
area/transnistria,GADM 4.1,MDA.36_1,include,2,
area/transnistria,GADM 4.1,MDA.4_1,include,2,
area/undof-zone,custom geometry,undof-zone.geojson,include,1,SY area/golan-heights
area/western-sahara-moroccan-controlled,custom geometry,western-sahara-moroccan-controlled.geojson,include,1,EH
rule/au-macquarie-island,GADM 4.1,AUS.9.22_1,include,2,
rule/az-nakhchivan,GADM 4.1,AZE.7_1,include,2,
rule/cl-rapa-nui,GADM 4.1,CHL.16.1_1,include,2,
rule/cn-hainan,GADM 4.1,CHN.9_1,include,2,
rule/cn-tibet,GADM 4.1,CHN.29_1,include,2,
rule/co-san-andres,GADM 4.1,COL.27_1,include,2,
rule/ec-galapagos,GADM 4.1,ECU.9_1,include,2,
rule/fr-clipperton,GADM 4.1,XCL,include,2,
rule/gr-mount-athos,GADM 4.1,GRC.2_1,include,2,
rule/in-lakshadweep,GADM 4.1,IND.18.1.4_1,exclude,2,
rule/in-lakshadweep,GADM 4.1,IND.18_1,include,2,
rule/in-manipur,GADM 4.1,IND.21_1,include,2,
rule/in-minicoy-maldivians,GADM 4.1,IND.18.1.4_1,include,2,
rule/in-mizoram,GADM 4.1,IND.23_1,include,2,
rule/in-nagaland,GADM 4.1,IND.24_1,include,2,
rule/in-sikkim,GADM 4.1,IND.30_1,include,2,
rule/iq-kurdistan,GADM 4.1,IRQ.12_1,include,2,
rule/iq-kurdistan,GADM 4.1,IRQ.6_1,include,2,
rule/iq-kurdistan,GADM 4.1,IRQ.7_1,include,2,
rule/kr-jeju,GADM 4.1,KOR.12_1,include,2,
rule/my-labuan,GADM 4.1,MYS.5_1,include,2,
rule/my-sabah,GADM 4.1,MYS.13_1,include,2,
rule/my-sarawak,GADM 4.1,MYS.14_1,include,2,
rule/ru-chukotka,GADM 4.1,RUS.12_1,include,2,
rule/sh-ascension,GADM 4.1,SHN.1_1,include,2,
rule/sh-saint-helena,GADM 4.1,SHN.2_1,include,2,
rule/sh-tristan-da-cunha,GADM 4.1,SHN.3_1,include,2,
rule/sj-jan-mayen,GADM 4.1,SJM.1_1,include,2,
rule/tj-gbao,GADM 4.1,TJK.2_1,include,2,
rule/tw-penghu,GADM 4.1,TWN.7.10_1,include,2,
rule/tz-zanzibar,GADM 4.1,TZA.18_1,include,2,
rule/tz-zanzibar,GADM 4.1,TZA.19_1,include,2,
rule/tz-zanzibar,GADM 4.1,TZA.28_1,include,2,
rule/tz-zanzibar,GADM 4.1,TZA.29_1,include,2,
rule/tz-zanzibar,GADM 4.1,TZA.30_1,include,2,
rule/vn-phu-quoc,GADM 4.1,VNM.33.11_1,include,2,
rule/ye-socotra,custom geometry,ye-socotra.geojson,include,1,YE
