place,region,donors,rank,whose_line,publisher,source_url,version_or_date,feature_id,licence,file,notes
armistice-no-mans-lands,area/armistice-no-mans-lands,IL;PS,2,the 1949 Israel–Jordan armistice lines (limits of the no-man's-lands) as drawn by the US Department of State,"US Department of State, Office of the Geographer and Global Issues (World Polygons, high-resolution layer DoS_WP_11_4)",https://data.geodata.state.gov/WorldPolygons.zip,"World Polygons 11.4 BETA, 2025-02-24; read 2026-10-04",DoS_WP_11_4 fid 216; 217; 204,"US government work, not subject to US copyright (17 U.S.C. § 105)",armistice-no-mans-lands.geojson,"Union of DoS 'No Man's Land' x2 (Latrun, Jerusalem; LSIB label '1949 Armistice Line') and 'Mt. Scopus South'; one DoS feature also has a 0.01 km² part at about 35.495°E 32.401°N, outside the three places. The Mount Scopus enclave itself (about 1.0 km²) is not a separate DoS feature (it is a part of DoS's 'Israel' polygon), so it is missing here; Natural Earth's 'Mount Scopus' feature included it. Owner to decide (see README)."
baikonur,area/baikonur,KZ,4,Natural Earth editors,Natural Earth (ne_10m_admin_0_disputed_areas),https://raw.githubusercontent.com/nvkelso/natural-earth-vector/v5.1.2/geojson/ne_10m_admin_0_disputed_areas.geojson,v5.1.2 (git tag); read 2026-10-04,NE_ID 1159320965,public domain,baikonur.geojson,"No published outline of the lease area found: DoS World Polygons has none (inside 'Kazakhstan'); OpenStreetMap has only the city (relation 5295657, 38 km²) and the cosmodrome land use (relation 6725906, 2,743 km²); HDX COD-AB Kazakhstan is from OSM via UNHCR, not a party's dataset."
bajo-nuevo,CO,,3,OpenStreetMap mappers (coastline),OpenStreetMap contributors,https://www.openstreetmap.org/way/335569980,snapshot 2026-10-04T06:57:51Z (Overpass attic query); way 335569980 v2 (2024-12-07T18:37:11Z),way 335569980,ODbL 1.0,bajo-nuevo.geojson,"Natural Earth's names are swapped: its 'Bajo Nuevo Bank (Petrel Is.)' (NE_ID 1159320425) lies at Serranilla Bank (about 79.8°W) and its 'Serranilla Bank' (1159321245) at Bajo Nuevo (about 78.6°W), where OSM maps 'Cayo Bajo Nuevo'. The membership row of NE_ID 1159320425 should point to this file's twin serranilla.geojson and vice versa. DoS has the cays only as parts of 'Colombia'."
bassas-da-india,TF,,2,"the coastline (uncontested), as drawn by the US Department of State","US Department of State, Office of the Geographer and Global Issues (World Polygons, high-resolution layer DoS_WP_11_4)",https://data.geodata.state.gov/WorldPolygons.zip,"World Polygons 11.4 BETA, 2025-02-24; read 2026-10-04",DoS_WP_11_4 fid 26,"US government work, not subject to US copyright (17 U.S.C. § 105)",bassas-da-india.geojson,Natural Earth's polygon does not overlap DoS's.
bhutan-china-north,BT,CN;rule/cn-tibet,3,OpenStreetMap mappers: the Bhutan-controlled part of the northern Bhutan–China disputed area ('Bhutan Actually Control Baiyu Area'),OpenStreetMap contributors,https://www.openstreetmap.org/relation/11789426,snapshot 2026-10-04T06:57:51Z (Overpass attic query); relation 11789426 v32 (2026-06-23T12:42:13Z),relation 11789426,ODbL 1.0,bhutan-china-north.geojson,"Contradiction: Natural Earth's 'Bhutan (northwest valleys)' (1,237 km², 89.8–90.6°E) lies where DoS has China (1,227 km²) and overlaps none of OSM's Bhutan–China disputed areas. This file takes OSM's polygon for Bhutan-held disputed land in the north (claimed_by CN, controlled_by BT; part of 'Beyul'). That it is the register's Pasamlung/Jakarlung is not verified. It lies wholly in GADM's Bhutan, so it moves no land: the 1,220 km² of Tibet that Natural Earth's polygon gave to BT stay with Tibet."
biot,IO,,2,"the coastline (uncontested), as drawn by the US Department of State","US Department of State, Office of the Geographer and Global Issues (World Polygons, high-resolution layer DoS_WP_11_4)",https://data.geodata.state.gov/WorldPolygons.zip,"World Polygons 11.4 BETA, 2025-02-24; read 2026-10-04",DoS_WP_11_4 fid 41,"US government work, not subject to US copyright (17 U.S.C. § 105)",biot.geojson,"The whole British Indian Ocean Territory (all atolls, with Diego Garcia); Natural Earth's disputed-area feature had the northern atolls only. Region IO also takes GADM's IOT units."
bir-tawil,area/bir-tawil,EG;SD,2,"the political boundary, which Egypt asserts, and the administrative boundary, which Sudan asserts, as drawn by the US Department of State (LSIB 'International Boundary' and 'Administrative Boundary')","US Department of State, Office of the Geographer and Global Issues (World Polygons, high-resolution layer DoS_WP_11_4)",https://data.geodata.state.gov/WorldPolygons.zip,"World Polygons 11.4 BETA, 2025-02-24; read 2026-10-04",DoS_WP_11_4 fid 33,"US government work, not subject to US copyright (17 U.S.C. § 105)",bir-tawil.geojson,"Rank 2 on the reading that the parties dispute which of the two lines is the boundary, not where each runs (register: Egypt asserts the political, Sudan the administrative boundary); that neither disputes their position is not verified. OpenStreetMap relation 3335661 differs by about 22 km² from it."
bird-island,VE,,3,OpenStreetMap mappers (coastline),OpenStreetMap contributors,https://www.openstreetmap.org/relation/11592431,snapshot 2026-10-04T06:57:51Z (Overpass attic query); relation 11592431 v9 (2026-01-25T14:53:27Z),relation 11592431,ODbL 1.0,bird-island.geojson,DoS has the island only as a part of 'Venezuela'; HDX COD-AB Venezuela (INE) has no unit there.
cyprus-buffer-zone,area/cyprus-buffer-zone,CY;area/northern-cyprus,3,OpenStreetMap mappers,OpenStreetMap contributors,https://www.openstreetmap.org/relation/3263909,snapshot 2026-10-04T06:57:51Z (Overpass attic query); relation 3263909 v166 (2026-03-28T14:40:11Z),relation 3263909,ODbL 1.0,cyprus-buffer-zone.geojson,No party's or UN dataset of the 1974 ceasefire lines found (DoS World Polygons has the zone inside 'Cyprus'; the UNFICYP map is not open data). The relation runs into the sea at both ends and overlaps GADM's Akrotiri and Dhekelia by about 1.7 km²; the consumer's clip to the donors' land removes both.
demchok,area/demchok,CN;rule/cn-tibet;area/indian-jammu-kashmir-ladakh,3,OpenStreetMap mappers: the part of the Demchok sector controlled by India (west of the Line of Actual Control),OpenStreetMap contributors,https://www.openstreetmap.org/relation/9823095,snapshot 2026-10-04T06:57:51Z (Overpass attic query); relation 9823095 v6 (2026-09-11T06:59:38Z),relation 9823095,ODbL 1.0,demchok.geojson,"Contradiction with the canon's input: custom_assignments gives Natural Earth's whole 'Demchok' (2,268 km², 'Admin. by India') to India's region, but the register says each side holds its side of the LAC, and DoS (fid 78) and OSM (relation 2713466) draw the whole disputed sector at about 1,474 km². This file takes OSM's India-controlled 'Demchok Western Sector' (claimed_by CN, controlled_by IN). The LAC is not a line both parties state (R047). Alternative: relation 2713466 (whole sector). Since D063 (2026-10-04) Demchok is a region of its own (inhabited; China’s point of view differs)."
dokdo,KR,,2,"the coastline (uncontested), as drawn by the US Department of State","US Department of State, Office of the Geographer and Global Issues (World Polygons, high-resolution layer DoS_WP_11_4)",https://data.geodata.state.gov/WorldPolygons.zip,"World Polygons 11.4 BETA, 2025-02-24; read 2026-10-04",DoS_WP_11_4 fid 173,"US government work, not subject to US copyright (17 U.S.C. § 105)",dokdo.geojson,DoS 'Liancourt Rocks'.
doumeira-island,ER,,2,"the coastline (uncontested), as drawn by the US Department of State","US Department of State, Office of the Geographer and Global Issues (World Polygons, high-resolution layer DoS_WP_11_4)",https://data.geodata.state.gov/WorldPolygons.zip,"World Polygons 11.4 BETA, 2025-02-24; read 2026-10-04",DoS_WP_11_4 fid 86,"US government work, not subject to US copyright (17 U.S.C. § 105)",doumeira-island.geojson,DoS 'Doumeira Islands' has two parts (the island and an islet).
east-jerusalem,area/east-jerusalem,PS;IL,4,Natural Earth editors,Natural Earth (ne_10m_admin_0_disputed_areas),https://raw.githubusercontent.com/nvkelso/natural-earth-vector/v5.1.2/geojson/ne_10m_admin_0_disputed_areas.geojson,v5.1.2 (git tag); read 2026-10-04,NE_ID 1746265961,public domain,east-jerusalem.geojson,"Two parties, two lines (register: Israel's position follows the extended municipal boundary, the Palestinian one the 1949 Agreements); not chosen here. Neither is available as a polygon of East Jerusalem: HDX COD-AB Palestine has only the whole Jerusalem governorate (344.5 km²); OpenStreetMap relation 1381350 is the whole Israeli municipality. Natural Earth kept until the owner decides."
europa-island,TF,,2,"the coastline (uncontested), as drawn by the US Department of State","US Department of State, Office of the Geographer and Global Issues (World Polygons, high-resolution layer DoS_WP_11_4)",https://data.geodata.state.gov/WorldPolygons.zip,"World Polygons 11.4 BETA, 2025-02-24; read 2026-10-04",DoS_WP_11_4 fid 96,"US government work, not subject to US copyright (17 U.S.C. § 105)",europa-island.geojson,
glorioso-islands,TF,,2,"the coastline (uncontested), as drawn by the US Department of State","US Department of State, Office of the Geographer and Global Issues (World Polygons, high-resolution layer DoS_WP_11_4)",https://data.geodata.state.gov/WorldPolygons.zip,"World Polygons 11.4 BETA, 2025-02-24; read 2026-10-04",DoS_WP_11_4 fid 113,"US government work, not subject to US copyright (17 U.S.C. § 105)",glorioso-islands.geojson,Natural Earth's polygon does not overlap DoS's.
gornja-siga,area/gornja-siga,HR;RS,3,OpenStreetMap mappers,OpenStreetMap contributors,https://www.openstreetmap.org/relation/16381727,snapshot 2026-10-04T06:57:51Z (Overpass attic query); relation 16381727 v11 (2026-03-05T23:00:50Z),relation 16381727,ODbL 1.0,gornja-siga.geojson,"Neither Croatia's nor Serbia's official boundary data was checked. The relation is a multipolygon tagged only with its name and Wikidata id. GADM puts about 4.1 km² of it in Croatia and 1.8 km² in Serbia, hence both donors."
guantanamo-bay,area/guantanamo-bay,CU,2,"the 1903 lease boundary as drawn by the US Department of State (LSIB 'Special Line', note 'US Naval Base Guantanamo Bay')","US Department of State, Office of the Geographer and Global Issues (World Polygons, high-resolution layer DoS_WP_11_4)",https://data.geodata.state.gov/WorldPolygons.zip,"World Polygons 11.4 BETA, 2025-02-24; read 2026-10-04",DoS_WP_11_4 fid 300,"US government work, not subject to US copyright (17 U.S.C. § 105)",guantanamo-bay.geojson,"The United States is the lessee, so DoS is also a party here; ranked 2 rather than 1 because the dataset disclaims being the US view ('should not be relied upon as a representation of the views of the United States'), and D062 names a DoS lease boundary as its rank-2 example. Cuba's line not found (HDX COD-AB Cuba is from GADM)."
halaib-triangle,EG,SD,2,"the political boundary, which Egypt asserts, and the administrative boundary, which Sudan asserts, as drawn by the US Department of State (LSIB 'International Boundary' and 'Administrative Boundary')","US Department of State, Office of the Geographer and Global Issues (World Polygons, high-resolution layer DoS_WP_11_4)",https://data.geodata.state.gov/WorldPolygons.zip,"World Polygons 11.4 BETA, 2025-02-24; read 2026-10-04",DoS_WP_11_4 fid 125,"US government work, not subject to US copyright (17 U.S.C. § 105)",halaib-triangle.geojson,"Rank 2 read as for Bir Tawil. HDX COD-AB Egypt (CAPMAS) has a markaz 'Halayib' (7,544 km²), not the triangle. OSM relation 4081614 agrees closely."
hans-island,GL,,2,"the coastline (uncontested), as drawn by the US Department of State","US Department of State, Office of the Geographer and Global Issues (World Polygons, high-resolution layer DoS_WP_11_4)",https://data.geodata.state.gov/WorldPolygons.zip,"World Polygons 11.4 BETA, 2025-02-24; read 2026-10-04",DoS_WP_11_4 fid 126,"US government work, not subject to US copyright (17 U.S.C. § 105)",hans-island.geojson,"Contradiction: the register says the island has been split between Canada and Denmark (Greenland) since 14 June 2022 by a 1,280 m border; the canon gives the whole island to GL. DoS 11.4 still has one 'Hans Island' polygon."
ilemi-triangle,area/ilemi-triangle,KE;SS,2,"the Kenya–South Sudan administrative and provisional boundaries bounding the triangle, as drawn by the US Department of State","US Department of State, Office of the Geographer and Global Issues (World Polygons, high-resolution layer DoS_WP_11_4)",https://data.geodata.state.gov/WorldPolygons.zip,"World Polygons 11.4 BETA, 2025-02-24; read 2026-10-04",DoS_WP_11_4 fid 135; 136,"US government work, not subject to US copyright (17 U.S.C. § 105)",ilemi-triangle.geojson,"Union of DoS 'Ilemi Triangle (Kenya)' and 'Ilemi Triangle (South Sudan)', bounded by lines LSIB labels 'Administrative Boundary' and 'Provisional Boundary'. Rank 2 on the same reading as Bir Tawil, not verified. OpenStreetMap relation 192797 is a different line (differs by about 1,000 km²). HDX COD-AB Kenya is 'not an official administrative layer from the National authorities'."
juan-de-nova,TF,,2,"the coastline (uncontested), as drawn by the US Department of State","US Department of State, Office of the Geographer and Global Issues (World Polygons, high-resolution layer DoS_WP_11_4)",https://data.geodata.state.gov/WorldPolygons.zip,"World Polygons 11.4 BETA, 2025-02-24; read 2026-10-04",DoS_WP_11_4 fid 153,"US government work, not subject to US copyright (17 U.S.C. § 105)",juan-de-nova.geojson,
kalapani,area/kalapani,NP;IN,3,OpenStreetMap mappers: the extent of Nepal's claim beyond India's line,OpenStreetMap contributors,https://www.openstreetmap.org/relation/13559363,snapshot 2026-10-04T06:57:51Z (Overpass attic query); relation 13559363 v20 (2026-10-02T12:31:36Z),relation 13559363,ODbL 1.0,kalapani.geojson,"Two parties, two lines: Nepal's claim and India's line; neither found as data. HDX COD-AB Nepal (Survey Department) does not follow Nepal's claim (it holds 66 of these 410 km²). DoS's 'Kalapani' (60 km²) is DoS's own line, not agreed, so not rank 2. Natural Earth's 'Near Om Parvat' (60 km²) is a different, smaller object. Since D063 (2026-10-04) Kalapani is a region of its own (inhabited; Nepal’s point of view puts it in Nepal)."
koalou,area/koalou,BJ;BF,1,Burkina Faso's national outline (IGB) and Benin's (SALB/OCHA): the land both include,derived in this repository (D061) from OCHA COD-AB admin-0 of Burkina Faso and Benin on HDX,https://data.humdata.org/dataset/cod-ab-bfa; https://data.humdata.org/dataset/cod-ab-ben,Burkina Faso v03 valid_on 2025-08-01; Benin v01 valid_on 2019-08-16; read 2026-10-04,intersection polygon containing OSM node 3813587874,CC BY-IGO,koalou.geojson,"Kept as accepted (D061); not rebuilt, its sha256 is checked. DoS World Polygons' 'Koalou / Kourou' (7.7 km²) lies almost wholly inside it."
korean-dmz,area/korean-dmz,KR;KP,2,the 1953 Korean Armistice Military Demarcation Line and the DMZ limits as drawn by the US Department of State,"US Department of State, Office of the Geographer and Global Issues (World Polygons, high-resolution layer DoS_WP_11_4)",https://data.geodata.state.gov/WorldPolygons.zip,"World Polygons 11.4 BETA, 2025-02-24; read 2026-10-04",DoS_WP_11_4 fid 82; 83,"US government work, not subject to US copyright (17 U.S.C. § 105)",korean-dmz.geojson,"Union of DoS 'DMZ - North Korea' and 'DMZ - South Korea' (LSIB labels 'Military Demarcation Line', 'DMZ'). Natural Earth's two halves were about 2.5 times as wide."
kuril-islands,area/kuril-islands,RU,3,OpenStreetMap mappers: the four island groups Japan claims (relation cites Japan's Ministry of Foreign Affairs),OpenStreetMap contributors,https://www.openstreetmap.org/relation/14102287,snapshot 2026-10-04T06:57:51Z (Overpass attic query); relation 14102287 v11 (2023-08-25T09:41:50Z),relation 14102287,ODbL 1.0,kuril-islands.geojson,"DoS has the islands only as parts of its 'Japan' polygon (no separate feature), so not used. Japan's or Russia's official data not checked."
matthew-hunter,NC,,2,"the coastline (uncontested), as drawn by the US Department of State","US Department of State, Office of the Geographer and Global Issues (World Polygons, high-resolution layer DoS_WP_11_4)",https://data.geodata.state.gov/WorldPolygons.zip,"World Polygons 11.4 BETA, 2025-02-24; read 2026-10-04",DoS_WP_11_4 fid 133,"US government work, not subject to US copyright (17 U.S.C. § 105)",matthew-hunter.geojson,Natural Earth's polygons do not overlap DoS's.
mbanie,GQ,GA,2,"the coastline (uncontested), as drawn by the US Department of State","US Department of State, Office of the Geographer and Global Issues (World Polygons, high-resolution layer DoS_WP_11_4)",https://data.geodata.state.gov/WorldPolygons.zip,"World Polygons 11.4 BETA, 2025-02-24; read 2026-10-04",DoS_WP_11_4 fid 70,"US government work, not subject to US copyright (17 U.S.C. § 105)",mbanie.geojson,DoS names the feature 'Corisco Bay Islands' but it is one polygon at Mbanié (OSM relation 17877330 'Île Mbanié'). Resolved: the land goes to Equatorial Guinea under D048 (the ICJ ruling of 19 May 2025 is an accepted ruling); before that: the register says the International Court of Justice found in 2025 that the territory belongs to Equatorial Guinea and that Gabon was to remove its presence; the canon gives it to GA.
penon-de-alhucemas,ES,,3,OpenStreetMap mappers (coastline),OpenStreetMap contributors,https://www.openstreetmap.org/way/8692684,snapshot 2026-10-04T06:57:51Z (Overpass attic query); way 8692684 v25 (2025-12-22T21:16:58Z),way 8692684,ODbL 1.0,penon-de-alhucemas.geojson,"Only the Peñón itself, as Natural Earth's feature; the neighbouring Isla de Tierra and Isla de Mar (OSM ways 8692720, 8692779) are not included. DoS has it only inside 'Spain (Plazas de Soberania)' with the other plazas."
rincon-de-artigas,area/rincon-de-artigas,BR,4,Natural Earth editors,Natural Earth (ne_10m_admin_0_disputed_areas),https://raw.githubusercontent.com/nvkelso/natural-earth-vector/v5.1.2/geojson/ne_10m_admin_0_disputed_areas.geojson,v5.1.2 (git tag); read 2026-10-04,NE_ID 1159320443,public domain,rincon-de-artigas.geojson,Region since D063 (inhabited line dispute; Natural Earth points of view differ). No higher-ranked outline searched yet.
rockall,GB,,3,OpenStreetMap mappers (coastline),OpenStreetMap contributors,https://www.openstreetmap.org/way/1339962684,snapshot 2026-10-04T06:57:51Z (Overpass attic query); way 1339962684 v8 (2026-09-03T07:41:58Z),way 1339962684,ODbL 1.0,rockall.geojson,DoS has Rockall only as a part of 'United Kingdom'.
sapodilla-cayes,BZ,,2,"the coastline (uncontested), as drawn by the US Department of State","US Department of State, Office of the Geographer and Global Issues (World Polygons, high-resolution layer DoS_WP_11_4)",https://data.geodata.state.gov/WorldPolygons.zip,"World Polygons 11.4 BETA, 2025-02-24; read 2026-10-04",DoS_WP_11_4 fid 253,"US government work, not subject to US copyright (17 U.S.C. § 105)",sapodilla-cayes.geojson,Natural Earth's polygon is offset from DoS's and does not overlap it.
scarborough-shoal,CN,,2,"the coastline (uncontested), as drawn by the US Department of State","US Department of State, Office of the Geographer and Global Issues (World Polygons, high-resolution layer DoS_WP_11_4)",https://data.geodata.state.gov/WorldPolygons.zip,"World Polygons 11.4 BETA, 2025-02-24; read 2026-10-04",DoS_WP_11_4 fid 255,"US government work, not subject to US copyright (17 U.S.C. § 105)",scarborough-shoal.geojson,Natural Earth's polygon lies about 9 km west of DoS's 'Scarborough Reef'.
senkaku,JP,,2,"the coastline (uncontested), as drawn by the US Department of State","US Department of State, Office of the Geographer and Global Issues (World Polygons, high-resolution layer DoS_WP_11_4)",https://data.geodata.state.gov/WorldPolygons.zip,"World Polygons 11.4 BETA, 2025-02-24; read 2026-10-04",DoS_WP_11_4 fid 257,"US government work, not subject to US copyright (17 U.S.C. § 105)",senkaku.geojson,
serranilla,CO,,3,OpenStreetMap mappers (coastline),OpenStreetMap contributors,https://www.openstreetmap.org/relation/8831214; https://www.openstreetmap.org/way/335569981; https://www.openstreetmap.org/way/1368829634; https://www.openstreetmap.org/way/1368829633,snapshot 2026-10-04T06:57:51Z (Overpass attic query); relation 8831214 v4 (2026-06-19T03:29:02Z); way 335569981 v6 (2025-03-09T19:53:25Z); way 1368829634 v3 (2026-06-19T03:05:27Z); way 1368829633 v3 (2026-06-19T02:25:33Z),relation 8831214; way 335569981; way 1368829634; way 1368829633,ODbL 1.0,serranilla.geojson,"Union of the bank's four mapped cays (Beacon Cay, East Cay, Middle Cay, Northeast Breaker). See bajo-nuevo for Natural Earth's swapped names. GADM has 0.005 km² of it in the San Andrés department (region rule/co-san-andres), not a donor."
shebaa-farms,area/shebaa-farms,LB,4,Natural Earth editors,Natural Earth (ne_10m_admin_0_disputed_areas),https://raw.githubusercontent.com/nvkelso/natural-earth-vector/v5.1.2/geojson/ne_10m_admin_0_disputed_areas.geojson,v5.1.2 (git tag); read 2026-10-04,NE_ID 1159320907,public domain,shebaa-farms.geojson,No line stated by the parties (register); the UN's 2007 definition by its former cartographer Miklos Pinther is not available as data. No DoS or OSM polygon. HDX COD-AB Lebanon was 'prepared by ITOS to match the UN GIS boundaries' and has no separate unit.
siachen,area/indian-jammu-kashmir-ladakh,area/gilgit-baltistan,3,a later Natural Earth edition (NE_ID 1746708607) imported into OpenStreetMap,OpenStreetMap contributors,https://www.openstreetmap.org/relation/13559521,snapshot 2026-10-04T06:57:51Z (Overpass attic query); relation 13559521 v10 (2026-09-03T12:38:19Z),relation 13559521,ODbL 1.0,siachen.geojson,"No agreed line exists, so DoS's 'Siachen' polygon (its own line; note 'Do not connect Line of Control lines to China') is not rank 2. The OSM relation carries ne_id 1746708607 and ne:brk_a3 B45: its outline is Natural Earth's, from an edition later than v5.1.2."
somaliland,area/somaliland,SO,3,OpenStreetMap mappers (de facto),OpenStreetMap contributors,https://www.openstreetmap.org/relation/3586169,snapshot 2026-10-04T06:57:51Z (Overpass attic query); relation 3586169 v72 (2026-03-21T21:12:06Z),relation 3586169,ODbL 1.0,somaliland.geojson,"No dataset of Somaliland's own line found. Candidate not used: the union of Somalia's five north-western 1984 regions in HDX COD-AB Somalia (Awdal, Woqooyi Galbeed, Togdheer, Sool, Sanaag), because Somalia states no Somaliland line and the union is a construction. Register: Somaliland lost a significant eastern part to SSC-Khatumo (sool-sanaag-cayn); this outline does not show that."
south-ossetia,area/south-ossetia,GE,1,"Georgia's official administrative unit 'Provisional Administration' (დროებითი ადმინისტრაცია, adm1 GE48)","National Statistics Office of Georgia, via OCHA's COD-AB on HDX (cod-ab-geo; 'modifications by OCHA')",https://data.humdata.org/dataset/3ee95199-2dfe-40fc-b9bd-b44cc8c91024/resource/e5f2125c-d2aa-49ee-a7d1-1fa27fb030df/download/geo_admin_boundaries.geojson.zip,"COD-AB Georgia v01, valid_on 2019-10-18; HDX resource last_modified 2026-01-26; read 2026-10-04",geo_admin1.geojson adm1_pcode GE48,CC BY-IGO,south-ossetia.geojson,"South Ossetia's own line (it also claims Georgian-held Truso and other gorges, register area eastern-ossetia-claim) was not found as data. OSM relation 1152717 agrees with this outline to about 100 km²."
undof-zone,area/undof-zone,SY;area/golan-heights,2,the 1974 Israel–Syria disengagement lines (UNDOF Lines A and B) as drawn by the US Department of State,"US Department of State, Office of the Geographer and Global Issues (World Polygons, high-resolution layer DoS_WP_11_4)",https://data.geodata.state.gov/WorldPolygons.zip,"World Polygons 11.4 BETA, 2025-02-24; read 2026-10-04",DoS_WP_11_4 fid 303; 304,"US government work, not subject to US copyright (17 U.S.C. § 105)",undof-zone.geojson,Union of DoS 'UNDOF Zone - Israel Sovereignty' and 'UNDOF Zone - Syria Sovereignty' (DoS splits the zone by its view of sovereignty; the union is the zone).
wake,UM,,2,"the coastline (uncontested), as drawn by the US Department of State","US Department of State, Office of the Geographer and Global Issues (World Polygons, high-resolution layer DoS_WP_11_4)",https://data.geodata.state.gov/WorldPolygons.zip,"World Polygons 11.4 BETA, 2025-02-24; read 2026-10-04",DoS_WP_11_4 fid 317,"US government work, not subject to US copyright (17 U.S.C. § 105)",wake.geojson,The United States administers Wake; DoS ranked 2 as for Guantanamo.
western-sahara-moroccan-controlled,area/western-sahara-moroccan-controlled,EH,4,Natural Earth editors,Natural Earth (ne_10m_admin_0_disputed_areas),https://raw.githubusercontent.com/nvkelso/natural-earth-vector/v5.1.2/geojson/ne_10m_admin_0_disputed_areas.geojson,v5.1.2 (git tag); read 2026-10-04,NE_ID 1159321037,public domain,western-sahara-moroccan-controlled.geojson,"The stated outline is the berm (register). No polygon of the Moroccan-controlled part found: HDX COD-AB Morocco and OSM's Moroccan regions cover the whole territory (Morocco's claim), DoS has no separate polygon. OSM has the SADR-held part (relation 5441968) and the berm as a line (13562307); Western Sahara minus SADR (relations 2559126 − 5441968) is a construction, not used."
ye-socotra,rule/ye-socotra,YE,1,Yemen's official governorate of Socotra (adm1 YE32),"Central Statistical Organization (CSO) of Yemen, via OCHA's COD-AB on HDX (cod-ab-yem)",https://data.humdata.org/dataset/6b2656e2-b915-4671-bfed-468d5edcd80a/resource/c79a3728-44cd-4d20-8ea4-ecfab88c1450/download/yem_admin_boundaries.geojson.zip,"COD-AB Yemen v01, valid_on 2019-11-22; HDX resource last_modified 2026-01-26; read 2026-10-04",yem_admin1.geojson adm1_pcode YE32,CC BY-IGO,ye-socotra.geojson,Replaces the planned OSM relation 5486640. Not a dispute: the outline of the governorate whose entry rule makes the region.
