"id","name","iso_code","unit_kind","rule_summary","affected_classes","regime_kind","whole_named_unit","in_force_2026","since","changed_last_10y","evidence","source_url","retrieved","notes","covered_by_registry"
"au-aboriginal-land-permits","Australia Aboriginal land permits (NT land trusts, APY Lands SA, WA reserves) (class)","AU","class_of_parcels","Entering Aboriginal land without a land-council permit is an offence (Aboriginal Land Act (NT); APY Land Rights Act 1981 (SA)).","all non-residents/non-Anangu incl. Australian citizens","permit_whole_territory","no","yes","1978 (NT); 1981 (SA)","unclear","cited_secondary","https://www.nlc.org.au/permits","2026-10-03","NLC and SA legislation appeared in search results but were not read; nt.gov.au returned 403. APY Lands is a named local-government-level area (~103,000 km2) - closest to a named unit.","no"
"au-lord-howe-island","Lord Howe Island","AU","island","Tourist numbers capped at 400 by limiting licensed beds; no entry decision on persons.","-","none","yes","yes","c. 1980s","no","cited_secondary","https://en.wikipedia.org/wiki/Lord_Howe_Island","2026-10-03","Negative: capacity regulation of accommodation, not a visitor-entry rule.","no"
"au-torres-strait-protected-zone","Torres Strait Protected Zone","AU","zone_or_band","Traditional inhabitants of 13 PNG treaty villages may enter the Protected Zone without passport or visa for traditional activities.","residents of 13 PNG treaty villages","visa_exemption","no","yes","1985 (treaty in force)","no","cited_secondary","https://en.wikipedia.org/wiki/Visa_policy_of_Australia","2026-10-03","DFAT page timed out. Zone defined by treaty coordinates and listed islands.","no"
"az-karabakh-east-zangezur","Azerbaijan 'liberated territories' (Shusha, Lachin, Aghdam, Fuzuli, Khojaly, Khankendi)","AZ","site_list","From 2025-07-23 foreigners may visit only with a permit (Yolumuz Qarabağa portal, accredited hotel or licensed tour).","all foreign nationals; citizens also need permits","permit_whole_territory","no","yes","2025-07-23 (opening); permit regime since 2020","yes","confirmed_primary","https://azerbaijan.az/en/news/16474","2026-10-03","State portal read. Before July 2025 foreigners were essentially not admitted.","no"
"az-nakhchivan","Nakhchivan Autonomous Republic","AZ","admin_unit","Iranian citizens may enter Nakhchivan without a visa for 15 days; onward travel to the rest of Azerbaijan needs a visa issued at Nakhchivan airport.","Iranian citizens","visa_exemption","yes","unclear","2019-12-01","yes","cited_secondary","https://www.azernews.az/travel/158935.html","2026-10-03","Azernews only; current status (post-2020 land-border closure) not verified. For other nationalities the national (e-)visa applies - negative.","no"
"bd-chittagong-hill-tracts","Chittagong Hill Tracts (Rangamati, Khagrachhari, Bandarban districts)","BD","admin_unit","Foreigners need prior permission from the district administration (via local operator) to enter the three hill districts.","all foreign nationals","permit_whole_territory","yes","unclear","unclear","yes","cited_secondary","https://en.wikivoyage.org/wiki/Chittagong_Hill_Tracts","2026-10-03","Sources: Wikivoyage, Daily Star ('Restrictions in CHT to go'), forum posts. No official text read. Three whole districts.","no"
"bq-bonaire-saba-sint-eustatius","Bonaire, Sint Eustatius, Saba","BQ","admin_unit","One common Caribbean-Netherlands visa policy applies to all three islands.","-","none","yes","yes","2010-10-10","no","cited_secondary","https://en.wikipedia.org/wiki/Visa_policy_of_the_Kingdom_of_the_Netherlands_in_the_Caribbean","2026-10-03","Negative: no differential found between the three islands of BQ.","no"
"br-fernando-de-noronha","Fernando de Noronha","BR","island","Visitors pay a per-day Environmental Preservation Tax (TPA); stay beyond the scheduled period needs prior authorisation of the district administration and is charged double.","all non-residents incl. Brazilians","customs_or_tax_only","yes","yes","1989 (Pernambuco Lei 10.403) / Lei 11.704","no","cited_secondary","https://www.umviajante.com.br/taxas-fernando-de-noronha-valor-preservacao-ambiental-icmbio","2026-10-03","Mostly a tax. The 'authorised stay' wording makes it borderline stay control; state law not read. No fixed legal max stay found.","no"
"br-indigenous-lands","Brazil indigenous lands (class)","BR","class_of_parcels","Entry into any indigenous land requires FUNAI authorisation (Lei 14.701/2023; IN 3/2015 for tourism visitation plans).","all non-indigenous persons, citizens and foreigners","permit_whole_territory","no","yes","1970s; Lei 14.701 of 2023-10-20","yes","confirmed_primary","https://www.gov.br/funai/pt-br/atuacao/terras-indigenas/ingresso-em-terra-indigena","2026-10-03","FUNAI page read. Land-tenure access rule, not immigration; c. 13% of Brazil.","no"
"bt-border-towns","Bhutan border towns (Phuentsholing, Gelephu, Samdrup Jongkhar)","BT","site_list","Indian citizens may move freely within the border towns; travel beyond needs an entry permit (and SDF).","Indian citizens (and regional tourists)","permit_whole_territory","no","yes","2022-09-23","yes","cited_secondary","https://en.wikipedia.org/wiki/Visa_policy_of_Bhutan","2026-10-03","Effectively: rest of Bhutan is permit territory for Indians; the free part is a short list of towns.","no"
"by-brest-grodno-zone","Brest-Grodno tourism and recreation zone","BY","zone_or_band","Citizens of listed countries may stay 15 days visa-free inside listed districts of Brest and Grodno regions with an agency document, and may not leave the zone.","citizens of c. 73 listed countries","visa_exemption","no","yes","2015/2016 separate zones; merged 2019-11","yes","confirmed_primary","https://www.belarus.by/en/travel/travel-visas/visa-free-travel-program-belarus","2026-10-03","Official portal read (summarising fetch). Scope = list of districts (Brest city + 4 districts; Grodno city + 7 districts), not whole oblasts. Largely overtaken by broader 30-day waivers but still in force.","no"
"cl-rapa-nui","Rapa Nui (Easter Island)","CL","island","Non-residents (including Chileans) are limited to a 30-day stay and must show an entry form, return ticket and accommodation.","all non-residents incl. Chilean citizens","stay_limit","yes","yes","2018","yes","cited_secondary","https://en.wikipedia.org/wiki/Easter_Island","2026-10-03","Prior sample row; not re-researched in this census. Details (Ley 21.070, 30 days) are from the earlier sample/own knowledge, not checked here. Evidence from the 2026-09-24 review, Appendix C: Chilean government notice on Law 21.070 (msgg.gob.cl).","no"
"cn-240h-transit-areas","China 240-hour visa-free transit stay areas","CN","zone_or_band","Eligible transit passengers may stay 240 h without a visa but only inside listed provinces/cities.","55-odd eligible nationalities in transit to a third country","transit_only","no","yes","2024-12-17 (240 h); earlier 72/144 h","yes","cited_secondary","https://en.wikipedia.org/wiki/Visa_policy_of_mainland_China","2026-10-03","Prior sample row; not re-researched in this census. Artefact class: transit rule with a permitted-stay area list (24 province-level units, some partial).","no"
"cn-cruise-coastal-provinces","China cruise-group visa waiver (coastal provinces + Beijing)","CN","site_list","Cruise tour groups may stay 15 days visa-free within coastal provinces and Beijing.","all nationalities in cruise tour groups","visa_exemption","no","yes","2016-10-01; expanded 2024-05-15","yes","cited_secondary","https://en.wikipedia.org/wiki/Visa_policy_of_mainland_China","2026-10-03","Area-list artefact.","no"
"cn-guilin-asean-groups","Guilin ASEAN tour-group visa waiver","CN","admin_unit","ASEAN tour groups may stay 6 days visa-free in Guilin only, entering via Guilin airport.","ASEAN nationals in approved tour groups","visa_exemption","yes","yes","2015-05","unclear","cited_secondary","https://en.wikipedia.org/wiki/Visa_policy_of_mainland_China","2026-10-03","","no"
"cn-hainan","Hainan Province","CN","admin_unit","Nationals of 59 countries may enter Hainan visa-free for 30 days and must stay within the province; foreign tour groups from HK/Macau get 144 h in Hainan.","59 listed nationalities; HK/Macau-organised foreign tour groups","visa_exemption","yes","yes","2010 (groups); 2018-05-01 (59 countries)","yes","cited_secondary","https://en.wikipedia.org/wiki/Visa_policy_of_mainland_China","2026-10-03","Prior sample row; not re-researched in this census. Wikipedia cites NIA notice (nia.gov.cn) for the 2024-07-30 144-hour group policy.","no"
"cn-hengqin","Hengqin (Guangdong-Macao In-Depth Cooperation Zone)","CN","zone_or_band","No Hengqin-only visitor entry regime found; Hengqin port was added to the 240-hour transit port list (2024-12-17).","-","none","no","unclear","-","yes","unconfirmed","https://en.nia.gov.cn/n147413/c179666/content.html","2026-10-03","Lead not confirmed: the 'second-line' regime of Hengqin is customs; multi-entry Macau-Hengqin group arrangements for mainland residents were not investigated.","no"
"cn-prd-144h-groups","Pearl River Delta 144-hour group visa-free area","CN","site_list","Tour groups organised in HK/Macau may stay 6 days visa-free within ten listed Guangdong cities.","nationals of states with PRC diplomatic relations, in HK/Macau-organised groups","visa_exemption","no","yes","unclear","unclear","cited_secondary","https://en.wikipedia.org/wiki/Visa_policy_of_mainland_China","2026-10-03","City list (Guangzhou, Shenzhen, Zhuhai, Foshan, Dongguan, Zhongshan, Jiangmen, Zhaoqing, Huizhou, Shantou).","no"
"cn-sez-visa-on-arrival","Shenzhen, Zhuhai and Xiamen SEZ visas on arrival","CN","site_list","A port visa valid only for the single city (5 days Shenzhen, 3 days Zhuhai/Xiamen).","most nationalities, minus an exclusion list","visa_requirement","yes","yes","unclear","unclear","cited_secondary","https://en.wikipedia.org/wiki/Visa_policy_of_mainland_China","2026-10-03","Each visa is scoped to a named prefecture-level city.","no"
"cn-tibet","Tibet Autonomous Region","CN","admin_unit","Foreigners need a Tibet Travel Permit, checked on boarding transport to Tibet.","all non-Chinese passport holders","permit_whole_territory","yes","yes","unclear","unclear","cited_secondary","https://en.wikipedia.org/wiki/Visa_policy_of_mainland_China","2026-10-03","Prior sample row; not re-researched in this census. ","no"
"cn-xishuangbanna-asean-groups","Xishuangbanna ASEAN tour-group visa waiver","CN","admin_unit","ASEAN tour groups may stay 6 days visa-free in Xishuangbanna only.","ASEAN nationals in approved tour groups","visa_exemption","yes","yes","2025-02-10","yes","cited_secondary","https://en.wikipedia.org/wiki/Visa_policy_of_mainland_China","2026-10-03","Xinhua 2025-02-10 cited by Wikipedia.","no"
"co-leticia","Leticia (Amazonas)","CO","site_list","Visitors pay a tourist card/fee on arrival at Leticia airport.","all visitors over 6","customs_or_tax_only","no","unclear","unclear","unclear","cited_secondary","https://en.wikipedia.org/wiki/Visa_policy_of_Colombia","2026-10-03","Municipal tourist tax, not an admission decision.","no"
"co-san-andres","Archipelago of San Andrés, Providencia and Santa Catalina","CO","admin_unit","Every non-resident, Colombians included, needs an OCCRE tourist card to enter; tourist stay is capped at 4 months per year.","all non-residents incl. Colombian citizens","stay_limit","yes","yes","1991 (Decreto 2762)","no","cited_secondary","https://www.infobae.com/colombia/2024/08/22/estos-ciudadanos-pueden-ingresar-a-san-andres-sin-tarjeta-de-turismo-pero-necesitan-portar-otro-documento/","2026-10-03","Decree text (suin-juriscol / occre.gov.co) could not be fetched (TLS error). Strong CR-W analogue of Rapa Nui/Galápagos.","no"
"cy-northern-cyprus","Northern Cyprus (TRNC)","CY","de_facto_territory","Own entry regime: free visa on arrival for 90/180 days for almost all nationalities; e-visa for some; ID-card entry for EU/Turkey; Republic of Cyprus treats entry via northern ports as illegal.","all visitors","own_visa_system","yes","yes","1983","unclear","cited_secondary","https://en.wikipedia.org/wiki/Visa_policy_of_Northern_Cyprus","2026-10-03","","yes"
"xx-akrotiri-dhekelia","Akrotiri and Dhekelia (UK Sovereign Base Areas)","CY","zone_or_band","Short visits follow Cyprus's visa policy with open land boundaries; stays over 28 days need a permit; SBA crossings to the north (Pergamos, Strovilia) are controlled by SBA authorities.","-","none","yes","yes","1960; 2004 Protocol 3","unclear","cited_secondary","https://en.wikipedia.org/wiki/Visa_policies_of_British_Overseas_Territories","2026-10-03","No ISO 3166-1 code of its own; 'CY' here is a placeholder, legally UK territory. Effectively negative for short-stay visitors.","no"
"de-busingen","Büsingen am Hochrhein","DE","admin_unit","In Swiss customs territory; no immigration differential.","-","customs_or_tax_only","yes","yes","1967","no","cited_secondary","https://en.wikipedia.org/wiki/Special_territories_of_members_of_the_European_Economic_Area","2026-10-03","Negative control.","no"
"de-heligoland","Heligoland","DE","island","Outside EU customs union and VAT area; no immigration differential.","-","customs_or_tax_only","yes","yes","long-standing","no","cited_secondary","https://en.wikipedia.org/wiki/Special_territories_of_members_of_the_European_Economic_Area","2026-10-03","Negative control.","no"
"dz-great-south-voa","Algeria 'Great South' wilayas (regularisation visa on arrival)","DZ","admin_unit","Tourists whose trip to the southern wilayas is organised by an accredited Algerian agency get a visa on arrival instead of a consular visa.","all foreign tourists using an accredited agency","visa_requirement","no","yes","2022-12","yes","confirmed_primary","https://embbudapest.mfa.gov.dz/announcements/introduction-of-regularization-visas-visas-upon-arrival-for-tourists-traveling-to-the-south-of-algeria-1","2026-10-03","Embassy (MFA) announcement read: 'exceptional and temporary'. Scope = list of southern wilayas (c. 24), itinerary-based; extension to all wilayas proposed Dec 2024 (unverified).","no"
"ec-galapagos","Galápagos Province","EC","admin_unit","All visitors must obtain a Transit Control Card (TCT); tourist stay is capped (60 days per year per earlier sample).","all non-residents incl. Ecuadorians","stay_limit","yes","yes","unclear","unclear","cited_secondary","https://en.wikipedia.org/wiki/Visa_policy_of_Ecuador","2026-10-03","Prior sample row; not re-researched in this census. Wikipedia confirms only the TCT requirement; stay cap not re-verified.","no"
"eg-south-sinai-resorts","South Sinai resorts (Sharm El Sheikh, Dahab, Nuweiba, Taba)","EG","site_list","A free 15-day entry permission stamp replaces the visa if the visitor stays within the Sinai resort strip; it is not valid for the rest of Egypt.","EU, UK, US citizens per Egyptian consulate; per Timatic all nationalities except a long exclusion list, arriving at Sharm/St Catherine/Taba airports","visa_exemption","no","yes","unclear","unclear","cited_secondary","https://en.wikipedia.org/wiki/Visa_policy_of_Egypt","2026-10-03","Scope is a coastal resort strip (Aqaba coast + St Catherine), not South Sinai Governorate as a whole. Two sources (consulate vs Timatic) disagree on who is eligible.","no"
"eh-polisario-free-zone","Polisario-controlled Western Sahara east of the berm","EH","de_facto_territory","Access only with Polisario/SADR authorisation via Tindouf (Algeria); the Moroccan-controlled part uses Moroccan entry rules.","all visitors","own_visa_system","no","unclear","1991","unclear","unconfirmed","https://en.wikipedia.org/wiki/Sahrawi_Arab_Democratic_Republic","2026-10-03","EH has its own ISO code; this is a split inside EH. No source with actual entry rules found; hostilities since Nov 2020.","yes"
"er-outside-asmara","Eritrea outside Asmara","ER","zone_or_band","Foreigners need a travel permit for any travel outside the capital.","all foreigners","permit_whole_territory","no","yes","2006","no","cited_secondary","https://en.wikivoyage.org/wiki/Eritrea","2026-10-03","Wikivoyage; US State Dept page appeared in results but was not read. Inverse scope (everything except one city).","no"
"es-canary-islands","Canary Islands","ES","admin_unit","Outside EU VAT area (IGIC); inside Schengen with no special visitor regime.","-","customs_or_tax_only","yes","yes","1986/1991","no","cited_secondary","https://en.wikipedia.org/wiki/Special_territories_of_members_of_the_European_Economic_Area","2026-10-03","Negative control.","no"
"es-ceuta","Ceuta","ES","admin_unit","Moroccan residents of Tetouan province are visa-exempt for Ceuta only; Spain keeps document checks on departures from Ceuta to the rest of Schengen.","Moroccans resident in Tetouan province; visa-required nationals on limited visas","visa_exemption","yes","unclear","1991 (Spain's Schengen accession declaration)","unclear","cited_secondary","https://en.wikipedia.org/wiki/Special_territories_of_members_of_the_European_Economic_Area","2026-10-03","EUR-Lex (Schengen Borders Code Art. 41; Declaration OJ L 239, 22.9.2000, p. 69) could not be fetched. Reported de facto suspension of the local exemption after the 2022 border reopening - unverified.","no"
"es-melilla","Melilla","ES","admin_unit","Moroccan residents of Nador province are visa-exempt for Melilla only; checks on departure to the rest of Schengen.","Moroccans resident in Nador province","visa_exemption","yes","unclear","1991","unclear","cited_secondary","https://en.wikipedia.org/wiki/Special_territories_of_members_of_the_European_Economic_Area","2026-10-03","Same as Ceuta.","no"
"fi-aland","Åland","FI","admin_unit","Outside EU VAT area; no immigration differential for visitors.","-","customs_or_tax_only","yes","yes","1995","no","cited_secondary","https://en.wikipedia.org/wiki/Åland","2026-10-03","Negative control. Note Åland has its own ISO 3166-1 code AX, so it is out of scope anyway.","no"
"fr-clipperton","Clipperton Island","FR","island","Landing and stay need prior authorisation of the High Commissioner in French Polynesia / overseas minister (Décret 2023-1182; arrêté of 2025-11-03).","everyone","permit_whole_territory","yes","yes","2008; 2023","yes","cited_secondary","https://www.outre-mer.gouv.fr/territoires/ile-de-la-passion-clipperton","2026-10-03","Légifrance arrêté of 2008-02-03 read: only delegates administration. Access-authorisation decree not read. Clipperton has no ISO 3166-1 entry (CP is exceptionally reserved); uninhabited.","no"
"ge-abkhazia","Abkhazia","GE","de_facto_territory","Own entry permit/visa unless exempt; Georgia penalises entry from Russia.","all visitors except exempt nationalities","own_visa_system","yes","yes","1993","unclear","cited_secondary","https://en.wikipedia.org/wiki/Visa_policy_of_Abkhazia","2026-10-03","","yes"
"ge-south-ossetia","South Ossetia","GE","de_facto_territory","No visas, but prior approval/invitation from South Ossetian authorities is needed; entry only via Russia.","all visitors except Russians/exempt","own_visa_system","yes","yes","2008","unclear","cited_secondary","https://en.wikipedia.org/wiki/Visa_policy_of_South_Ossetia","2026-10-03","","yes"
"gr-aegean-express-visa-islands","Greek Aegean islands 'express visa' for Turkish citizens","GR","site_list","Turkish citizens get a 7-day visa at the port valid only for the island of entry among 12 listed islands (Lesbos, Chios, Samos, Kos, Rhodes, Limnos, Leros, Kalymnos, Kastellorizo, Symi, Patmos, Samothrace).","Turkish citizens and family arriving by sea","visa_requirement","yes","yes","2024-04","yes","cited_secondary","https://news.gtp.gr/2026/04/01/greece-extends-visa-express-access-for-turkish-travelers-to-eastern-aegean-islands/","2026-10-03","Extended to April 2027 per GTP 2026-04-01. Greek MFA page returned 403. Each named island is the scope of one visa.","no"
"gr-mount-athos","Mount Athos","GR","admin_unit","Entry needs a special permit (diamonitirion); women are not admitted.","all visitors; women excluded","permit_whole_territory","yes","yes","unclear","no","cited_secondary","https://en.wikipedia.org/wiki/Mount_Athos","2026-10-03","Prior sample row; not re-researched in this census. ","no"
"id-batam-bintan-karimun","Batam, Bintan and Karimun","ID","site_list","Singapore permanent residents may enter the three islands visa-free for 4 days.","Singapore permanent residents","visa_exemption","yes","yes","2024-08-29 (Perpres 95/2024)","yes","cited_secondary","https://en.wikipedia.org/wiki/Visa_policy_of_Indonesia","2026-10-03","Prior sample row; not re-researched in this census. ","no"
"id-papua-surat-jalan","Indonesian Papua interior (Surat Keterangan Jalan)","ID","zone_or_band","Foreigners need a police travel permit (SKJ) to travel beyond the main towns (Jayapura, Sorong/Raja Ampat, Biak).","all foreigners","permit_whole_territory","no","unclear","unclear","unclear","cited_secondary","https://www.papua-explorer.com/the-papua-blog/before-going-to-papua/","2026-10-03","Tour-operator/forum sources only; no regulation located.","no"
"in-andaman-nicobar","Andaman and Nicobar Islands","IN","admin_unit","Restricted Area Permit regime; since 2018, 30 inhabited islands no longer need RAP for foreigners, the rest (incl. tribal reserves, Nicobar) still do.","all foreigners","permit_whole_territory","no","yes","1963","yes","cited_secondary","https://en.wikipedia.org/wiki/Protected_and_restricted_areas_of_India","2026-10-03","Prior sample row; not re-researched in this census. Since 2018 the rule is no longer whole-territory: 'Parts of Andaman and Nicobar Islands'.","no"
"in-arunachal-pradesh","Arunachal Pradesh","IN","admin_unit","Foreigners need a Protected Area Permit for the whole state; non-resident Indians need an Inner Line Permit.","all foreigners; non-resident Indian citizens (ILP)","permit_whole_territory","yes","yes","1958","unclear","cited_secondary","https://en.wikipedia.org/wiki/Protected_and_restricted_areas_of_India","2026-10-03","Prior sample row; not re-researched in this census. Wikipedia (citing MHA Annex VII of 2018-02-01): 'Whole of Arunachal Pradesh'.","no"
"in-ladakh-pap-areas","Ladakh protected areas (Nubra, Pangong, Tso Moriri, Dah-Hanu etc.)","IN","zone_or_band","Foreigners need a Protected Area Permit (group of 2+, via agent, max 15 days) for listed border valleys; Leh, Kargil and main highways are open.","all foreigners (Indians no longer need ILP since 2021 per guides)","permit_whole_territory","no","yes","1958","yes","cited_secondary","https://rideandfire.in/blog/protected-area-permit-ladakh-foreigners","2026-10-03","Official leh.nic.in page returned 404. Parts only; Wikipedia lists 'Parts of Ladakh' as formerly protected - partial conflict on label, not on practice.","no"
"in-lakshadweep","Lakshadweep","IN","admin_unit","Entry permit needed for all non-islanders; foreigners reportedly need a Restricted Area Permit and may visit only Agatti, Bangaram and Kadmat.","all non-residents incl. Indians; foreigners more restricted","permit_whole_territory","yes","yes","1967 (Laccadive ... Restriction on Entry and Residence Rules)","unclear","conflicted","https://en.wikipedia.org/wiki/Protected_and_restricted_areas_of_India","2026-10-03","CONFLICT: Wikipedia's PAP/RAP page lists 'All of Lakshadweep' under FORMERLY protected/restricted areas, while Wikipedia 'Visa policy of India' says 'Special permits are needed to enter Lakshadweep' and 2025 travel-agency guides describe an entry permit (epermit.utl.gov.in) for everyone. Likely both true: RAP order lifted but the UT entry-permit regulation remains. Official page not read.","no"
"in-manipur","Manipur","IN","admin_unit","Whole state is a Protected Area for foreigners (relaxed 2011-2012 onward, re-imposed per later MHA orders); ILP for Indians since 2019.","all foreigners; non-resident Indians (ILP)","permit_whole_territory","yes","unclear","1958","yes","cited_secondary","https://en.wikipedia.org/wiki/Protected_and_restricted_areas_of_India","2026-10-03","Prior sample row; not re-researched in this census. Regime toggled: excluded from PAP 2010-12-30 onward by yearly relaxations; current status after the 2024 re-imposition not verified here.","no"
"in-minicoy-maldivians","Minicoy (Lakshadweep)","IN","island","Maldivian citizens may visit Minicoy for 15 days with permission of the Indian High Commission in Malé.","Maldivian citizens","visa_exemption","yes","unclear","unclear","unclear","unconfirmed","https://en.wikipedia.org/wiki/Visa_policy_of_India","2026-10-03","Wikipedia cites a cruising blog (2017) only.","no"
"in-mizoram","Mizoram","IN","admin_unit","Whole state Protected Area for foreigners (with relaxations); ILP for Indians.","all foreigners; non-resident Indians (ILP)","permit_whole_territory","yes","unclear","1958","yes","cited_secondary","https://en.wikipedia.org/wiki/Protected_and_restricted_areas_of_India","2026-10-03","Prior sample row; not re-researched in this census. Same toggle as Manipur.","no"
"in-nagaland","Nagaland","IN","admin_unit","Whole state Protected Area for foreigners (with relaxations); ILP for Indians.","all foreigners; non-resident Indians (ILP)","permit_whole_territory","yes","unclear","1958","yes","cited_secondary","https://en.wikipedia.org/wiki/Protected_and_restricted_areas_of_India","2026-10-03","Prior sample row; not re-researched in this census. Same toggle as Manipur.","no"
"in-pap-partial-states","India: protected areas in parts of Himachal Pradesh, Uttarakhand, Rajasthan, Jammu and Kashmir","IN","zone_or_band","PAP needed for border belts inside these states.","all foreigners","permit_whole_territory","no","yes","1958","unclear","cited_secondary","https://en.wikipedia.org/wiki/Protected_and_restricted_areas_of_India","2026-10-03","Band class (inner line); not whole units.","no"
"in-sikkim","Sikkim","IN","admin_unit","Whole state is partly Protected and partly Restricted Area; foreigners need a permit.","all foreigners","permit_whole_territory","yes","yes","1958/1963","unclear","cited_secondary","https://en.wikipedia.org/wiki/Protected_and_restricted_areas_of_India","2026-10-03","Prior sample row; not re-researched in this census. 'Whole of Sikkim (partly in Protected Area and partly in Restricted Area)'.","no"
"iq-kurdistan","Kurdistan Region of Iraq","IQ","admin_unit","KRG ran its own visa/e-visa (visit.gov.krd) valid only for the Region; a federal visa is valid everywhere.","most foreign nationals","own_visa_system","yes","unclear","unclear","yes","cited_secondary","https://en.wikipedia.org/wiki/Visa_policy_of_Iraq","2026-10-03","Prior sample row; not re-researched in this census. FLAG: Wikipedia says that as of September 2025 the federal e-Visa portal is 'solely responsible' for visas incl. Kurdistan (source: Baghdad Today, Council of Ministers decision); the same page still describes a KRG e-visa. Needs re-check before relying on this row.","no"
"ir-kish","Kish Island Free Zone","IR","island","Tourists may stay 14 days on Kish without any visa.","all tourists (US/UK/Canada citizens need an escort guide)","visa_exemption","yes","unclear","unclear","unclear","cited_secondary","https://en.wikipedia.org/wiki/Visa_policy_of_Iran","2026-10-03","Wikipedia sourcing is a travel agency page dated 2022; no official Iranian source read.","no"
"ir-other-free-zones","Iran mainland free zones (Chabahar, Aras, Anzali, Arvand, Maku)","IR","site_list","Same 14-day visa-free stay within each listed free trade zone.","all tourists","visa_exemption","no","unclear","unclear","unclear","cited_secondary","https://en.wikipedia.org/wiki/Visa_policy_of_Iran","2026-10-03","Zones are parcels, not admin units; practical availability unverified.","no"
"ir-qeshm","Qeshm Island Free Zone","IR","island","Tourists may stay 14 days on Qeshm without any visa.","all tourists (same caveat)","visa_exemption","yes","unclear","unclear","unclear","cited_secondary","https://en.wikipedia.org/wiki/Visa_policy_of_Iran","2026-10-03","Same source as Kish.","no"
"it-livigno","Livigno","IT","admin_unit","Outside EU customs territory and VAT; no immigration differential.","-","customs_or_tax_only","yes","yes","long-standing","no","cited_secondary","https://en.wikipedia.org/wiki/Special_territories_of_members_of_the_European_Economic_Area","2026-10-03","Negative control. (Campione d'Italia joined the EU customs territory in 2020.)","no"
"it-sicily","Sicily","IT","admin_unit","Ordinary Italian region; no entry differential.","-","none","yes","yes","-","no","unconfirmed","https://en.wikipedia.org/wiki/Sicily","2026-10-03","Negative control; no source needed beyond absence of any special regime (absence is not proof).","no"
"jo-aqaba-aseza","Aqaba Special Economic Zone (ASEZA)","JO","zone_or_band","Visitors entering through, or registering within 48 h in, the Aqaba zone get the entry visa free of charge.","nationalities eligible for visa on arrival","customs_or_tax_only","yes","unclear","2001","unclear","unconfirmed","https://themadtraveler.com/travel-tips/the-truth-about-the-free-jordanian-visa/","2026-10-03","Only forum/blog sources found; Wikipedia 'Visa policy of Jordan' does not mention it; visitjordan.com page had no visa text. Effect is a fee waiver, not a different admission decision -> classed as fee-only.","no"
"kp-rason","Rason Special Economic Zone","KP","admin_unit","Visitors enter on a Rason entry permit instead of a DPRK visa; the permit is valid only for the zone.","all nationalities except US and ROK citizens","visa_exemption","yes","unclear","1990s","yes","cited_secondary","https://www.nknews.org/2025/01/north-korea-opens-border-city-of-rason-to-almost-all-travelers-tour-agency/","2026-10-03","NK News Jan 2025 (reopening); tourism was halted again weeks later per background knowledge - status unclear.","no"
"kp-sinuiju","Sinuiju day-trip zone","KP","site_list","Day trips from Dandong to Sinuiju without a visa.","Chinese tour groups; others via agencies","visa_exemption","no","unclear","2015","unclear","cited_secondary","https://en.wikipedia.org/wiki/Visa_policy_of_North_Korea","2026-10-03","Dead link in source; post-2020 status unknown.","no"
"kr-jeju","Jeju Province","KR","admin_unit","Most ordinary-passport holders otherwise needing a Korean visa may stay 30 days visa-free in Jeju Province only, arriving on direct international flights to Jeju.","nationals needing a visa for mainland Korea (minus an exclusion list)","visa_exemption","yes","yes","unclear","unclear","cited_secondary","https://en.wikipedia.org/wiki/Visa_policy_of_South_Korea","2026-10-03","Prior sample row; not re-researched in this census. Wikipedia text seen: 'Jeju Visa Waiver Program ... stay without a visa for 30 days in Jeju Province'; K-ETA now required.","no"
"kr-muan-groups","Jeolla provinces + Jeju (Muan airport group waiver)","KR","admin_unit","Tour groups arriving at Muan airport may stay 15 days visa-free in South Jeolla, North Jeolla and Jeju.","tour groups from listed countries","visa_exemption","yes","unclear","unclear (renewed yearly)","unclear","cited_secondary","https://en.wikipedia.org/wiki/Visa_policy_of_South_Korea","2026-10-03","Muan airport closed after the Dec 2024 crash (background knowledge) - status unclear.","no"
"kr-yangyang-groups","Gangwon Province + Seoul metropolitan area (Yangyang airport group waiver)","KR","admin_unit","Tour groups from listed countries arriving at Yangyang airport may stay 15 days visa-free in Gangwon and the Seoul metropolitan area.","tour groups from listed SE Asian countries and Mongolia","visa_exemption","yes","unclear","unclear (renewed yearly)","unclear","cited_secondary","https://en.wikipedia.org/wiki/Visa_policy_of_South_Korea","2026-10-03","Yearly-renewed pilot; airport operations uncertain.","no"
"kz-baikonur","Baikonur (city and cosmodrome)","KZ","site_list","Russian-administered closed city: entry needs a pass obtained in advance through accredited agencies/Roscosmos.","all non-residents","permit_whole_territory","yes","yes","1995 (lease)","unclear","cited_secondary","https://en.wikipedia.org/wiki/Baikonur","2026-10-03","Applies to Kazakh citizens too. Site-level.","no"
"la-golden-triangle-sez","Golden Triangle Special Economic Zone (Bokeo)","LA","zone_or_band","Visitors crossing from Chiang Saen reportedly need no Lao visa if they stay inside the zone; the checkpoint also issues visas on arrival.","foreigners entering from Thailand","visa_exemption","no","unclear","c. 2010","unclear","unconfirmed","https://en.wikipedia.org/wiki/Golden_Triangle_Special_Economic_Zone","2026-10-03","Hitchwiki/blog claims; Lao immigration site lists the checkpoint as an international VOA point. Unresolved.","no"
"lb-south-of-litani","Lebanon south of the Litani River","LB","zone_or_band","Foreigners need a Lebanese Army permit (issued in Saida) to travel south of the Litani.","all foreigners","permit_whole_territory","no","unclear","2006","unclear","unconfirmed","https://www.tripadvisor.com/ShowTopic-g294004-i2871-k8753130-Police_permission_to_visit_south_of_country-Lebanon.html","2026-10-03","Forum-level evidence only; area is in a post-war security situation.","no"
"ly-eastern-libya","Eastern Libya (Benghazi-based government)","LY","de_facto_territory","The eastern government issues its own entry decisions (e.g. visa-free for Belarusians landing at Benghazi only, May 2025).","Belarus citizens; generally all visitors (separate security approval)","own_visa_system","no","yes","2014","yes","cited_secondary","https://en.wikipedia.org/wiki/Visa_policy_of_Libya","2026-10-03","Evidence is one nationality-specific measure; boundary of control is not a named unit.","no"
"md-transnistria","Transnistria","MD","de_facto_territory","Own checkpoints issue a migration card (45 days); since 2023-04-01 Ukrainian men 18-60 need MGB permission.","all foreign visitors","separate_immigration_control","yes","yes","1992","yes","cited_secondary","https://en.wikipedia.org/wiki/Visa_policy_of_Transnistria","2026-10-03","No visa; a separate control line and stay document.","no"
"mm-wa-state","Wa State","MM","de_facto_territory","Reported to require a Wa travel pass at its own border gates; Myanmar visas reportedly not what is checked.","all outsiders","own_visa_system","yes","unclear","1989","unclear","unconfirmed","https://en.wikipedia.org/wiki/Wa_State","2026-10-03","Only a Quora answer found. Unresolved.","no"
"mx-northern-border-zone","Mexico northern border 'free zone'","MX","zone_or_band","Former practice: no FMM needed within ~20-30 km of the US border for stays under 72 h; reported ended in 2015.","US visitors","none","no","no","-","yes","unconfirmed","https://discoverbaja.com/fmm-faqs/","2026-10-03","Blog sources; some still claim the exemption. Listed as a dropped lead.","no"
"mx-southern-border-tvr","Mexico southern border states (Regional Visitor Card)","MX","admin_unit","Nationals/permanent residents of Guatemala, Belize, El Salvador and Honduras may visit Campeche, Chiapas, Tabasco, Quintana Roo and Yucatán for up to 7 days per entry on a TVR, without a visa; not valid elsewhere.","nationals and permanent residents of GT, BZ, SV, HN","visa_exemption","yes","yes","2012 (Ley de Migración regulation); 5 states","yes","confirmed_primary","https://www.gob.mx/inm/acciones-y-programas/tarjeta-de-visitante-regional-tvr","2026-10-03","INM page read (published 2022-03-03). Scope = five whole named states: a clean CR-W-type rule that would split Mexico by state group.","no"
"my-labuan","Labuan","MY","admin_unit","Federal territory inside the East Malaysian immigration regime (earlier sample).","all arrivals","separate_immigration_control","yes","unclear","unclear","unclear","unconfirmed","https://en.wikipedia.org/wiki/Labuan","2026-10-03","Prior sample row; not re-researched in this census. ","no"
"my-sabah","Sabah","MY","admin_unit","Separate state immigration control: arrivals from Peninsular Malaysia, including Malaysians, pass immigration and get a separate stay permission.","all arrivals incl. Peninsular Malaysians","separate_immigration_control","yes","yes","1963","no","cited_secondary","https://en.wikipedia.org/wiki/Sabah","2026-10-03","Prior sample row; not re-researched in this census.  Evidence from the 2026-09-24 review, Appendix C: Immigration Department of Malaysia page on internal travel documents.","no"
"my-sarawak","Sarawak","MY","admin_unit","Separate state immigration control with its own stay permission, also for Malaysians from other states.","all arrivals incl. other Malaysians","separate_immigration_control","yes","yes","1963","no","cited_secondary","https://en.wikipedia.org/wiki/Sarawak","2026-10-03","Prior sample row; not re-researched in this census.  Evidence from the 2026-09-24 review, Appendix C: Immigration Department of Malaysia page on internal travel documents.","no"
"np-restricted-areas","Nepal restricted trekking areas (Upper Mustang, Upper Dolpo, Manaslu, Humla, etc.)","NP","zone_or_band","Foreigners need a special trekking permit from the Department of Immigration for 15 listed restricted zones.","all foreigners","permit_whole_territory","no","yes","1990s","yes","confirmed_primary","https://ntb.gov.np/plan-your-trip/before-you-come/trekking-permit","2026-10-03","Nepal Tourism Board page read. Zones are defined by wards of rural municipalities, not districts. Solo-trekker rule reportedly dropped 2026-03-22 (operator blogs).","no"
"pg-bougainville","Autonomous Region of Bougainville","PG","admin_unit","No separate immigration control or permit; a PNG visa covers Bougainville.","-","none","yes","yes","-","no","cited_secondary","https://www.discoverbougainville.org/getting-here","2026-10-03","Negative for now; independence process ongoing.","no"
"pk-azad-kashmir","Azad Jammu and Kashmir","PK","admin_unit","NOC for foreigners was abolished on 2019-03-26 except within 5 miles of the Line of Control; travel guides still tell foreigners to get an NOC from the AJK Home Department.","all foreigners","permit_whole_territory","no","unclear","pre-2019; relaxed 2019-03-26","yes","conflicted","https://www.dawn.com/news/1471984","2026-10-03","CONFLICT between 2019 federal notification (Dawn, Tribune) and 2025-26 operator guidance. Not an ISO-internal unit in everyone's view (disputed territory).","no"
"pk-gilgit-baltistan","Gilgit-Baltistan","PK","admin_unit","Declared non-restricted in 2019; permits remain only for border bands (10 mi from China/Afghan borders, 5 mi from LoC, Siachen).","all foreigners","none","no","yes","2019-03-26","yes","cited_secondary","https://www.dawn.com/news/1471984","2026-10-03","After 2019 the rule is a border band, not the unit.","no"
"ps-gaza","Gaza Strip","PS","de_facto_territory","Entry to Gaza is controlled separately from the West Bank (Hamas/Israel/Egypt permits).","all visitors","permit_whole_territory","yes","unclear","2007","yes","cited_secondary","https://en.wikipedia.org/wiki/Visa_policy_of_Palestine","2026-10-03","Split inside ISO entry PS. Since Oct 2023 an emergency situation - arguably outside 'standing non-emergency rule'.","no"
"pt-azores","Azores","PT","admin_unit","EU outermost region; no entry differential.","-","none","yes","yes","-","no","cited_secondary","https://en.wikipedia.org/wiki/Special_territories_of_members_of_the_European_Economic_Area","2026-10-03","Negative control.","no"
"pt-madeira","Madeira","PT","admin_unit","EU outermost region; no entry differential.","-","none","yes","yes","-","no","cited_secondary","https://en.wikipedia.org/wiki/Special_territories_of_members_of_the_European_Economic_Area","2026-10-03","Negative control.","no"
"rs-kosovo","Kosovo","RS","de_facto_territory","Own visa policy and border control; Serbia may refuse entry from Kosovo to travellers who entered Kosovo from a third country.","all visitors","own_visa_system","yes","yes","2008","unclear","cited_secondary","https://en.wikipedia.org/wiki/Visa_policy_of_Kosovo","2026-10-03","Not in ISO 3166-1 (XK is user-assigned); placing it under RS is a modelling choice, not an ISO fact.","yes"
"ru-72h-ferry-cruise","Russia 72-hour visa-free for ferry/cruise passengers","RU","site_list","Passengers arriving by ferry/cruise at listed ports may stay 72 h visa-free within the port city under organised programmes.","all nationalities arriving by sea","visa_exemption","no","unclear","2009","unclear","cited_secondary","https://en.wikipedia.org/wiki/Visa_policy_of_Russia","2026-10-03","Port-list artefact; practical operation after 2022 unverified.","no"
"ru-border-zone","Russia border security zone (incl. Kurils, parts of Sakhalin, Arctic coast)","RU","zone_or_band","A band along the state border requires an FSB pass; foreigners must apply ~30 days ahead; on the Kurils only Yuzhno-Kurilsk, Mendeleyevo airport and Shikotan villages are reported exempt.","everyone (passes); foreigners by longer procedure","permit_whole_territory","no","yes","1993 (border law); zones redrawn 2006+","unclear","cited_secondary","https://en.wikipedia.org/wiki/Border_Security_Zone_of_Russia","2026-10-03","Band class; covers whole small units (e.g. Kuril districts) in effect.","no"
"ru-chukotka","Chukotka Autonomous Okrug","RU","admin_unit","The okrug is a 'territory with regulated entry for foreign visitors': foreigners need an FSB-coordinated authorisation plus a border-zone pass.","all foreign nationals","permit_whole_territory","yes","yes","1992 (Gov. Decree 470)","no","confirmed_primary","https://xn--80atapud1a.xn--p1ai/vlast/organy-vlasti/apparat-gubernatora-i-pravitelstva/poryadok-oformleniya-razresheniya-na-vezd/pamyatka-vyezzhayushchemu_en.php","2026-10-03","Official okrug government memo read (via summarising fetch). Wikipedia's rendering of Decree 470 says 'all except Bilibino region', so strictly not 100% of the unit. Only Russian federal subject restricted (almost) as a whole.","no"
"ru-chukotka-alaska-natives","Chukotka (Alaska Native visa-free travel)","RU","admin_unit","Indigenous Alaska residents with relatives in Chukotka may enter Chukotka visa-free for up to 90 days on invitation.","indigenous residents of Alaska (US)","visa_exemption","yes","unclear","1989 agreement; renewed 2015","unclear","cited_secondary","https://en.wikipedia.org/wiki/Visa_policy_of_Russia","2026-10-03","Status after 2022 not verified.","no"
"ru-decree-470-partial-areas","Russia: territories with regulated access for foreigners (Decree 470), other than Chukotka","RU","zone_or_band","Parts of ~17 federal subjects (Kamchatka, Primorye, Krasnoyarsk incl. Norilsk, Murmansk, Karelia, Arkhangelsk, Kaliningrad ~15%, North Ossetia ~45%, Yamal etc.) need FSB-coordinated permission.","all foreign nationals","permit_whole_territory","no","yes","1992","unclear","cited_secondary","https://en.wikipedia.org/wiki/Visa_policy_of_Russia","2026-10-03","Decree text (base.garant.ru/104408) not read. Parts of units only.","no"
"ru-former-regional-evisas","Russia former regional e-visas (Far East, Kaliningrad, St Petersburg/Leningrad Oblast)","RU","admin_unit","Regional e-visas valid only for the named federal subjects existed 2017-2020 and were replaced by a nationwide unified e-visa.","listed nationalities","visa_requirement","yes","no","2017","yes","unconfirmed","https://en.wikipedia.org/wiki/Visa_policy_of_Russia","2026-10-03","Prior sample row; not re-researched in this census. Current page describes only the unified e-visa; the regional scheme was not re-verified here.","no"
"ru-kaliningrad-restricted","Kaliningrad Oblast restricted districts (Baltiysk, Vistula Spit, parts of others)","RU","zone_or_band","Listed towns/districts are closed to foreigners without permission; transit on railways/highways is exempt.","all foreign nationals","permit_whole_territory","no","yes","1992","unclear","cited_secondary","https://visit-kaliningrad.ru/en/info/visa/inostrannye-grazhdane.php","2026-10-03","Regional tourist information centre page read; sub-case of Decree 470.","no"
"ru-saatse-boot","Saatse Boot road (Värska-Ulitina)","RU","zone_or_band","Transit by vehicle through ~1 km of Russian territory without border control; stopping or walking forbidden.","anyone driving the Estonian road","transit_only","no","unclear","1991","unclear","cited_secondary","https://en.wikipedia.org/wiki/Special_territories_of_members_of_the_European_Economic_Area","2026-10-03","Transit artefact; Estonia has been building a bypass - current status unverified.","no"
"ru-saimaa-canal","Saimaa Canal (Russian section)","RU","zone_or_band","No Russian visa needed to pass the Russian part of the canal without leaving the vessel.","vessel passengers","transit_only","no","unclear","1963; 2012 treaty","unclear","cited_secondary","https://en.wikipedia.org/wiki/Visa_policy_of_Russia","2026-10-03","Transit artefact; traffic largely stopped after 2022.","no"
"ru-zato-closed-cities","Russia closed cities (ZATO)","RU","site_list","Entry to closed administrative-territorial formations needs special authorisation for anyone not resident there; foreigners need additional clearance.","all non-residents; stricter for foreigners","permit_whole_territory","no","yes","1992 (ZATO law)","unclear","cited_secondary","https://en.wikipedia.org/wiki/Closed_city","2026-10-03","Non-territory-unit class (c. 38 ZATO). Applies to Russian citizens too, so not only an immigration rule.","no"
"sa-mecca","Mecca (haram boundary)","SA","site_list","Non-Muslims may not enter Mecca; in Medina only the Prophet's Mosque precinct is closed to them.","non-Muslims of any nationality","permit_whole_territory","yes","yes","long-standing","yes","cited_secondary","https://en.wikipedia.org/wiki/Visa_policy_of_Saudi_Arabia","2026-10-03","Class defined by religion, not nationality; a presence prohibition rather than a permit. Medina city reportedly opened to non-Muslims (2021-2023) - secondary only.","no"
"sh-ascension","Ascension Island","SH","island","All nationalities, British citizens included, need an Ascension e-visa in advance; no visa on arrival; several nationalities not issued visas.","all visitors","own_visa_system","yes","yes","e-visa 2018","yes","confirmed_primary","https://www.ascension-visas.com/faq","2026-10-03","AIG e-visa FAQ read.","no"
"sh-saint-helena","Saint Helena","SH","island","Own regime: visa-free for a long list of nationalities, entry permit on arrival.","listed nationalities","own_visa_system","yes","yes","unclear","unclear","cited_secondary","https://en.wikipedia.org/wiki/Visa_policies_of_British_Overseas_Territories","2026-10-03","Three parts of ISO SH have three regimes.","remainder"
"sh-tristan-da-cunha","Tristan da Cunha","SH","island","All visitors need prior approval of the Administrator / Island Council to land.","all visitors","permit_whole_territory","yes","yes","unclear","no","confirmed_primary","https://www.tristandc.com/visitsorganise.php","2026-10-03","Tristan Government & Association site read.","no"
"sj-jan-mayen","Jan Mayen","SJ","island","Access requires permission from Norwegian authorities (earlier sample); Svalbard, in the same ISO entry SJ, is visa-free.","all visitors","permit_whole_territory","yes","yes","unclear","unclear","unconfirmed","https://en.wikipedia.org/wiki/Jan_Mayen","2026-10-03","Prior sample row; not re-researched in this census. See sj-svalbard: one ISO code, two regimes.","no"
"sj-svalbard","Svalbard","SJ","admin_unit","Entirely visa-free for all nationalities; Schengen visa needed only to transit mainland Norway.","all nationalities","visa_exemption","yes","yes","1925 (Svalbard Treaty in force)","no","cited_secondary","https://en.wikipedia.org/wiki/Visa_policy_of_Svalbard","2026-10-03","ISO SJ = Svalbard + Jan Mayen: two different regimes inside one ISO entry.","remainder"
"so-puntland","Puntland","SO","admin_unit","Puntland rejects the federal e-visa (Sept 2025) and charges its own USD 60 visa on arrival; launched own visa system Nov 2025.","all foreign visitors","own_visa_system","yes","yes","2025-09","yes","cited_secondary","https://www.hiiraan.com/news4/2025/Nov/203532/puntland_launches_its_own_visa_system_rejecting_federal_government_s_e_visa.aspx","2026-10-03","Federal member state, not a secessionist entity; new since 2025. Sources: Hiiraan, Garowe Online, Somali Guardian.","no"
"so-somaliland","Somaliland","SO","de_facto_territory","Completely separate visa policy; visa on arrival at Hargeisa/Berbera airports; Somali federal visas/e-visas not recognised.","all visitors","own_visa_system","yes","yes","1991","yes","cited_secondary","https://en.wikipedia.org/wiki/Visa_policy_of_Somaliland","2026-10-03","Israel recognised Somaliland in Dec 2025 (from background knowledge, not checked) - ISO status unchanged.","yes"
"sy-aanes","North and East Syria (AANES/Rojava)","SY","de_facto_territory","Until 2026 entry via Semalka used an AANES permit; crossings were handed to the Syrian state and visas issued at Semalka are now national.","all foreign visitors","own_visa_system","yes","no","c. 2013","yes","cited_secondary","https://www.rudaw.net/english/middleeast/syria/18042026","2026-10-03","Rudaw 2026-04-18: Semalka under central government control. Row is a historical positive, now ended.","no"
"tj-gbao","Gorno-Badakhshan Autonomous Oblast (GBAO)","TJ","admin_unit","All foreigners need a separate GBAO permit (via e-visa or OVIR) in addition to visa/visa-free entry; checked at oblast checkpoints.","all foreigners incl. visa-free nationalities","permit_whole_territory","yes","yes","unclear","no","cited_secondary","https://en.wikipedia.org/wiki/Visa_policy_of_Tajikistan","2026-10-03","Wikipedia + Caravanistan + evisa guides agree; evisa.tj itself not read. Extra permits inside GBAO (Lake Sarez, Zorkul).","no"
"tm-restricted-zones","Turkmenistan restricted border zones (Dashoguz, Kerki, Hazar, Serakhs, Serhetabat etc.)","TM","zone_or_band","Foreigners need a special permit from the MFA/State Migration Service to visit listed border areas.","all foreigners","permit_whole_territory","no","yes","unclear","unclear","cited_secondary","https://travel.gc.ca/destinations/turkmenistan","2026-10-03","Canadian government travel advice (search snippet), not Turkmen primary law.","no"
"tw-kinmen","Kinmen County","TW","admin_unit","PRC nationals may get a 15-day entry permit on arrival if they stay only in Kinmen/Matsu/Penghu and arrive by boat at listed ports.","mainland Chinese nationals","visa_exemption","yes","yes","2015-01 (landing permits)","yes","cited_secondary","https://en.wikipedia.org/wiki/Entry_%26_Exit_Permit_for_Taiwan","2026-10-03","NIA carrier guide PDF was unreadable. PRC side limits who may go (Fujian residents; Shanghai from April 2026).","no"
"tw-matsu","Lienchiang County (Matsu)","TW","admin_unit","Same permit on arrival, valid only for the offshore counties.","mainland Chinese nationals","visa_exemption","yes","yes","2015-01","yes","cited_secondary","https://en.wikipedia.org/wiki/Entry_%26_Exit_Permit_for_Taiwan","2026-10-03","","no"
"tw-penghu","Penghu County","TW","admin_unit","Same permit on arrival, valid only for the offshore counties.","mainland Chinese nationals","visa_exemption","yes","unclear","2015-01","yes","cited_secondary","https://en.wikipedia.org/wiki/Entry_%26_Exit_Permit_for_Taiwan","2026-10-03","PRC exit endorsements currently reported only for Kinmen and Matsu.","no"
"tz-zanzibar","Zanzibar","TZ","admin_unit","Own immigration checks on arrival from the mainland; since 2024-10-01 all visitors must buy Zanzibar-specific travel insurance.","all foreign visitors","separate_immigration_control","yes","yes","1964; insurance 2024-10-01","yes","cited_secondary","https://en.wikipedia.org/wiki/Visa_policy_of_Tanzania","2026-10-03","Prior sample row; not re-researched in this census. Insurance mandate is a new territory-specific entry condition.","no"
"ua-crimea","Crimea (AR Crimea and Sevastopol)","UA","de_facto_territory","Ukrainian law: foreigners may enter only from mainland Ukraine with a special permit (CMU Resolution 367 of 2015-06-04); de facto, Russian visa rules apply.","all foreigners","own_visa_system","yes","yes","2014/2015","yes","cited_secondary","https://en.wikipedia.org/wiki/Visa_policy_of_Ukraine","2026-10-03","Ukrainian MFA consular pages exist (e.g. lithuania.mfa.gov.ua) but were not read. War-time; other Russian-occupied oblast parts are fluid and treated as emergency, not listed.","yes"
"um-minor-outlying-islands","US Minor Outlying Islands (Midway, Wake, Johnston, Palmyra etc.)","UM","class_of_parcels","Each island is closed to the public; entry needs a special use permit from US FWS and/or the US Air Force.","everyone","permit_whole_territory","yes","yes","various","unclear","cited_secondary","https://en.wikipedia.org/wiki/United_States_Minor_Outlying_Islands","2026-10-03","One ISO code, several islands, all permit-only (no differential between them that matters for visits).","no"
"us-bcc-border-zone","US Border Crossing Card zone","US","zone_or_band","Mexican BCC holders may stay up to 30 days within a border band (25 mi; 55 mi in NM; 75 mi in AZ) without an I-94.","Mexican nationals holding a BCC","stay_limit","no","yes","unclear","unclear","unconfirmed","https://en.wikipedia.org/wiki/Border_Crossing_Card","2026-10-03","Prior sample row; not re-researched in this census. Artefact class: band defined by distance from border.","no"
"us-niihau","Niihau","US","island","Privately owned; access only by owner's invitation.","-","none","yes","yes","1864","no","cited_secondary","https://en.wikipedia.org/wiki/Niihau","2026-10-03","Negative: private property, no public-law entry regime.","no"
"vn-coastal-economic-zones","Vietnam coastal economic zones (legal class behind Phu Quoc)","VN","class_of_parcels","Law 51/2019/QH14 allows visa exemption for entry into coastal economic zones that have an international airport and clear boundaries separated from the mainland, by Government decision.","all foreigners entering a designated zone","visa_exemption","no","yes","2020-07-01","yes","cited_secondary","https://english.luatvietnam.vn/law-no-51-2019-qh14-dated-november-25-2019-of-the-national-assembly-on-amending-and-supplementing-a-number-of-articles-of-the-law-on-foreigners-ent-179053-doc1.html","2026-10-03","Only Phu Quoc is known to be designated; Van Don / Con Dao not confirmed.","no"
"vn-phu-quoc","Phu Quoc Island","VN","island","All foreign visitors arriving directly from abroad may stay 30 days visa-free if they remain on Phu Quoc.","all foreign nationals","visa_exemption","yes","yes","unclear","unclear","cited_secondary","https://en.wikipedia.org/wiki/Visa_policy_of_Vietnam","2026-10-03","Prior sample row; not re-researched in this census. Legal class behind it: 2019 law amendment (Law 51/2019/QH14, in force 2020-07-01) allows visa exemption for qualifying coastal economic zones; see vn-coastal-economic-zones.","no"
"ye-socotra","Socotra Archipelago","YE","admin_unit","Tourists enter on a Socotra-only visa issued by the Socotra immigration office via a local sponsor (flights from Abu Dhabi); it is not valid for mainland Yemen.","all foreign tourists","own_visa_system","yes","yes","c. 2021","yes","cited_secondary","https://koryogroup.com/blog/how-to-get-a-visa-for-socotra-yemen","2026-10-03","Tour-operator sources only (Koryo, Against the Compass); no official text. Events of Dec 2025-Jan 2026 in southern Yemen may have changed control - not checked.","no"
