area_id,name,kind,missing,undecided
armistice-no-mans-lands,"1949 no-man's-lands (Latrun, Jerusalem) and Mount Scopus enclave",paper_claim,whether civilians live there,region or special place
bhutanese-enclaves-tibet,"Former Bhutanese enclaves in western Tibet (Darchen, Khochar and others)",occupied_or_annexed,"the UCDP conflict about the area, or a year in holder_since",whether the holder is accepted or the area is still unsettled
doi-lang,Doi Lang,,kind,everything
kafia-kingi,Kafia Kingi enclave,occupied_or_annexed,who holds the area and since when,the country it is listed under
moldauhafen,Moldauhafen and Saalehafen (Hamburg),lease_or_base,whether entry follows its own rules,region or special place
russian-ranges-kazakhstan,Russian-leased military test ranges in Kazakhstan (Sary-Shagan and others),lease_or_base,whether entry follows its own rules,region or special place
suleyman-shah-tomb,Tomb of Suleyman Shah,lease_or_base,whether entry follows its own rules,region or special place
tiwinza,Tiwinza,lease_or_base,whether entry follows its own rules,region or special place
,Tibet Autonomous Region,entry_rule,start date of the rule,region or object inside its region
,Minicoy (Lakshadweep),entry_rule,start date of the rule,region or object inside its region
,Gorno-Badakhshan Autonomous Oblast (GBAO),entry_rule,start date of the rule,region or object inside its region
