area_id,name,kind,natural_earth,claimants,finding
abu-musa,Abu Musa,paper_claim,,AE,a claim is recorded but Natural Earth does not separate it
al-fashaga,Al-Fashaga district,paper_claim,,SD ET,a claim is recorded but Natural Earth does not separate it
ankoko-island,Ankoko Island,occupied_or_annexed,,GY,a claim is recorded but Natural Earth does not separate it
antarctic-peninsula-overlap,Overlapping Antarctic claims 25°W-80°W,own_regime,,AR CL GB,a claim is recorded but Natural Earth does not separate it
antarctica,Antarctica (Antarctic Treaty area south of 60°S),own_regime,,AR AU CL FR NZ NO GB,a claim is recorded but Natural Earth does not separate it
artsvashen,Artsvashen (Bashkend),occupied_or_annexed,,AM,a claim is recorded but Natural Earth does not separate it
azerbaijani-held-armenian-border-areas,Border heights inside Armenia held by Azerbaijan since 2021-2022,occupied_or_annexed,,AM,a claim is recorded but Natural Earth does not separate it
badme,Badme,resolved_recently,,ER,a claim is recorded but Natural Earth does not separate it
banc-du-geyser,Banc du Geyser,islets_for_maritime_zone,,KM MG,a claim is recorded but Natural Earth does not separate it
belize-guatemala-claim,Belize south of the Sibun River (and Belize as a whole),paper_claim,,GT,a claim is recorded but Natural Earth does not separate it
bender,Bender (Tighina),de_facto_state,,MD,a claim is recorded but Natural Earth does not separate it
bhutan-china-west,"Doklam, Dramana, Shakhatoe, Sinchulung and western Haa",no_agreed_boundary,,BT CN,a claim is recorded but Natural Earth does not separate it
bir-tawil,Bir Tawil,unclaimed,-/Bir Tawil#1729635091,,Natural Earth separates it but no claim is recorded
bosnia-serbia-drina,Sections along the Drina,line_position,,BA RS,a claim is recorded but Natural Earth does not separate it
bukit-jeli,Bukit Jeli (Kolok River headwaters),line_position,,TH MY,a claim is recorded but Natural Earth does not separate it
caspian-islets-ukatny,"Ukatny, Zhestky and Maly Zhemchuzhny islands",islets_for_maritime_zone,,RU KZ,a claim is recorded but Natural Earth does not separate it
chagos,Chagos Archipelago (British Indian Ocean Territory),occupied_or_annexed,,MU,a claim is recorded but Natural Earth does not separate it
chile-peru-land-triangle,Land triangle at Punto Concordia,line_position,,CL PE,a claim is recorded but Natural Earth does not separate it
citrana-naktuka,Citrana Triangle (Naktuka) and other unresolved Oecusse segments,line_position,,TL ID,a claim is recorded but Natural Earth does not separate it
conejo-island,Conejo Island,paper_claim,,SV,a claim is recorded but Natural Earth does not separate it
congo-river-islands,Islands in the Congo River,no_agreed_boundary,,CG CD,a claim is recorded but Natural Earth does not separate it
croatia-serbia-danube-pockets,Danube east-bank pockets (Bačka) claimed by Croatia,line_position,,HR,a claim is recorded but Natural Earth does not separate it
cyprus-buffer-zone,UN Buffer Zone in Cyprus,own_regime,-/Cyprus U.N. Buffer Zone#1159320511,,Natural Earth separates it but no claim is recorded
david-gareja,David Gareja monastery complex (Keshikchidag),line_position,,GE AZ,a claim is recorded but Natural Earth does not separate it
diego-garcia,Diego Garcia base,lease_or_base,,MU,a claim is recorded but Natural Earth does not separate it
doi-lang,Doi Lang,line_position,,MM,a claim is recorded but Natural Earth does not separate it
durand-line,Durand Line,paper_claim,,AF,a claim is recorded but Natural Earth does not separate it
eastern-ossetia-claim,"Truso Gorge, Ghuda Gorge and Kobi Plateau",paper_claim,,area/south-ossetia,a claim is recorded but Natural Earth does not separate it
essequibo,Guayana Esequiba (Guyana west of the Essequibo River),paper_claim,,VE,a claim is recorded but Natural Earth does not separate it
estonia-russia-border,Ivangorod (Jaanilinn) and Pechory district (Petserimaa),paper_claim,,EE,a claim is recorded but Natural Earth does not separate it
ethiopia-somalia-provisional-line,Ethiopia-Somalia provisional administrative line,no_agreed_boundary,,ET SO,a claim is recorded but Natural Earth does not separate it
falkland-islands,Falkland Islands (Malvinas),paper_claim,,AR,a claim is recorded but Natural Earth does not separate it
gazakh-exclaves,"Barkhudarli, Sofulu and Yukhari Askipara",occupied_or_annexed,,AZ,a claim is recorded but Natural Earth does not separate it
ghajar,Ghajar (northern part),occupied_or_annexed,,LB,a claim is recorded but Natural Earth does not separate it
gibraltar,Gibraltar,paper_claim,,ES,a claim is recorded but Natural Earth does not separate it
glorioso-islands,Glorioso Islands,paper_claim,,KM MG,a claim is recorded but Natural Earth does not separate it
guantanamo-bay,Guantanamo Bay Naval Base,lease_or_base,USNB Guantanamo Bay,,Natural Earth separates it but no claim is recorded
guinea-liberia-makona,"Guinea-Liberia border at the Makona River (Sorlumba, Foya District)",line_position,,LR GN,a claim is recorded but Natural Earth does not separate it
halaib-triangle,Hala'ib Triangle,paper_claim,,SD,a claim is recorded but Natural Earth does not separate it
hans-island,Hans Island (Tartupaluk),resolved_recently,Greenland,,Natural Earth separates it but no claim is recorded
hatay,Hatay Province,resolved_recently,,SY,a claim is recorded but Natural Earth does not separate it
heglig,Heglig (Panthou) oil field area,paper_claim,,SD SS,a claim is recorded but Natural Earth does not separate it
imia-kardak,Imia / Kardak,islets_for_maritime_zone,,GR TR,a claim is recorded but Natural Earth does not separate it
isla-brasilera,Brazilian Island (Ilha Brasileira),line_position,,UY,a claim is recorded but Natural Earth does not separate it
isla-santa-rosa,Santa Rosa Island (Amazon River),line_position,,CO,a claim is recorded but Natural Earth does not separate it
isla-suarez,Isla Suárez (Ilha de Guajará-Mirim),line_position,,BR,a claim is recorded but Natural Earth does not separate it
islas-chafarinas,Chafarinas Islands,paper_claim,,MA,a claim is recorded but Natural Earth does not separate it
israeli-held-southern-syria,Israeli-held positions in southern Syria beyond the 1974 zone (incl. Mount Hermon summit),occupied_or_annexed,,SY,a claim is recorded but Natural Earth does not separate it
israeli-posts-south-lebanon,Israeli-held points in south Lebanon,occupied_or_annexed,,LB,a claim is recorded but Natural Earth does not separate it
junagadh,Junagadh and Manavadar,paper_claim,,PK,a claim is recorded but Natural Earth does not separate it
kafia-kingi,Kafia Kingi enclave,occupied_or_annexed,,SS,a claim is recorded but Natural Earth does not separate it
kangwane-ingwavuma,KaNgwane and Ingwavuma,paper_claim,,SZ,a claim is recorded but Natural Earth does not separate it
karki,Karki (Tigranashen),occupied_or_annexed,,AZ,a claim is recorded but Natural Earth does not separate it
kherson-occupied,Russian-occupied Kherson Oblast (left bank) and Kinburn Spit,occupied_or_annexed,,UA,a claim is recorded but Natural Earth does not separate it
kinmen-matsu,"Kinmen, Matsu and Wuqiu",de_facto_state,,CN,a claim is recorded but Natural Earth does not separate it
klek-skolj,"Mali Školj, Veliki Školj and the tip of Klek",line_position,,BA,a claim is recorded but Natural Earth does not separate it
koalou,Koalou (Kourou) neutral zone,own_regime,,BJ BF,a claim is recorded but Natural Earth does not separate it
kokkina,Kokkina (Erenköy) exclave,de_facto_state,,CY,a claim is recorded but Natural Earth does not separate it
korean-dmz,Korean Demilitarized Zone,own_regime,,KP KR,a claim is recorded but Natural Earth does not separate it
kostajnica-island,River island at Kostajnica (Zrinski castle),line_position,,BA,a claim is recorded but Natural Earth does not separate it
kpeaba,Kpéaba village area,line_position,,GN,a claim is recorded but Natural Earth does not separate it
la-guera,La Güera and the western side of Ras Nouadhibou,occupied_or_annexed,,MA,a claim is recorded but Natural Earth does not separate it
ladakh-lac-buffer-zones,"Eastern Ladakh LAC friction areas (Depsang, Galwan, Pangong north bank, Gogra-Hot Springs)",own_regime,,IN CN,a claim is recorded but Natural Earth does not separate it
lake-nyasa-islands,Islands in Mbamba Bay and eastern Lake Nyasa/Malawi,line_position,,TZ,a claim is recorded but Natural Earth does not separate it
lawa-headwaters,Marouini-Litani area (Lawa headwaters),line_position,,FR SR,a claim is recorded but Natural Earth does not separate it
lebanon-syria-undelimited,Other unclear sections of the Lebanon-Syria boundary,no_agreed_boundary,,LB SY,a claim is recorded but Natural Earth does not separate it
libya-algeria-claim,South-eastern Algeria claimed on Libyan maps,paper_claim,,LY,a claim is recorded but Natural Earth does not separate it
libya-niger-tummo,Tummo region,paper_claim,,LY,a claim is recorded but Natural Earth does not separate it
logoba-moyo,Logoba / Moyo-Kajo Keji border area,line_position,,SS UG,a claim is recorded but Natural Earth does not separate it
lunkinda-pweto,Lunkinda (Lunchinda) - Pweto triangle near Chiengi,line_position,,ZM,a claim is recorded but Natural Earth does not separate it
machias-seal-island,Machias Seal Island and North Rock,paper_claim,,US,a claim is recorded but Natural Earth does not separate it
margherita-peak,Margherita Peak (Rwenzori),line_position,,CD UG,a claim is recorded but Natural Earth does not separate it
matthew-hunter,Matthew and Hunter Islands,islets_for_maritime_zone,,FR VU,a claim is recorded but Natural Earth does not separate it
mayotte,Mayotte,paper_claim,,KM,a claim is recorded but Natural Earth does not separate it
mazraat-deir-al-ashayer,Mazraat Deir al-Ashayer,no_agreed_boundary,,SY,a claim is recorded but Natural Earth does not separate it
mbanie,"Mbanié, Cocotiers and Conga islands",resolved_recently,,GQ GA,a claim is recorded but Natural Earth does not separate it
mekong-islands,Islands in the Mekong,line_position,,LA TH,a claim is recorded but Natural Earth does not separate it
migingo,Migingo Island and nearby Lake Victoria islets,line_position,,KE UG,a claim is recorded but Natural Earth does not separate it
minerva-reefs,Minerva Reefs,islets_for_maritime_zone,,TO FJ,a claim is recorded but Natural Earth does not separate it
moldovan-held-left-bank,"Moldovan-controlled Dubăsari villages, Varnița and Copanca",paper_claim,,area/transnistria,a claim is recorded but Natural Earth does not separate it
mont-blanc-summit,"Mont Blanc summit area (Dôme du Goûter, Col du Géant)",line_position,,FR IT,a claim is recorded but Natural Earth does not separate it
nagorno-karabakh,Nagorno-Karabakh (former Republic of Artsakh),resolved_recently,AZ/Azerbaijan#1159320385,,Natural Earth separates it but no claim is recorded
navassa,Navassa Island,paper_claim,,HT,a claim is recorded but Natural Earth does not separate it
nepal-china-humla,Humla border area (Limi/Lapcha),line_position,,NP CN,a claim is recorded but Natural Earth does not separate it
noktundo,Noktundo,paper_claim,,KR,a claim is recorded but Natural Earth does not separate it
north-korea-claimed-by-rok,North Korea (claimed by the Republic of Korea),paper_claim,,KR,a claim is recorded but Natural Earth does not separate it
ntem-island,Island at the mouth of the Ntem River,line_position,,CM GQ,a claim is recorded but Natural Earth does not separate it
okpara-villages,Villages near the Okpara River,line_position,,BJ NG,a claim is recorded but Natural Earth does not separate it
orange-river-boundary,Orange River boundary,line_position,,NA ZA,a claim is recorded but Natural Earth does not separate it
otangav,O'Tangav area,line_position,,KH LA,a claim is recorded but Natural Earth does not separate it
oyster-pond,Oyster Pond (Saint Martin),resolved_recently,,NL FR,a claim is recorded but Natural Earth does not separate it
penon-de-alhucemas,Peñón de Alhucemas and islets,paper_claim,,MA,a claim is recorded but Natural Earth does not separate it
penon-de-velez-de-la-gomera,Peñón de Vélez de la Gomera,paper_claim,,MA,a claim is recorded but Natural Earth does not separate it
perejil,Perejil (Leila) Island,own_regime,,ES MA,a claim is recorded but Natural Earth does not separate it
point-20,'Point 20' reclaimed land at Tuas,no_agreed_boundary,,MY,a claim is recorded but Natural Earth does not separate it
pratas,Pratas (Dongsha) Island,de_facto_state,,CN,a claim is recorded but Natural Earth does not separate it
preah-vihear,Preah Vihear temple surroundings,line_position,,KH TH,a claim is recorded but Natural Earth does not separate it
prevlaka,Prevlaka peninsula,own_regime,,ME,a claim is recorded but Natural Earth does not separate it
roc-legacy-claims,"Legacy claims of the Republic of China (mainland China, Mongolia, Tuva, Pamirs, northern Myanmar, parts of Bhutan, India, Russia and others)",paper_claim,,TW,a claim is recorded but Natural Earth does not separate it
rockall,Rockall,islets_for_maritime_zone,,GB,a claim is recorded but Natural Earth does not separate it
rukwanzi-semliki,Rukwanzi Island (Lake Albert) and Semliki River valley,own_regime,,CD UG,a claim is recorded but Natural Earth does not separate it
sabah,Eastern Sabah (North Borneo),paper_claim,,PH,a claim is recorded but Natural Earth does not separate it
sabanerwa,Sabanerwa and the Rufunzo Valley,line_position,,BI RW,a claim is recorded but Natural Earth does not separate it
sadr-free-zone,Western Sahara east of the berm (Free Zone),de_facto_state,,MA,a claim is recorded but Natural Earth does not separate it
sakteng,Sakteng Wildlife Sanctuary,paper_claim,,CN,a claim is recorded but Natural Earth does not separate it
sapodilla-cayes,Sapodilla Cayes,islets_for_maritime_zone,,HN GT,a claim is recorded but Natural Earth does not separate it
sarengrad-vukovar-islands,Islands of Šarengrad and Vukovar,line_position,,HR,a claim is recorded but Natural Earth does not separate it
saudi-uae-border,"Saudi Arabia-UAE border (Khor al-Udaid corridor, Shaybah/Zararah area)",paper_claim,,AE,a claim is recorded but Natural Earth does not separate it
scattered-islands-mozambique-channel,"Bassas da India, Europa Island, Juan de Nova Island",islets_for_maritime_zone,,MG,a claim is recorded but Natural Earth does not separate it
sindabezi,Sindabezi Island,line_position,,ZM ZW,a claim is recorded but Natural Earth does not separate it
sir-creek,Sir Creek,line_position,,IN PK,a claim is recorded but Natural Earth does not separate it
sool-sanaag-cayn,"Sool, Sanaag and Cayn (SSC-Khatumo / North Eastern State)",paper_claim,,area/somaliland,a claim is recorded but Natural Earth does not separate it
south-georgia-south-sandwich,South Georgia and the South Sandwich Islands,paper_claim,,AR,a claim is recorded but Natural Earth does not separate it
strovilia,Strovilia checkpoint area,line_position,,CY,a claim is recorded but Natural Earth does not separate it
sudan-south-sudan-other-border-areas,"14-Mile Area, Jodha, Kaka, Jebel Megeinis, Bebnis",line_position,,SD SS,a claim is recorded but Natural Earth does not separate it
suleyman-shah-tomb,Tomb of Suleyman Shah,lease_or_base,,SY,a claim is recorded but Natural Earth does not separate it
susta,Susta,line_position,,IN,a claim is recorded but Natural Earth does not separate it
sveta-gera,Sveta Gera (Trdinov vrh) barracks,line_position,,HR,a claim is recorded but Natural Earth does not separate it
swains-island,Swains Island (Olohega),paper_claim,,TK,a claim is recorded but Natural Earth does not separate it
ta-muen-thom-emerald-triangle,"Other contested Thai-Cambodian border areas (Ta Muen Thom, Ta Krabey, Emerald Triangle/Chong Bok)",line_position,,TH KH,a claim is recorded but Natural Earth does not separate it
taiwan,Taiwan and Penghu,de_facto_state,,CN,a claim is recorded but Natural Earth does not separate it
thai-lao-land-border-villages,"Ban Romklao and the three villages (Ban Mai, Ban Klang, Ban Sawang)",line_position,,LA TH,a claim is recorded but Natural Earth does not separate it
three-pagodas-pass,Three Pagodas Pass,line_position,,TH MM,a claim is recorded but Natural Earth does not separate it
tigri,New River Triangle (Tigri),line_position,,SR,a claim is recorded but Natural Earth does not separate it
tiran-sanafir,Tiran and Sanafir,resolved_recently,Tiran and Sanafir Is.,,Natural Earth separates it but no claim is recorded
transnistria,Transnistria (including Bender),de_facto_state,,MD,a claim is recorded but Natural Earth does not separate it
tromelin,Tromelin Island,islets_for_maritime_zone,,MU,a claim is recorded but Natural Earth does not separate it
tunbs,Greater and Lesser Tunb,paper_claim,,AE,a claim is recorded but Natural Earth does not separate it
undof-zone,UNDOF area of separation,own_regime,,SY,a claim is recorded but Natural Earth does not separate it
varosha,Varosha (Maraş),occupied_or_annexed,,CY,a claim is recorded but Natural Earth does not separate it
wadi-halfa-salient,Wadi Halfa Salient,paper_claim,,SD,a claim is recorded but Natural Earth does not separate it
wake-island,Wake Island,paper_claim,,MH,a claim is recorded but Natural Earth does not separate it
western-sahara-moroccan-controlled,Western Sahara west of the berm,occupied_or_annexed,MA/Morocco#1159321037,,Natural Earth separates it but no claim is recorded
yalu-tumen-islands,Islands in the Yalu and Tumen rivers,line_position,,CN KP,a claim is recorded but Natural Earth does not separate it
yenga,Yenga,line_position,,SL,a claim is recorded but Natural Earth does not separate it
zaporizhzhia-occupied,Russian-occupied Zaporizhzhia Oblast,occupied_or_annexed,,UA,a claim is recorded but Natural Earth does not separate it
