id,name,kind,why
place/al-fashaga,Al-Fashaga district,paper_claim,residents unknown: treated as a special place until sourced
place/aves-island,Aves Island (Bird Island),islets_for_maritime_zone,no resident civilians
place/azerbaijani-held-armenian-border-areas,Border heights inside Armenia held by Azerbaijan since 2021-2022,occupied_or_annexed,"no stated outline found (R047, D061)"
place/baikonur-dalny-water-intake,Baikonur lease: the 'Dalny' water intake (plot No. 2),lease_or_base,leased; holder not recorded
place/baikonur-kostanay-rescue-complex,Baikonur lease: the search and rescue complex at Kostanay (plots No. 7 and 7a),lease_or_base,leased; holder not recorded
place/baikonur-saran-ip9,Baikonur lease: tracking station IP-9 at Saran (plot No. 5),lease_or_base,leased; holder not recorded
place/baikonur-ust-kamenogorsk-fall-base,Baikonur lease: the rocket-stage base at Ust-Kamenogorsk (plot No. 6),lease_or_base,leased; holder not recorded
place/baikonur-zhezkazgan-fall-base,Baikonur lease: the rocket-stage base at Zhezkazgan (plot No. 3),lease_or_base,leased; holder not recorded
place/bajo-nuevo,Bajo Nuevo Bank,islets_for_maritime_zone,no resident civilians
place/banc-du-geyser,Banc du Geyser,islets_for_maritime_zone,no resident civilians
place/belize-guatemala-claim,Belize south of the Sibun River (and Belize as a whole),paper_claim,residents unknown: treated as a special place until sourced
place/bhutan-china-north,"Jakarlung, Pasamlung and Beyul Khenpajong",no_agreed_boundary,a dispute about a line or an undelimited stretch; the land goes with whoever holds it
place/bhutan-china-west,"Doklam, Dramana, Shakhatoe, Sinchulung and western Haa",no_agreed_boundary,a dispute about a line or an undelimited stretch; the land goes with whoever holds it
place/bosnia-serbia-drina,Sections along the Drina,line_position,a dispute about a line or an undelimited stretch; the land goes with whoever holds it
place/bukit-jeli,Bukit Jeli (Kolok River headwaters),line_position,a dispute about a line or an undelimited stretch; the land goes with whoever holds it
place/caspian-islets-ukatny,"Ukatny, Zhestky and Maly Zhemchuzhny islands",islets_for_maritime_zone,no resident civilians
place/chile-peru-land-triangle,Land triangle at Punto Concordia,line_position,a dispute about a line or an undelimited stretch; the land goes with whoever holds it
place/citrana-naktuka,Citrana Triangle (Naktuka) and other unresolved Oecusse segments,line_position,"no stated outline found (R047, D061)"
place/conejo-island,Conejo Island,paper_claim,no resident civilians
place/congo-river-islands,Islands in the Congo River,no_agreed_boundary,a dispute about a line or an undelimited stretch; the land goes with whoever holds it
place/croatia-serbia-danube-pockets,Danube east-bank pockets (Bačka) claimed by Croatia,line_position,a dispute about a line or an undelimited stretch; the land goes with whoever holds it
place/david-gareja,David Gareja monastery complex (Keshikchidag),line_position,a dispute about a line or an undelimited stretch; the land goes with whoever holds it
place/doi-lang,Doi Lang,line_position,a dispute about a line or an undelimited stretch; the land goes with whoever holds it
place/dokdo,Liancourt Rocks (Dokdo / Takeshima),islets_for_maritime_zone,no resident civilians
place/doumeira,Ras Doumeira and Doumeira Island,line_position,a dispute about a line or an undelimited stretch; the land goes with whoever holds it
place/durand-line,Durand Line,paper_claim,residents unknown: treated as a special place until sourced
place/eastern-ossetia-claim,"Truso Gorge, Ghuda Gorge and Kobi Plateau",paper_claim,"no stated outline found (R047, D061)"
place/estonia-russia-border,Ivangorod (Jaanilinn) and Pechory district (Petserimaa),paper_claim,residents unknown: treated as a special place until sourced
place/ethiopia-somalia-provisional-line,Ethiopia-Somalia provisional administrative line,no_agreed_boundary,a dispute about a line or an undelimited stretch; the land goes with whoever holds it
place/fasht-ad-dibal-qitat-jaradah,Fasht ad Dibal and Qit'at Jaradah,islets_for_maritime_zone,no resident civilians
place/glorioso-islands,Glorioso Islands,paper_claim,no resident civilians
place/guinea-liberia-makona,"Guinea-Liberia border at the Makona River (Sorlumba, Foya District)",line_position,a dispute about a line or an undelimited stretch; the land goes with whoever holds it
place/heglig,Heglig (Panthou) oil field area,paper_claim,"no stated outline found (R047, D061)"
place/ilemi-triangle,Ilemi Triangle,paper_claim,"claimed on paper but not pressed: official steps in fewer than two of the last ten years (D070, D071)"
place/imia-kardak,Imia / Kardak,islets_for_maritime_zone,no resident civilians
place/india-china-middle-sector,"Middle sector pockets (Chumar, Kaurik, Shipki La, Nelang-Jadhang, Barahoti, Lapthal, Pulam Sumda, Sang)",line_position,a dispute about a line or an undelimited stretch; the land goes with whoever holds it
place/isla-brasilera,Brazilian Island (Ilha Brasileira),line_position,a dispute about a line or an undelimited stretch; the land goes with whoever holds it
place/isla-santa-rosa,Santa Rosa Island (Amazon River),line_position,"no stated outline found (R047, D061)"
place/isla-suarez,Isla Suárez (Ilha de Guajará-Mirim),line_position,a dispute about a line or an undelimited stretch; the land goes with whoever holds it
place/islas-chafarinas,Chafarinas Islands,paper_claim,no resident civilians
place/kangwane-ingwavuma,KaNgwane and Ingwavuma,paper_claim,"no stated outline found (R047, D061)"
place/klek-skolj,"Mali Školj, Veliki Školj and the tip of Klek",line_position,a dispute about a line or an undelimited stretch; the land goes with whoever holds it
place/kostajnica-island,River island at Kostajnica (Zrinski castle),line_position,a dispute about a line or an undelimited stretch; the land goes with whoever holds it
place/kpeaba,Kpéaba village area,line_position,"no stated outline found (R047, D061)"
place/kula-kangri,Kula Kangri area,no_agreed_boundary,a dispute about a line or an undelimited stretch; the land goes with whoever holds it
place/ladakh-lac-buffer-zones,"Eastern Ladakh LAC friction areas (Depsang, Galwan, Pangong north bank, Gogra-Hot Springs)",own_regime,no resident civilians
place/lake-constance,Lake Constance (Obersee),no_agreed_boundary,a dispute about a line or an undelimited stretch; the land goes with whoever holds it
place/lake-nyasa-islands,Islands in Mbamba Bay and eastern Lake Nyasa/Malawi,line_position,a dispute about a line or an undelimited stretch; the land goes with whoever holds it
place/lebanon-syria-undelimited,Other unclear sections of the Lebanon-Syria boundary,no_agreed_boundary,a dispute about a line or an undelimited stretch; the land goes with whoever holds it
place/libya-algeria-claim,South-eastern Algeria claimed on Libyan maps,paper_claim,residents unknown: treated as a special place until sourced
place/libya-niger-tummo,Tummo region,paper_claim,residents unknown: treated as a special place until sourced
place/logoba-moyo,Logoba / Moyo-Kajo Keji border area,line_position,a dispute about a line or an undelimited stretch; the land goes with whoever holds it
place/lunkinda-pweto,Lunkinda (Lunchinda) - Pweto triangle near Chiengi,line_position,a dispute about a line or an undelimited stretch; the land goes with whoever holds it
place/machias-seal-island,Machias Seal Island and North Rock,paper_claim,no resident civilians
place/margherita-peak,Margherita Peak (Rwenzori),line_position,a dispute about a line or an undelimited stretch; the land goes with whoever holds it
place/matthew-hunter,Matthew and Hunter Islands,islets_for_maritime_zone,no resident civilians
place/mazraat-deir-al-ashayer,Mazraat Deir al-Ashayer,no_agreed_boundary,a dispute about a line or an undelimited stretch; the land goes with whoever holds it
place/mekong-islands,Islands in the Mekong,line_position,a dispute about a line or an undelimited stretch; the land goes with whoever holds it
place/minerva-reefs,Minerva Reefs,islets_for_maritime_zone,no resident civilians
place/moldauhafen,Moldauhafen and Saalehafen (Hamburg),lease_or_base,leased; held by the lessor
place/mont-blanc-summit,"Mont Blanc summit area (Dôme du Goûter, Col du Géant)",line_position,a dispute about a line or an undelimited stretch; the land goes with whoever holds it
place/moselle-condominium,"Germany-Luxembourg river condominium (Moselle, Sauer, Our)",own_regime,no resident civilians
place/navassa,Navassa Island,paper_claim,no resident civilians
place/nepal-china-humla,Humla border area (Limi/Lapcha),line_position,a dispute about a line or an undelimited stretch; the land goes with whoever holds it
place/noktundo,Noktundo,paper_claim,residents unknown: treated as a special place until sourced
place/ntem-island,Island at the mouth of the Ntem River,line_position,a dispute about a line or an undelimited stretch; the land goes with whoever holds it
place/okpara-villages,Villages near the Okpara River,line_position,"no stated outline found (R047, D061)"
place/olivenza,Olivenza and Táliga,paper_claim,"claimed on paper but not pressed: official steps in fewer than two of the last ten years (D070, D071)"
place/orange-river-boundary,Orange River boundary,line_position,a dispute about a line or an undelimited stretch; the land goes with whoever holds it
place/otangav,O'Tangav area,line_position,a dispute about a line or an undelimited stretch; the land goes with whoever holds it
place/palanca-road,Odesa-Reni road section at Palanca,lease_or_base,leased; held by the lessee
place/penon-de-alhucemas,Peñón de Alhucemas and islets,paper_claim,no resident civilians
place/penon-de-velez-de-la-gomera,Peñón de Vélez de la Gomera,paper_claim,no resident civilians
place/perejil,Perejil (Leila) Island,own_regime,no resident civilians
place/pheasant-island,Pheasant Island,own_regime,no resident civilians
place/point-20,'Point 20' reclaimed land at Tuas,no_agreed_boundary,a dispute about a line or an undelimited stretch; the land goes with whoever holds it
place/preah-vihear,Preah Vihear temple surroundings,line_position,a dispute about a line or an undelimited stretch; the land goes with whoever holds it
place/prevlaka,Prevlaka peninsula,own_regime,no resident civilians
place/roc-legacy-claims,"Legacy claims of the Republic of China (mainland China, Mongolia, Tuva, Pamirs, northern Myanmar, parts of Bhutan, India, Russia and others)",paper_claim,residents unknown: treated as a special place until sourced
place/rockall,Rockall,islets_for_maritime_zone,no resident civilians
place/rukwanzi-semliki,Rukwanzi Island (Lake Albert) and Semliki River valley,own_regime,"no stated outline found (R047, D061)"
place/russian-ranges-kazakhstan,Russian-leased military test ranges in Kazakhstan (Sary-Shagan and others),lease_or_base,leased; held by the split
place/sabanerwa,Sabanerwa and the Rufunzo Valley,line_position,a dispute about a line or an undelimited stretch; the land goes with whoever holds it
place/saimaa-canal,Saimaa Canal (Russian section),lease_or_base,leased; held by the lessor
place/sakteng,Sakteng Wildlife Sanctuary,paper_claim,residents unknown: treated as a special place until sourced
place/sapodilla-cayes,Sapodilla Cayes,islets_for_maritime_zone,no resident civilians
place/sarengrad-vukovar-islands,Islands of Šarengrad and Vukovar,line_position,a dispute about a line or an undelimited stretch; the land goes with whoever holds it
place/saudi-uae-border,"Saudi Arabia-UAE border (Khor al-Udaid corridor, Shaybah/Zararah area)",paper_claim,residents unknown: treated as a special place until sourced
place/scarborough-shoal,Scarborough Shoal,islets_for_maritime_zone,no resident civilians
place/scattered-islands-mozambique-channel,"Bassas da India, Europa Island, Juan de Nova Island",islets_for_maritime_zone,no resident civilians
place/senkaku,Senkaku Islands (Diaoyu),islets_for_maritime_zone,no resident civilians
place/serranilla,Serranilla Bank,islets_for_maritime_zone,no resident civilians
place/shaksgam,Trans-Karakoram Tract (Shaksgam Valley),paper_claim,no resident civilians
place/siachen,Siachen Glacier and Saltoro Ridge,no_agreed_boundary,a dispute about a line or an undelimited stretch; the land goes with whoever holds it
place/sindabezi,Sindabezi Island,line_position,a dispute about a line or an undelimited stretch; the land goes with whoever holds it
place/sir-creek,Sir Creek,line_position,a dispute about a line or an undelimited stretch; the land goes with whoever holds it
place/sool-sanaag-cayn,"Sool, Sanaag and Cayn (SSC-Khatumo / North Eastern State)",paper_claim,"no stated outline found (R047, D061)"
place/southern-patagonian-ice-field,Southern Patagonian Ice Field (Fitz Roy - Cerro Murallón section),no_agreed_boundary,a dispute about a line or an undelimited stretch; the land goes with whoever holds it
place/sudan-south-sudan-other-border-areas,"14-Mile Area, Jodha, Kaka, Jebel Megeinis, Bebnis",line_position,a dispute about a line or an undelimited stretch; the land goes with whoever holds it
place/suleyman-shah-tomb,Tomb of Suleyman Shah,lease_or_base,leased; held by the lessee
place/susta,Susta,line_position,a dispute about a line or an undelimited stretch; the land goes with whoever holds it
place/sveta-gera,Sveta Gera (Trdinov vrh) barracks,line_position,a dispute about a line or an undelimited stretch; the land goes with whoever holds it
place/swains-island,Swains Island (Olohega),paper_claim,no resident civilians
place/ta-muen-thom-emerald-triangle,"Other contested Thai-Cambodian border areas (Ta Muen Thom, Ta Krabey, Emerald Triangle/Chong Bok)",line_position,a dispute about a line or an undelimited stretch; the land goes with whoever holds it
place/thai-lao-land-border-villages,"Ban Romklao and the three villages (Ban Mai, Ban Klang, Ban Sawang)",line_position,a dispute about a line or an undelimited stretch; the land goes with whoever holds it
place/three-pagodas-pass,Three Pagodas Pass,line_position,"no stated outline found (R047, D061)"
place/tin-bigha,Tin Bigha Corridor (Dahagram-Angarpota access),lease_or_base,leased; held by the shared
place/tiwinza,Tiwinza,lease_or_base,leased; holder not recorded
place/tort-kocho-road,Tort-Kocho road (Vorukh access),own_regime,no resident civilians
place/transnistria-security-zone,Dniester Security Zone,own_regime,"no stated outline found (R047, D061)"
place/tromelin,Tromelin Island,islets_for_maritime_zone,no resident civilians
place/tunbs,Greater and Lesser Tunb,paper_claim,residents unknown: treated as a special place until sourced
place/wadi-halfa-salient,Wadi Halfa Salient,paper_claim,no resident civilians
place/wake-island,Wake Island,paper_claim,no resident civilians
place/yalu-tumen-islands,Islands in the Yalu and Tumen rivers,line_position,a dispute about a line or an undelimited stretch; the land goes with whoever holds it
place/yenga,Yenga,line_position,"no stated outline found (R047, D061)"
