"territory","start","control_continues_today","source_url","quote","read_date"
"Junagadh","1947","yes","https://en.wikipedia.org/w/index.php?title=Junagadh_district&oldid=1376263840","District of Gujarat in India","2026-10-03"
"Hyderabad","1948","yes","https://en.wikipedia.org/w/index.php?title=Indian_annexation_of_Hyderabad&oldid=1376784122","After the defeat of the Razakars, the Nizam signed an instrument of accession, joining India.","2026-10-03"
"West Bank","1948","no","https://en.wikipedia.org/w/index.php?title=Jordanian_annexation_of_the_West_Bank&oldid=1374222335","The territory remained under Jordanian control until it was occupied by Israel during the 1967 Six-Day War","2026-10-03"
"Tibet","1949","yes","https://en.wikipedia.org/w/index.php?title=Tibet_Autonomous_Region&oldid=1376967276","is an autonomous region of the People's Republic of China","2026-10-03"
"Dadra and Nagar Haveli","1954","yes","https://en.wikipedia.org/w/index.php?title=Dadra_and_Nagar_Haveli_district&oldid=1373648249","District in Dadra and Nagar Haveli and Daman and Diu, India","2026-10-03"
"Goa, Daman and Diu","1961","yes","https://en.wikipedia.org/w/index.php?title=Indian_annexation_of_Goa&oldid=1373757049","a treaty was signed between India and Portugal with the Portuguese recognising full sovereignty of India over Goa, Daman, Diu, Dadra and Nagar Haveli.","2026-10-03"
"Aksai Chin","1962","yes","https://en.wikipedia.org/w/index.php?title=Aksai_Chin&oldid=1374582776","Part of Kashmir administered by China","2026-10-03"
"Southern half of Vietnam","1975","yes","https://en.wikipedia.org/w/index.php?title=Reunification_Day&oldid=1357059043","when South Vietnam and North Vietnam were merged, forming the modern-day Vietnam","2026-10-03"
"East Timor","1975","no","https://en.wikipedia.org/w/index.php?title=Indonesian_occupation_of_East_Timor&oldid=1372409808","following the departure of Indonesian forces from East Timor, the United Nations Transitional Administration in East Timor administered the territory for two years","2026-10-03"
"Kuwait","1990","no","https://en.wikipedia.org/w/index.php?title=Iraqi_invasion_of_Kuwait&oldid=1375300033","By 28 February 1991, the Iraqi military had been devastated and Kuwaiti independence was restored.","2026-10-03"
"Seven districts surrounding Nagorno-Karabakh","1992","no","https://en.wikipedia.org/w/index.php?title=Armenian-occupied_territories_surrounding_Nagorno-Karabakh&oldid=1367031690","returning them to Azerbaijani control, by 20 November, 25 November and 1 December 2020, respectively.","2026-10-03"
