name,parent_state,emergence,disappearance,type
Katanga,Congo (DRC),1960,1963,forceful reintegration
Biafra,Nigeria,1967,1970,forceful reintegration
Krajina,Croatia,1991,1995,forceful reintegration
Chechnya,Russia,1991,1999,forceful reintegration
Anjouan,Comoros,1997,2008,forceful reintegration
Tamil Eelam,Sri Lanka,1984,2009,forceful reintegration
Rwenzururu Kingdom,Uganda,1963,1982,peaceful reintegration
Gagauzia,Moldova,1991,1995,peaceful reintegration
Bougainville,Papua New Guinea,1975,1997,peaceful reintegration
Eastern Slavonia,Croatia,1995,1998,peaceful reintegration
Ajaria,Georgia,1991,2004,peaceful reintegration
Aceh,Indonesia,2001,2005,peaceful reintegration
Karen State,Burma/Myanmar,1949,,alive
Kachin State,Burma/Myanmar,1961,,alive
Taiwan,China,1971,,alive
Mindanao,Philippines,1973,,alive
TRNC,Cyprus,1974,,alive
Western Sahara,Morocco,1974,,alive
Cabinda,Angola,1975,,alive
Casamance,Senegal,1982,,alive
Abkhazia,Georgia,1991,,alive
Kurdistan,Iraq,1991,,alive
Nagorno-Karabakh,Azerbaijan,1991,,alive
Puntland,Somalia,1991,,alive
Somaliland,Somalia,1991,,alive
South Ossetia,Georgia,1991,,alive
Transnistria,Moldova,1991,,alive
Republika Srpska,Bosnia,1992,,alive
Palestine,Israel,1995,,alive
Gaza,Palestine,2007,,alive
Azawad,Mali,2012,,alive
Cyrenaica/East Libya,Libya,2012,,alive
"Islamic State, ISIS",Syria,2013,,alive
Rojava,Syria,2013,,alive
Donetsk,Ukraine,2014,,alive
Luhansk,Ukraine,2014,,alive
Eritrea,Ethiopia,1964,1993,statehood
East Timor,Indonesia,1975,2002,statehood
Kosovo,Serbia,1998,2008,statehood
South Sudan,Sudan,1956,2011,statehood
