cell,kind,iso,name,members,signature,area_km2
AD,iso,AD,Andorra,,,
AE,iso,AE,United Arab Emirates,,,
AF,iso,AF,Afghanistan,,,
AG,iso,AG,Antigua and Barbuda,,,
AI,iso,AI,Anguilla,,,
AL,iso,AL,Albania,,,
AM,iso,AM,Armenia,,,
AO,iso,AO,Angola,,,
AQ,iso,AQ,Antarctica,,,
AR,iso,AR,Argentina,,,
AS,iso,AS,American Samoa,,,
AT,iso,AT,Austria,,,
AU,iso,AU,Australia,,,
AW,iso,AW,Aruba,,,
AX,iso,AX,Åland Islands,,,
AZ,iso,AZ,Azerbaijan,,,
BA,iso,BA,Bosnia and Herzegovina,,,
BB,iso,BB,Barbados,,,
BD,iso,BD,Bangladesh,,,
BE,iso,BE,Belgium,,,
BF,iso,BF,Burkina Faso,,,
BG,iso,BG,Bulgaria,,,
BH,iso,BH,Bahrain,,,
BI,iso,BI,Burundi,,,
BJ,iso,BJ,Benin,,,
BL,iso,BL,Saint Barthélemy,,,
BM,iso,BM,Bermuda,,,
BN,iso,BN,Brunei Darussalam,,,
BO,iso,BO,"Bolivia, Plurinational State of",,,
BQ,iso,BQ,"Bonaire, Sint Eustatius and Saba",,,
BR,iso,BR,Brazil,,,
BS,iso,BS,Bahamas,,,
BT,iso,BT,Bhutan,,,
BV,iso,BV,Bouvet Island,,,
BW,iso,BW,Botswana,,,
BY,iso,BY,Belarus,,,
BZ,iso,BZ,Belize,,,
CA,iso,CA,Canada,,,
CC,iso,CC,Cocos (Keeling) Islands,,,
CD,iso,CD,"Congo, The Democratic Republic of the",,,
CF,iso,CF,Central African Republic,,,
CG,iso,CG,Congo,,,
CH,iso,CH,Switzerland,,,
CI,iso,CI,Côte d'Ivoire,,,
CK,iso,CK,Cook Islands,,,
CL,iso,CL,Chile,,,
CM,iso,CM,Cameroon,,,
CN,iso,CN,China,,,
CO,iso,CO,Colombia,,,
CR,iso,CR,Costa Rica,,,
CU,iso,CU,Cuba,,,
CV,iso,CV,Cabo Verde,,,
CW,iso,CW,Curaçao,,,
CX,iso,CX,Christmas Island,,,
CY,iso,CY,Cyprus,,,
CZ,iso,CZ,Czechia,,,
DE,iso,DE,Germany,,,
DJ,iso,DJ,Djibouti,,,
DK,iso,DK,Denmark,,,
DM,iso,DM,Dominica,,,
DO,iso,DO,Dominican Republic,,,
DZ,iso,DZ,Algeria,,,
EC,iso,EC,Ecuador,,,
EE,iso,EE,Estonia,,,
EG,iso,EG,Egypt,,,
EH,iso,EH,Western Sahara,,,
ER,iso,ER,Eritrea,,,
ES,iso,ES,Spain,,,
ET,iso,ET,Ethiopia,,,
FI,iso,FI,Finland,,,
FJ,iso,FJ,Fiji,,,
FK,iso,FK,Falkland Islands (Malvinas),,,
FM,iso,FM,"Micronesia, Federated States of",,,
FO,iso,FO,Faroe Islands,,,
FR,iso,FR,France,,,
GA,iso,GA,Gabon,,,
GB,iso,GB,United Kingdom,,,
GD,iso,GD,Grenada,,,
GE,iso,GE,Georgia,,,
GF,iso,GF,French Guiana,,,
GG,iso,GG,Guernsey,,,
GH,iso,GH,Ghana,,,
GI,iso,GI,Gibraltar,,,
GL,iso,GL,Greenland,,,
GM,iso,GM,Gambia,,,
GN,iso,GN,Guinea,,,
GP,iso,GP,Guadeloupe,,,
GQ,iso,GQ,Equatorial Guinea,,,
GR,iso,GR,Greece,,,
GS,iso,GS,South Georgia and the South Sandwich Islands,,,
GT,iso,GT,Guatemala,,,
GU,iso,GU,Guam,,,
GW,iso,GW,Guinea-Bissau,,,
GY,iso,GY,Guyana,,,
HK,iso,HK,Hong Kong,,,
HM,iso,HM,Heard Island and McDonald Islands,,,
HN,iso,HN,Honduras,,,
HR,iso,HR,Croatia,,,
HT,iso,HT,Haiti,,,
HU,iso,HU,Hungary,,,
ID,iso,ID,Indonesia,,,
IE,iso,IE,Ireland,,,
IL,iso,IL,Israel,,,
IM,iso,IM,Isle of Man,,,
IN,iso,IN,India,,,
IO,iso,IO,British Indian Ocean Territory,,,
IQ,iso,IQ,Iraq,,,
IR,iso,IR,"Iran, Islamic Republic of",,,
IS,iso,IS,Iceland,,,
IT,iso,IT,Italy,,,
JE,iso,JE,Jersey,,,
JM,iso,JM,Jamaica,,,
JO,iso,JO,Jordan,,,
JP,iso,JP,Japan,,,
KE,iso,KE,Kenya,,,
KG,iso,KG,Kyrgyzstan,,,
KH,iso,KH,Cambodia,,,
KI,iso,KI,Kiribati,,,
KM,iso,KM,Comoros,,,
KN,iso,KN,Saint Kitts and Nevis,,,
KP,iso,KP,"Korea, Democratic People's Republic of",,,
KR,iso,KR,"Korea, Republic of",,,
KW,iso,KW,Kuwait,,,
KY,iso,KY,Cayman Islands,,,
KZ,iso,KZ,Kazakhstan,,,
LA,iso,LA,Lao People's Democratic Republic,,,
LB,iso,LB,Lebanon,,,
LC,iso,LC,Saint Lucia,,,
LI,iso,LI,Liechtenstein,,,
LK,iso,LK,Sri Lanka,,,
LR,iso,LR,Liberia,,,
LS,iso,LS,Lesotho,,,
LT,iso,LT,Lithuania,,,
LU,iso,LU,Luxembourg,,,
LV,iso,LV,Latvia,,,
LY,iso,LY,Libya,,,
MA,iso,MA,Morocco,,,
MC,iso,MC,Monaco,,,
MD,iso,MD,"Moldova, Republic of",,,
ME,iso,ME,Montenegro,,,
MF,iso,MF,Saint Martin (French part),,,
MG,iso,MG,Madagascar,,,
MH,iso,MH,Marshall Islands,,,
MK,iso,MK,North Macedonia,,,
ML,iso,ML,Mali,,,
MM,iso,MM,Myanmar,,,
MN,iso,MN,Mongolia,,,
MO,iso,MO,Macao,,,
MP,iso,MP,Northern Mariana Islands,,,
MQ,iso,MQ,Martinique,,,
MR,iso,MR,Mauritania,,,
MS,iso,MS,Montserrat,,,
MT,iso,MT,Malta,,,
MU,iso,MU,Mauritius,,,
MV,iso,MV,Maldives,,,
MW,iso,MW,Malawi,,,
MX,iso,MX,Mexico,,,
MY,iso,MY,Malaysia,,,
MZ,iso,MZ,Mozambique,,,
NA,iso,NA,Namibia,,,
NC,iso,NC,New Caledonia,,,
NE,iso,NE,Niger,,,
NF,iso,NF,Norfolk Island,,,
NG,iso,NG,Nigeria,,,
NI,iso,NI,Nicaragua,,,
NL,iso,NL,Netherlands,,,
NO,iso,NO,Norway,,,
NP,iso,NP,Nepal,,,
NR,iso,NR,Nauru,,,
NU,iso,NU,Niue,,,
NZ,iso,NZ,New Zealand,,,
OM,iso,OM,Oman,,,
PA,iso,PA,Panama,,,
PE,iso,PE,Peru,,,
PF,iso,PF,French Polynesia,,,
PG,iso,PG,Papua New Guinea,,,
PH,iso,PH,Philippines,,,
PK,iso,PK,Pakistan,,,
PL,iso,PL,Poland,,,
PM,iso,PM,Saint Pierre and Miquelon,,,
PN,iso,PN,Pitcairn,,,
PR,iso,PR,Puerto Rico,,,
PS,iso,PS,"Palestine, State of",,,
PT,iso,PT,Portugal,,,
PW,iso,PW,Palau,,,
PY,iso,PY,Paraguay,,,
QA,iso,QA,Qatar,,,
RE,iso,RE,Réunion,,,
RO,iso,RO,Romania,,,
RS,iso,RS,Serbia,,,
RU,iso,RU,Russian Federation,,,
RW,iso,RW,Rwanda,,,
SA,iso,SA,Saudi Arabia,,,
SB,iso,SB,Solomon Islands,,,
SC,iso,SC,Seychelles,,,
SD,iso,SD,Sudan,,,
SE,iso,SE,Sweden,,,
SG,iso,SG,Singapore,,,
SH,iso,SH,"Saint Helena, Ascension and Tristan da Cunha",,,
SI,iso,SI,Slovenia,,,
SJ,iso,SJ,Svalbard and Jan Mayen,,,
SK,iso,SK,Slovakia,,,
SL,iso,SL,Sierra Leone,,,
SM,iso,SM,San Marino,,,
SN,iso,SN,Senegal,,,
SO,iso,SO,Somalia,,,
SR,iso,SR,Suriname,,,
SS,iso,SS,South Sudan,,,
ST,iso,ST,Sao Tome and Principe,,,
SV,iso,SV,El Salvador,,,
SX,iso,SX,Sint Maarten (Dutch part),,,
SY,iso,SY,Syrian Arab Republic,,,
SZ,iso,SZ,Eswatini,,,
TC,iso,TC,Turks and Caicos Islands,,,
TD,iso,TD,Chad,,,
TF,iso,TF,French Southern Territories,,,
TG,iso,TG,Togo,,,
TH,iso,TH,Thailand,,,
TJ,iso,TJ,Tajikistan,,,
TK,iso,TK,Tokelau,,,
TL,iso,TL,Timor-Leste,,,
TM,iso,TM,Turkmenistan,,,
TN,iso,TN,Tunisia,,,
TO,iso,TO,Tonga,,,
TR,iso,TR,Türkiye,,,
TT,iso,TT,Trinidad and Tobago,,,
TV,iso,TV,Tuvalu,,,
TW,iso,TW,"Taiwan, Province of China",,,
TZ,iso,TZ,"Tanzania, United Republic of",,,
UA,iso,UA,Ukraine,,,
UG,iso,UG,Uganda,,,
UM,iso,UM,United States Minor Outlying Islands,,,
US,iso,US,United States,,,
UY,iso,UY,Uruguay,,,
UZ,iso,UZ,Uzbekistan,,,
VA,iso,VA,Holy See (Vatican City State),,,
VC,iso,VC,Saint Vincent and the Grenadines,,,
VE,iso,VE,"Venezuela, Bolivarian Republic of",,,
VG,iso,VG,"Virgin Islands, British",,,
VI,iso,VI,"Virgin Islands, U.S.",,,
VN,iso,VN,Viet Nam,,,
VU,iso,VU,Vanuatu,,,
WF,iso,WF,Wallis and Futuna,,,
WS,iso,WS,Samoa,,,
YE,iso,YE,Yemen,,,
YT,iso,YT,Mayotte,,,
ZA,iso,ZA,South Africa,,,
ZM,iso,ZM,Zambia,,,
ZW,iso,ZW,Zimbabwe,,,
-/Bir Tawil#1729635091,registry_extra,-,Bir Tawil,Between Egypt and Sudan,BRT:32,1874
-/Cyprus U.N. Buffer Zone#1159320511,registry_extra,-,Cyprus U.N. Buffer Zone,,CY:31 CNM:1,268
-/Dhekelia#1159320709,registry_extra,-,Dhekelia,U.K. Base,ESB:32,102
-/Georgia#1159320785,registry_extra,-,Georgia,Self admin.; Claimed by Georgia,GE:28 B35:4,5601
-/Georgia#1159320787,registry_extra,-,Georgia,Self admin.; Claimed by Georgia,GE:28 B37:4,2965
-/Kosovo#1159321007,registry_extra,-,Kosovo,,KOS:19 RS:13,7193
-/N. Cyprus#1159320531,registry_extra,-,N. Cyprus,Self admin.; Claimed by Cyprus,CY:30 CYN:2,2602
-/Siachen Glacier#1159320963,registry_extra,-,Siachen Glacier,Claimed by Pakistan and India,IN:28 PK:2 B45:1 KAS:1,1633
-/Somaliland#1159321259,registry_extra,-,Somaliland,Self admin.; Claimed by Somalia,SO:30 SOL:2,166014
-/Southern Patagonian Ice Field#1729635141,registry_extra,-,Southern Patagonian Ice Field,Claimed by Chile and Argentina; under survey,-99:30 AR:1 SPI:1,695
AZ/Azerbaijan#1159320385,registry_extra,AZ,Azerbaijan,Self admin.; Claimed by Azer.,AZ:31 B38:1,2220
BR/Corner of Artigas#1159320443,registry_extra,BR,Corner of Artigas,Admin. by Brazil; Claimed by Uruguay,B92:30 BR:2,225
BT/Bhutan#1159320455,registry_extra,BT,Bhutan,Admin. by Bhutan; Claimed by China,BT:30 CN:1 TW:1,1206
CN/China#1159320485,registry_extra,CN,China,Admin. by China; Ceded to China by Pakistan; Claimed by India; Admin. by China; Claimed by India,CN:30 IN:1 TW:1,28517
ES/Spain#1159320611,registry_extra,ES,Spain,Admin. by Spain; Claimed by Portugal,ES:31 PT:1,434
IL/East Jerusalem+No Man's Land (Fort Latrun)+No Man's Land (Jerusalem)#1159320909,registry_extra,IL,East Jerusalem; No Man's Land (Fort Latrun); No Man's Land (Jerusalem),Admin. By Israel; Claimed by Palestine,IL:27 PS:5,101
IL/Golan Heights#1159320905,registry_extra,IL,Golan Heights,Admin. By Israel; Claimed by Syria,SY:16 B16:13 IL:3,974
IN/India#1159320865,registry_extra,IN,India,Admin. by India; Claimed by China,IN:24 CN:5 PK:2 TW:1,1852
IN/India#1159320857,registry_extra,IN,India,Admin. by India; Claimed by China,IN:30 CN:1 TW:1,59282
IN/India#1159320869,registry_extra,IN,India,Admin. by India; Claimed by Pakistan,IN:30 PK:2,92375
IN/India#1159320859,registry_extra,IN,India,Admin. by India; Claimed by China,IN:29 CN:2 TW:1,1495
KE/Kenya#1159320973,registry_extra,KE,Kenya,Admin. by Kenya; Claimed by South Sudan,B17:17 KE:11 SS:4,3411
MA/Morocco#1159321037,registry_extra,MA,Morocco,Admin. by Morocco; Claimed by Western Sahara,EH:22 MA:10,160553
PK/Pakistan#1159321155,registry_extra,PK,Pakistan,Admin. by Pakistan; Claimed by India,PK:29 IN:3,60211
RU/Crimea#1159321217,registry_extra,RU,Crimea,Admin. by Russia; Claimed by Ukraine,UA:30 RU:2,16267
RU/Russia#1159321213,registry_extra,RU,Russia,Admin. by Russia; Claimed by Japan,RU:29 JP:3,3053
SD/Sudan#1159321231,registry_extra,SD,Sudan,Admin. by Sudan; Claimed by South Sudan,B13:29 SD:3,10784
UA/Ukraine#1763286545,registry_extra,UA,Ukraine,Self admin.; Claimed by Ukraine,UA:31 C02:1,5095
UA/Ukraine#1763286547,registry_extra,UA,Ukraine,Self admin.; Claimed by Ukraine,UA:31 C03:1,4373
CL/cl-rapa-nui,crw,CL,Rapa Nui (Easter Island),"Non-residents (including Chileans) are limited to a 30-day stay and must show an entry form, return ticket and accommodation.",stay_limit island cited_secondary,
CN/cn-guilin-asean-groups,crw,CN,Guilin ASEAN tour-group visa waiver,"ASEAN tour groups may stay 6 days visa-free in Guilin only, entering via Guilin airport.",visa_exemption admin_unit cited_secondary,
CN/cn-hainan,crw,CN,Hainan Province,Nationals of 59 countries may enter Hainan visa-free for 30 days and must stay within the province; foreign tour groups from HK/Macau get 144 h in Hainan.,visa_exemption admin_unit cited_secondary,
CN/cn-tibet,crw,CN,Tibet Autonomous Region,"Foreigners need a Tibet Travel Permit, checked on boarding transport to Tibet.",permit_whole_territory admin_unit cited_secondary,
CN/cn-xishuangbanna-asean-groups,crw,CN,Xishuangbanna ASEAN tour-group visa waiver,ASEAN tour groups may stay 6 days visa-free in Xishuangbanna only.,visa_exemption admin_unit cited_secondary,
CO/co-san-andres,crw,CO,"Archipelago of San Andrés, Providencia and Santa Catalina","Every non-resident, Colombians included, needs an OCCRE tourist card to enter; tourist stay is capped at 4 months per year.",stay_limit admin_unit cited_secondary,
EC/ec-galapagos,crw,EC,Galápagos Province,All visitors must obtain a Transit Control Card (TCT); tourist stay is capped (60 days per year per earlier sample).,stay_limit admin_unit cited_secondary,
FR/fr-clipperton,crw,FR,Clipperton Island,Landing and stay need prior authorisation of the High Commissioner in French Polynesia / overseas minister (Décret 2023-1182; arrêté of 2025-11-03).,permit_whole_territory island cited_secondary,
GR/gr-mount-athos,crw,GR,Mount Athos,Entry needs a special permit (diamonitirion); women are not admitted.,permit_whole_territory admin_unit cited_secondary,
IN/in-arunachal-pradesh,crw,IN,Arunachal Pradesh,Foreigners need a Protected Area Permit for the whole state; non-resident Indians need an Inner Line Permit.,permit_whole_territory admin_unit cited_secondary,
IN/in-sikkim,crw,IN,Sikkim,Whole state is partly Protected and partly Restricted Area; foreigners need a permit.,permit_whole_territory admin_unit cited_secondary,
KR/kr-jeju,crw,KR,Jeju Province,"Most ordinary-passport holders otherwise needing a Korean visa may stay 30 days visa-free in Jeju Province only, arriving on direct international flights to Jeju.",visa_exemption admin_unit cited_secondary,
MD/md-transnistria,crw,MD,Transnistria,Own checkpoints issue a migration card (45 days); since 2023-04-01 Ukrainian men 18-60 need MGB permission.,separate_immigration_control de_facto_territory cited_secondary,
MX/mx-southern-border-tvr,crw,MX,Mexico southern border states (Regional Visitor Card),"Nationals/permanent residents of Guatemala, Belize, El Salvador and Honduras may visit Campeche, Chiapas, Tabasco, Quintana Roo and Yucatán for up to 7 days per entry on a TVR, without a visa; not valid elsewhere.",visa_exemption admin_unit confirmed_primary,
MY/my-sabah,crw,MY,Sabah,"Separate state immigration control: arrivals from Peninsular Malaysia, including Malaysians, pass immigration and get a separate stay permission.",separate_immigration_control admin_unit cited_secondary,
MY/my-sarawak,crw,MY,Sarawak,"Separate state immigration control with its own stay permission, also for Malaysians from other states.",separate_immigration_control admin_unit cited_secondary,
RU/ru-chukotka,crw,RU,Chukotka Autonomous Okrug,The okrug is a 'territory with regulated entry for foreign visitors': foreigners need an FSB-coordinated authorisation plus a border-zone pass.,permit_whole_territory admin_unit confirmed_primary,
SH/sh-ascension,crw,SH,Ascension Island,"All nationalities, British citizens included, need an Ascension e-visa in advance; no visa on arrival; several nationalities not issued visas.",own_visa_system island confirmed_primary,
SH/sh-tristan-da-cunha,crw,SH,Tristan da Cunha,All visitors need prior approval of the Administrator / Island Council to land.,permit_whole_territory island confirmed_primary,
SO/so-puntland,crw,SO,Puntland,Puntland rejects the federal e-visa (Sept 2025) and charges its own USD 60 visa on arrival; launched own visa system Nov 2025.,own_visa_system admin_unit cited_secondary,
TJ/tj-gbao,crw,TJ,Gorno-Badakhshan Autonomous Oblast (GBAO),All foreigners need a separate GBAO permit (via e-visa or OVIR) in addition to visa/visa-free entry; checked at oblast checkpoints.,permit_whole_territory admin_unit cited_secondary,
TW/tw-kinmen,crw,TW,Kinmen County,PRC nationals may get a 15-day entry permit on arrival if they stay only in Kinmen/Matsu/Penghu and arrive by boat at listed ports.,visa_exemption admin_unit cited_secondary,
TW/tw-matsu,crw,TW,Lienchiang County (Matsu),"Same permit on arrival, valid only for the offshore counties.",visa_exemption admin_unit cited_secondary,
TZ/tz-zanzibar,crw,TZ,Zanzibar,Own immigration checks on arrival from the mainland; since 2024-10-01 all visitors must buy Zanzibar-specific travel insurance.,separate_immigration_control admin_unit cited_secondary,
VN/vn-phu-quoc,crw,VN,Phu Quoc Island,All foreign visitors arriving directly from abroad may stay 30 days visa-free if they remain on Phu Quoc.,visa_exemption island cited_secondary,
YE/ye-socotra,crw,YE,Socotra Archipelago,Tourists enter on a Socotra-only visa issued by the Socotra immigration office via a local sponsor (flights from Abu Dhabi); it is not valid for mainland Yemen.,own_visa_system admin_unit cited_secondary,
