name,iso,area_km2,reason
Akrotiri,-,78,below_resolution
Bajo Nuevo Bank,-,0,below_resolution
Scarborough Reef,-,0,below_resolution
Serranilla Bank,-,0,below_resolution
Spratly Is.,-,12,below_resolution
USNB Guantanamo Bay,-,62,below_resolution
Paracel Is.,CN,6,below_resolution
Tiran and Sanafir Is.,EG,79,below_resolution
Doumera I.,ER,1,below_resolution
Ceuta; Melilla; Spain,ES,48,below_resolution
Greenland,GL,5,below_resolution
S. Sandwich Is.,GS,52,below_resolution
Dragonja River,HR,1,below_resolution
Mount Scopus,IL,1,below_resolution
Shebaa Farms,IL,15,below_resolution
India,IN,51,below_resolution
Iran,IR,10,below_resolution
Nansei-shoto,JP,5,below_resolution
Dokdo,KR,0,below_resolution
S. Sudan,SS,18,below_resolution
W. Sahara,EH,82197,whole_iso_entry
Falkland Is.,FK,4980,whole_iso_entry
S. Georgia,GS,1238,whole_iso_entry
Israel,IL,17357,whole_iso_entry
Taiwan,TW,33134,whole_iso_entry
