"id","name","parties","approx_area_km2","kind","origin","on_the_ground","inhabited","traveller_access","in_natural_earth","sources","evidence"
"al-fashaga","Al-Fashaga district","Sudan (controls most since 2020); Ethiopia (Amhara farmers and militia)","","line_position","1902 Anglo-Ethiopian treaty line was never demarcated on the ground; a 2008 compromise broke down in 2020.","Sudanese army holds most of it; farmland with armed clashes.","yes","closed","no","https://en.wikipedia.org/wiki/List_of_territorial_disputes https://github.com/factbook/factbook.json/tree/588c5b5084ee9c5e7ed0666c7be8f692c0329f56 https://en.wikipedia.org/wiki/Al-Fashaga_conflict","secondary"
"abyei","Abyei Area","Sudan; South Sudan; UN (UNISFA)","10546","own_regime","Special administrative status under the 2005 Comprehensive Peace Agreement; the promised referendum was never held after South Sudan's 2011 independence.","Neither state fully administers it; UN force UNISFA deployed since 2011; local Ngok Dinka administration.","yes","restricted","yes","https://en.wikipedia.org/wiki/List_of_territorial_disputes https://github.com/factbook/factbook.json/tree/588c5b5084ee9c5e7ed0666c7be8f692c0329f56 https://en.wikipedia.org/wiki/Condominium_(international_law)","secondary"
"kafia-kingi","Kafia Kingi enclave","Sudan (controls); South Sudan (claims)","12500","paper_claim","Transferred north of the 1 January 1956 line to Darfur in 1960; South Sudan claims it under the 2005 CPA rule.","Sudan controls most of it; largely Radom National Park; remote and insecure.","yes","closed","no","https://en.wikipedia.org/wiki/List_of_territorial_disputes https://en.wikipedia.org/wiki/Kafia_Kingi","secondary"
"heglig","Heglig (Panthou) oil field area","Sudan (controls); South Sudan (claims)","","line_position","Position of the 1956 north-south line disputed after 2011; South Sudan briefly took it in April 2012.","Sudan runs it as part of West/South Kordofan; oil installations.","yes","closed","no","https://en.wikipedia.org/wiki/List_of_territorial_disputes","secondary"
"sudan-south-sudan-other-border-areas","14-Mile Area, Jodha, Kaka, Jebel Megeinis, Bebnis","Sudan; South Sudan","","line_position","Segments of the 1 January 1956 line left undetermined at South Sudan's independence in 2011.","Mixed local control; a 2012 agreement foresaw a demilitarised border zone that was only partly implemented.","yes","closed","no","https://en.wikipedia.org/wiki/List_of_territorial_disputes https://github.com/factbook/factbook.json/tree/588c5b5084ee9c5e7ed0666c7be8f692c0329f56 https://en.wikipedia.org/wiki/Demilitarized_zone","secondary"
"banc-du-geyser","Banc du Geyser","France (claims as part of Scattered Islands); Madagascar; Comoros","","islets_for_maritime_zone","Drying reef claimed by Madagascar in 1976 and by France and Comoros.","No permanent land or presence; reef mostly awash.","no","expedition_only","no","https://en.wikipedia.org/wiki/List_of_territorial_disputes https://github.com/factbook/factbook.json/tree/588c5b5084ee9c5e7ed0666c7be8f692c0329f56","secondary"
"scattered-islands-mozambique-channel","Bassas da India, Europa Island, Juan de Nova Island","France (administers, TAAF); Madagascar (claims)","35","islets_for_maritime_zone","Detached from Madagascar by France before independence in 1960; Madagascar has claimed them since the 1970s.","French military detachments and nature reserve; no civilians.","garrison_only","restricted","yes","https://en.wikipedia.org/wiki/List_of_territorial_disputes https://github.com/factbook/factbook.json/tree/588c5b5084ee9c5e7ed0666c7be8f692c0329f56 https://www.naturalearthdata.com/downloads/10m-cultural-vectors/10m-admin-0-breakaway-disputed-areas/","secondary"
"glorioso-islands","Glorioso Islands","France (administers, TAAF); Madagascar; Comoros (claims)","5","islets_for_maritime_zone","Retained by France at Madagascar's independence in 1960.","French detachment and weather station; nature reserve.","garrison_only","restricted","yes","https://en.wikipedia.org/wiki/List_of_territorial_disputes https://github.com/factbook/factbook.json/tree/588c5b5084ee9c5e7ed0666c7be8f692c0329f56 https://www.naturalearthdata.com/downloads/10m-cultural-vectors/10m-admin-0-breakaway-disputed-areas/","secondary"
"tromelin","Tromelin Island","France (administers, TAAF); Mauritius (claims)","1","islets_for_maritime_zone","Mauritius has claimed it since 1976; a 2010 co-management agreement was never ratified by France.","French weather station staff only.","garrison_only","restricted","yes","https://en.wikipedia.org/wiki/List_of_territorial_disputes https://github.com/factbook/factbook.json/tree/588c5b5084ee9c5e7ed0666c7be8f692c0329f56 https://www.naturalearthdata.com/downloads/10m-cultural-vectors/10m-admin-0-breakaway-disputed-areas/","secondary"
"ceuta","Ceuta","Spain (administers); Morocco (claims)","18.5","paper_claim","Spanish since 1668 treaty (held from 1580); Morocco has claimed it since independence in 1956.","Ordinary Spanish autonomous city, EU territory with a fenced land border.","yes","open","yes","https://en.wikipedia.org/wiki/List_of_territorial_disputes https://github.com/factbook/factbook.json/tree/588c5b5084ee9c5e7ed0666c7be8f692c0329f56 https://www.naturalearthdata.com/downloads/10m-cultural-vectors/10m-admin-0-breakaway-disputed-areas/","secondary"
"melilla","Melilla","Spain (administers); Morocco (claims)","12.3","paper_claim","Spanish since 1497; claimed by Morocco since 1956.","Ordinary Spanish autonomous city with a fenced land border.","yes","open","yes","https://en.wikipedia.org/wiki/List_of_territorial_disputes https://github.com/factbook/factbook.json/tree/588c5b5084ee9c5e7ed0666c7be8f692c0329f56 https://www.naturalearthdata.com/downloads/10m-cultural-vectors/10m-admin-0-breakaway-disputed-areas/","secondary"
"penon-de-velez-de-la-gomera","Peñón de Vélez de la Gomera","Spain (administers); Morocco (claims)","0.02","paper_claim","Spanish fortress since 1564; joined to the Moroccan shore by a sand isthmus since 1934.","Spanish army garrison only; has a short land border on the beach.","garrison_only","closed","yes","https://en.wikipedia.org/wiki/List_of_territorial_disputes https://github.com/factbook/factbook.json/tree/588c5b5084ee9c5e7ed0666c7be8f692c0329f56 https://www.naturalearthdata.com/downloads/10m-cultural-vectors/10m-admin-0-breakaway-disputed-areas/","secondary"
"penon-de-alhucemas","Peñón de Alhucemas and islets","Spain (administers); Morocco (claims)","0.05","paper_claim","Spanish since 1673.","Spanish army garrison only.","garrison_only","closed","yes","https://en.wikipedia.org/wiki/List_of_territorial_disputes https://github.com/factbook/factbook.json/tree/588c5b5084ee9c5e7ed0666c7be8f692c0329f56 https://www.naturalearthdata.com/downloads/10m-cultural-vectors/10m-admin-0-breakaway-disputed-areas/","secondary"
"islas-chafarinas","Chafarinas Islands","Spain (administers); Morocco (claims)","0.5","paper_claim","Occupied by Spain in 1848.","Spanish garrison and a biological station.","garrison_only","closed","yes","https://en.wikipedia.org/wiki/List_of_territorial_disputes https://github.com/factbook/factbook.json/tree/588c5b5084ee9c5e7ed0666c7be8f692c0329f56 https://www.naturalearthdata.com/downloads/10m-cultural-vectors/10m-admin-0-breakaway-disputed-areas/","secondary"
"perejil","Perejil (Leila) Island","Spain; Morocco","0.15","paper_claim","Both claim it; after a 2002 armed incident both agreed to return to the status quo of leaving it unoccupied.","Deserted islet, no presence by either side.","no","closed","yes","https://en.wikipedia.org/wiki/List_of_territorial_disputes https://github.com/factbook/factbook.json/tree/588c5b5084ee9c5e7ed0666c7be8f692c0329f56 https://www.naturalearthdata.com/downloads/10m-cultural-vectors/10m-admin-0-breakaway-disputed-areas/","secondary"
"chagos","Chagos Archipelago (British Indian Ocean Territory)","United Kingdom (administers); Mauritius (claims; cession treaty signed 22 May 2025, not ratified as of April 2026); Maldives (objects)","56","paper_claim","Detached from Mauritius in 1965 before independence; population removed 1967-1973; ICJ advisory opinion 2019 against the UK.","UK territory with no civilians outside the Diego Garcia base; outer atolls reachable only by permitted yachts.","garrison_only","restricted","yes","https://en.wikipedia.org/wiki/List_of_territorial_disputes https://github.com/factbook/factbook.json/tree/588c5b5084ee9c5e7ed0666c7be8f692c0329f56 https://www.naturalearthdata.com/downloads/10m-cultural-vectors/10m-admin-0-breakaway-disputed-areas/ https://en.wikipedia.org/wiki/Chagos_Archipelago_sovereignty_dispute","secondary"
"diego-garcia","Diego Garcia base","United Kingdom (territory); United States (base); Mauritius (claims)","30","lease_or_base","UK made the island available to the US by a 1966 exchange of notes; the 2025 UK-Mauritius treaty would lease it back for 99 years.","Joint UK-US military base; no civilian access.","garrison_only","closed","yes","https://www.naturalearthdata.com/downloads/10m-cultural-vectors/10m-admin-0-breakaway-disputed-areas/ https://en.wikipedia.org/wiki/Chagos_Archipelago_sovereignty_dispute","memory"
"doumeira","Ras Doumeira and Doumeira Island","Eritrea (occupies); Djibouti (claims)","","line_position","Conflicting colonial texts of 1900 and 1935; armed clash in 2008; Qatari peacekeepers left in 2017.","Eritrean troops hold the cape and island.","garrison_only","closed","yes","https://en.wikipedia.org/wiki/List_of_territorial_disputes https://github.com/factbook/factbook.json/tree/588c5b5084ee9c5e7ed0666c7be8f692c0329f56 https://www.naturalearthdata.com/downloads/10m-cultural-vectors/10m-admin-0-breakaway-disputed-areas/","secondary"
"guinea-liberia-makona","Guinea-Liberia border at the Makona River (Sorlumba, Foya District)","Liberia; Guinea","","line_position","Disagreement over the river boundary flared in March 2026 when Guinean soldiers crossed near Sorlumba.","Riverbank locality with reported Guinean military presence; talks under ECOWAS.","yes","unknown","no","https://en.wikipedia.org/wiki/List_of_territorial_disputes","secondary"
"halaib-triangle","Hala'ib Triangle","Egypt (administers); Sudan (claims)","20580","paper_claim","1899 political boundary (22nd parallel) versus 1902 administrative boundary; Egypt took full control in the 1990s.","Run as ordinary Egyptian territory (Red Sea Governorate) with checkpoints.","yes","restricted","yes","https://en.wikipedia.org/wiki/List_of_territorial_disputes https://github.com/factbook/factbook.json/tree/588c5b5084ee9c5e7ed0666c7be8f692c0329f56 https://www.naturalearthdata.com/downloads/10m-cultural-vectors/10m-admin-0-breakaway-disputed-areas/ https://en.wikipedia.org/wiki/Terra_nullius","secondary"
"bir-tawil","Bir Tawil","none (Egypt and Sudan each attribute it to the other)","2060","no_agreed_boundary","Same 1899/1902 discrepancy as Hala'ib; each state asserts the line that gives it Hala'ib, leaving Bir Tawil unclaimed.","No state administration; nomads and informal gold miners.","no","expedition_only","yes","https://en.wikipedia.org/wiki/List_of_territorial_disputes https://github.com/factbook/factbook.json/tree/588c5b5084ee9c5e7ed0666c7be8f692c0329f56 https://www.naturalearthdata.com/downloads/10m-cultural-vectors/10m-admin-0-breakaway-disputed-areas/ https://en.wikipedia.org/wiki/Terra_nullius","secondary"
"wadi-halfa-salient","Wadi Halfa Salient","Sudan; Egypt","","paper_claim","Small 1899/1902 discrepancy on the Nile north of the 22nd parallel.","Mostly flooded by Lake Nasser/Nubia since the 1960s; current control not verified.","no","unknown","no","https://en.wikipedia.org/wiki/List_of_territorial_disputes","memory"
"migingo","Migingo Island and nearby Lake Victoria islets","Kenya (administers); Uganda (claims/has police presence)","0.002","line_position","Dispute since 2004-2008 over where the 1926 colonial lake boundary runs relative to the rock.","Crowded fishing settlement with both Kenyan and Ugandan police present.","yes","open","no","https://en.wikipedia.org/wiki/List_of_territorial_disputes https://github.com/factbook/factbook.json/tree/588c5b5084ee9c5e7ed0666c7be8f692c0329f56","secondary"
"ilemi-triangle","Ilemi Triangle","Kenya (administers); South Sudan (claims); Ethiopia (no claim)","14000","no_agreed_boundary","Several colonial patrol lines (1914, 1938, 1947, 1950) and no final treaty line; Kenya has administered it since colonial times.","Kenyan police posts; Turkana and other pastoralists; no visible border.","yes","restricted","yes","https://en.wikipedia.org/wiki/List_of_territorial_disputes https://github.com/factbook/factbook.json/tree/588c5b5084ee9c5e7ed0666c7be8f692c0329f56 https://www.naturalearthdata.com/downloads/10m-cultural-vectors/10m-admin-0-breakaway-disputed-areas/","secondary"
"kangwane-ingwavuma","KaNgwane and Ingwavuma","South Africa (administers); Eswatini (claims)","","paper_claim","Eswatini claims land it says was taken in colonial times; a 1982 transfer plan was abandoned.","Ordinary parts of Mpumalanga and KwaZulu-Natal.","yes","open","no","https://en.wikipedia.org/wiki/List_of_territorial_disputes https://github.com/factbook/factbook.json/tree/588c5b5084ee9c5e7ed0666c7be8f692c0329f56","secondary"
"koalou","Koalou (Kourou) neutral zone","Benin; Burkina Faso (joint committee COMGEC-K)","68","own_regime","Disputed since independence; in 2008 both removed symbols of sovereignty and since 2009 a joint committee manages it pending settlement.","Three villages under joint management; security presence of both states is limited and the area is insecure.","yes","closed","no","https://en.wikipedia.org/wiki/List_of_territorial_disputes https://github.com/factbook/factbook.json/tree/588c5b5084ee9c5e7ed0666c7be8f692c0329f56 https://en.wikipedia.org/wiki/Condominium_(international_law) https://en.wikipedia.org/wiki/Koalou","secondary"
"kpeaba","Kpéaba village area","Côte d'Ivoire; Guinea","","line_position","Undemarcated border section; Guinean troops occupied the village in 2013 and an incident followed in 2016.","Ivorian-administered village.","yes","unknown","no","https://en.wikipedia.org/wiki/List_of_territorial_disputes","secondary"
"logoba-moyo","Logoba / Moyo-Kajo Keji border area","Uganda; South Sudan","","line_position","1914 colonial order defined the border by tribal limits and it was never demarcated; clashes in 2014.","Farmland used by both communities.","yes","unknown","no","https://en.wikipedia.org/wiki/List_of_territorial_disputes","secondary"
"lunkinda-pweto","Lunkinda (Lunchinda) - Pweto triangle near Chiengi","DR Congo (administers); Zambia (claims)","","line_position","Different readings of an 1894 colonial treaty; incidents in 1996, 2006 and later.","Congolese-administered villages on the right bank of the Lunkinda.","yes","unknown","no","https://en.wikipedia.org/wiki/List_of_territorial_disputes https://github.com/factbook/factbook.json/tree/588c5b5084ee9c5e7ed0666c7be8f692c0329f56","secondary"
"mayotte","Mayotte","France (administers); Comoros (claims)","374","paper_claim","Voted to stay French in 1974/1976 when the rest of Comoros became independent; French department since 2011.","Ordinary French overseas department, EU outermost region.","yes","open","yes","https://en.wikipedia.org/wiki/List_of_territorial_disputes https://github.com/factbook/factbook.json/tree/588c5b5084ee9c5e7ed0666c7be8f692c0329f56 https://www.naturalearthdata.com/downloads/10m-cultural-vectors/10m-admin-0-breakaway-disputed-areas/","secondary"
"lake-nyasa-islands","Islands in Mbamba Bay and eastern Lake Nyasa/Malawi","Tanzania (administers); Malawi (claims the whole lake to the shore)","","line_position","1890 Anglo-German treaty put the border on the Tanzanian shore; Tanzania argues for the median line.","Tanzanian-administered shore islets; fishing.","unknown","unknown","no","https://en.wikipedia.org/wiki/List_of_territorial_disputes https://github.com/factbook/factbook.json/tree/588c5b5084ee9c5e7ed0666c7be8f692c0329f56","secondary"
"congo-river-islands","Islands in the Congo River","Republic of the Congo; DR Congo","","no_agreed_boundary","The boundary in the river was never defined except in Pool Malebo.","Islands used by fishers from both banks; attribution undefined.","unknown","unknown","no","https://en.wikipedia.org/wiki/List_of_territorial_disputes https://github.com/factbook/factbook.json/tree/588c5b5084ee9c5e7ed0666c7be8f692c0329f56","secondary"
"ntem-island","Island at the mouth of the Ntem River","Cameroon; Equatorial Guinea","","line_position","Sovereignty over an island at the river mouth is contested.","","unknown","unknown","no","https://en.wikipedia.org/wiki/List_of_territorial_disputes https://github.com/factbook/factbook.json/tree/588c5b5084ee9c5e7ed0666c7be8f692c0329f56","secondary"
"okpara-villages","Villages near the Okpara River","Benin; Nigeria","","line_position","Undemarcated river boundary section.","","yes","unknown","no","https://en.wikipedia.org/wiki/List_of_territorial_disputes","secondary"
"sabanerwa","Sabanerwa and the Rufunzo Valley","Rwanda; Burundi","2","line_position","The Akanyaru River changed course in 1965, moving farmland to the other bank.","Farmed hill area.","yes","unknown","no","https://en.wikipedia.org/wiki/List_of_territorial_disputes https://github.com/factbook/factbook.json/tree/588c5b5084ee9c5e7ed0666c7be8f692c0329f56","secondary"
"rukwanzi-semliki","Rukwanzi Island (Lake Albert) and Semliki River valley","DR Congo; Uganda","","line_position","River course shifts and unclear lake boundary; deadly incident in 2007 linked to oil exploration.","Fishing settlement on the island.","yes","unknown","no","https://en.wikipedia.org/wiki/List_of_territorial_disputes https://github.com/factbook/factbook.json/tree/588c5b5084ee9c5e7ed0666c7be8f692c0329f56","secondary"
"margherita-peak","Margherita Peak (Rwenzori)","DR Congo; Uganda","","line_position","DR Congo claims the summit; Uganda treats it as a point on the boundary divide.","Glaciated summit climbed from both sides.","no","open","no","https://en.wikipedia.org/wiki/List_of_territorial_disputes https://github.com/factbook/factbook.json/tree/588c5b5084ee9c5e7ed0666c7be8f692c0329f56","secondary"
"sindabezi","Sindabezi Island","Zambia (administers); Zimbabwe (claims)","","line_position","Island in the Zambezi above Victoria Falls; river boundary attribution contested.","Tourist lodge run from the Zambian side.","yes","open","no","https://en.wikipedia.org/wiki/List_of_territorial_disputes","secondary"
"orange-river-boundary","Orange River boundary","Namibia (claims median line); South Africa (claims north bank)","","line_position","1890 treaty put the border on the north bank; a 1994 surveyors' agreement on the middle was never ratified.","River islands and bank used by both sides; no visible difference.","no","open","no","https://en.wikipedia.org/wiki/List_of_territorial_disputes https://github.com/factbook/factbook.json/tree/588c5b5084ee9c5e7ed0666c7be8f692c0329f56","secondary"
"yenga","Yenga","Sierra Leone (claims); Guinea (troops present)","","line_position","Guinean troops entered in 1998-2001 during Sierra Leone's civil war and stayed; Guinea has acknowledged Sierra Leone's title but disputes the Makona riverbank line.","Small village with intermittent Guinean military presence.","yes","unknown","no","https://en.wikipedia.org/wiki/List_of_territorial_disputes https://github.com/factbook/factbook.json/tree/588c5b5084ee9c5e7ed0666c7be8f692c0329f56","secondary"
"la-guera","La Güera and the western side of Ras Nouadhibou","Mauritania (de facto control); Morocco and SADR (claim as Western Sahara)","","occupied_or_annexed","Mauritania kept a presence after withdrawing from Western Sahara in 1979; it lies south of the Moroccan wall.","Abandoned ghost town watched by Mauritanian troops.","garrison_only","restricted","no","https://github.com/factbook/factbook.json/tree/588c5b5084ee9c5e7ed0666c7be8f692c0329f56 https://en.wikipedia.org/wiki/La_Güera","secondary"
"western-sahara-moroccan-controlled","Western Sahara west of the berm","Morocco (controls, annexed); SADR/Polisario (claims)","213000","occupied_or_annexed","Spain withdrew in 1975; Morocco took control 1975-1979; UN lists it as a non-self-governing territory.","Run as ordinary Moroccan provinces; entered freely from Morocco.","yes","open","yes","https://en.wikipedia.org/wiki/List_of_territorial_disputes https://github.com/factbook/factbook.json/tree/588c5b5084ee9c5e7ed0666c7be8f692c0329f56 https://www.naturalearthdata.com/downloads/10m-cultural-vectors/10m-admin-0-breakaway-disputed-areas/","secondary"
"sadr-free-zone","Western Sahara east of the berm (Free Zone)","SADR/Polisario (controls); Morocco (claims)","53000","de_facto_state","Left under Polisario control by the 1991 ceasefire, which collapsed in November 2020.","Sparsely populated desert behind a mined sand wall; UN (MINURSO) buffer strip along the berm.","yes","closed","yes","https://en.wikipedia.org/wiki/List_of_territorial_disputes https://github.com/factbook/factbook.json/tree/588c5b5084ee9c5e7ed0666c7be8f692c0329f56 https://www.naturalearthdata.com/downloads/10m-cultural-vectors/10m-admin-0-breakaway-disputed-areas/","secondary"
"somaliland","Somaliland","Somaliland (self-governing); Somalia (claims)","176120","de_facto_state","Declared independence in 1991 within the borders of former British Somaliland; Israel recognised it in December 2025.","Own government, visa, currency and border posts.","yes","open","yes","https://en.wikipedia.org/wiki/List_of_territorial_disputes https://github.com/factbook/factbook.json/tree/588c5b5084ee9c5e7ed0666c7be8f692c0329f56 https://www.naturalearthdata.com/downloads/10m-cultural-vectors/10m-admin-0-breakaway-disputed-areas/","secondary"
"sool-sanaag-cayn","Sool, Sanaag and Cayn (SSC-Khatumo / North Eastern State)","Somalia's North Eastern State and Puntland (control most); Somaliland (claims)","","paper_claim","Contested between Somaliland and Puntland since 1998; Somaliland lost Las Anod in 2023.","Administered by Somalia-aligned local authorities; front line with Somaliland.","yes","closed","no","https://en.wikipedia.org/wiki/List_of_territorial_disputes","secondary"
"ethiopia-somalia-provisional-line","Ethiopia-Somalia provisional administrative line","Ethiopia; Somalia","","no_agreed_boundary","The southern part of the border is a provisional administrative line left by the British in 1950 and never delimited by treaty.","Pastoral borderland with no demarcation.","yes","closed","no","https://github.com/factbook/factbook.json/tree/588c5b5084ee9c5e7ed0666c7be8f692c0329f56","secondary"
"libya-algeria-claim","South-eastern Algeria claimed on Libyan maps","Algeria (administers); Libya (dormant map claim)","32000","paper_claim","Dormant Libyan claim still shown on its maps.","Ordinary Algerian Saharan territory.","yes","restricted","no","https://github.com/factbook/factbook.json/tree/588c5b5084ee9c5e7ed0666c7be8f692c0329f56","secondary"
"libya-niger-tummo","Tummo region","Niger (administers); Libya (dormant claim)","25000","paper_claim","Dormant Libyan claim in the Tummo region.","Remote Saharan frontier.","no","closed","no","https://github.com/factbook/factbook.json/tree/588c5b5084ee9c5e7ed0666c7be8f692c0329f56","secondary"
"burkina-niger-border","Burkina Faso-Niger border sectors","Burkina Faso; Niger","1063","resolved_recently","ICJ judgment of 2013; implemented 2015-2016 by exchanging 18 towns.","Line now fixed.","yes","closed","no","https://en.wikipedia.org/wiki/List_of_territorial_disputes https://github.com/factbook/factbook.json/tree/588c5b5084ee9c5e7ed0666c7be8f692c0329f56 https://en.wikipedia.org/wiki/Terra_nullius","secondary"
"badme","Badme","Eritrea; Ethiopia","","resolved_recently","Awarded to Eritrea by the boundary commission in 2002; Ethiopia accepted the award in the 2018 peace declaration.","Under Eritrean control since the 2020-2022 Tigray war; demarcation never completed.","yes","closed","no","https://en.wikipedia.org/wiki/List_of_territorial_disputes https://github.com/factbook/factbook.json/tree/588c5b5084ee9c5e7ed0666c7be8f692c0329f56","secondary"
"situngu","Situngu Island","Botswana; Namibia","","resolved_recently","Chobe River island disputed since the 1970s; a boundary treaty of 5 February 2018 left it with Botswana.","","no","unknown","no","https://en.wikipedia.org/wiki/List_of_territorial_disputes","secondary"
"mbanie","Mbanié, Cocotiers and Conga islands","Equatorial Guinea; Gabon","0.3","resolved_recently","Gabon occupied the islets in 1972; the ICJ ruled in May 2025 that they belong to Equatorial Guinea.","Handover status not verified.","yes","unknown","yes","https://en.wikipedia.org/wiki/List_of_territorial_disputes https://www.naturalearthdata.com/downloads/10m-cultural-vectors/10m-admin-0-breakaway-disputed-areas/ https://en.wikipedia.org/wiki/Mbanie_Island","secondary"
"bajo-nuevo","Bajo Nuevo Bank","Colombia (administers); United States; Honduras (constitutional claim)","0.02","islets_for_maritime_zone","US claim under the 1856 Guano Islands Act; ICJ confirmed Colombian sovereignty against Nicaragua in 2012.","Uninhabited cays with a Colombian lighthouse.","no","expedition_only","yes","https://en.wikipedia.org/wiki/List_of_territorial_disputes https://github.com/factbook/factbook.json/tree/588c5b5084ee9c5e7ed0666c7be8f692c0329f56 https://www.naturalearthdata.com/downloads/10m-cultural-vectors/10m-admin-0-breakaway-disputed-areas/","secondary"
"serranilla","Serranilla Bank","Colombia (administers); United States; Honduras (constitutional claim)","0.1","islets_for_maritime_zone","US Guano Islands Act claim; ICJ 2012 confirmed Colombian sovereignty against Nicaragua.","Small Colombian naval detachment on Beacon Cay.","garrison_only","expedition_only","yes","https://en.wikipedia.org/wiki/List_of_territorial_disputes https://github.com/factbook/factbook.json/tree/588c5b5084ee9c5e7ed0666c7be8f692c0329f56 https://www.naturalearthdata.com/downloads/10m-cultural-vectors/10m-admin-0-breakaway-disputed-areas/","secondary"
"conejo-island","Conejo Island","Honduras (controls); El Salvador (claims)","0.005","paper_claim","Not mentioned in the 1992 ICJ judgment on the Gulf of Fonseca; Honduras has garrisoned it since the 1980s.","Honduran military post on an islet 600 m off the Honduran shore.","garrison_only","closed","no","https://en.wikipedia.org/wiki/List_of_territorial_disputes https://github.com/factbook/factbook.json/tree/588c5b5084ee9c5e7ed0666c7be8f692c0329f56","memory"
"navassa","Navassa Island","United States (administers); Haiti (claims)","5.4","paper_claim","US claimed it in 1857 under the Guano Islands Act; Haiti claims it in its constitution.","Uninhabited US wildlife refuge; Haitian fishers camp there.","no","closed","yes","https://en.wikipedia.org/wiki/List_of_territorial_disputes https://github.com/factbook/factbook.json/tree/588c5b5084ee9c5e7ed0666c7be8f692c0329f56 https://www.naturalearthdata.com/downloads/10m-cultural-vectors/10m-admin-0-breakaway-disputed-areas/","secondary"
"sapodilla-cayes","Sapodilla Cayes","Belize (administers); Guatemala; Honduras (claims)","0.5","islets_for_maritime_zone","Claimed in Honduras's 1982 constitution and by Guatemala as part of its Belize claim; before the ICJ.","Belizean marine reserve with tourist visits and a coast guard post.","garrison_only","open","yes","https://en.wikipedia.org/wiki/List_of_territorial_disputes https://github.com/factbook/factbook.json/tree/588c5b5084ee9c5e7ed0666c7be8f692c0329f56 https://www.naturalearthdata.com/downloads/10m-cultural-vectors/10m-admin-0-breakaway-disputed-areas/","secondary"
"belize-guatemala-claim","Belize south of the Sibun River (and Belize as a whole)","Belize (administers); Guatemala (claims)","11030","paper_claim","Guatemala treats the 1859 Wyke-Aycinena Treaty as void; both states referred the claim to the ICJ after referendums in 2018-2019.","Ordinary Belizean territory; an OAS-monitored adjacency zone runs along the border.","yes","open","yes","https://en.wikipedia.org/wiki/List_of_territorial_disputes https://github.com/factbook/factbook.json/tree/588c5b5084ee9c5e7ed0666c7be8f692c0329f56 https://www.naturalearthdata.com/downloads/10m-cultural-vectors/10m-admin-0-breakaway-disputed-areas/ https://en.wikipedia.org/wiki/Belizean–Guatemalan_territorial_dispute","secondary"
"machias-seal-island","Machias Seal Island and North Rock","Canada (staffs lighthouse); United States (claims)","0.08","paper_claim","Ambiguity in the 1783 Treaty of Paris; left out of the 1984 Gulf of Maine case.","Canadian lighthouse keepers; limited puffin-watching landings from both countries.","garrison_only","restricted","no","https://en.wikipedia.org/wiki/List_of_territorial_disputes https://github.com/factbook/factbook.json/tree/588c5b5084ee9c5e7ed0666c7be8f692c0329f56","memory"
"guantanamo-bay","Guantanamo Bay Naval Base","United States (leaseholder); Cuba (sovereign, rejects the lease)","117","lease_or_base","Perpetual lease under 1903 and 1934 treaties; Cuba has protested since 1959.","US military jurisdiction behind a fenced, mined perimeter.","garrison_only","closed","yes","https://en.wikipedia.org/wiki/List_of_territorial_disputes https://github.com/factbook/factbook.json/tree/588c5b5084ee9c5e7ed0666c7be8f692c0329f56 https://www.naturalearthdata.com/downloads/10m-cultural-vectors/10m-admin-0-breakaway-disputed-areas/","secondary"
"essequibo","Guayana Esequiba (Guyana west of the Essequibo River)","Guyana (administers); Venezuela (claims)","159500","paper_claim","Venezuela declared the 1899 arbitral award void in 1962; case pending at the ICJ; Venezuela legislated a state there in 2024.","Ordinary Guyanese regions.","yes","open","yes","https://en.wikipedia.org/wiki/List_of_territorial_disputes https://github.com/factbook/factbook.json/tree/588c5b5084ee9c5e7ed0666c7be8f692c0329f56 https://www.naturalearthdata.com/downloads/10m-cultural-vectors/10m-admin-0-breakaway-disputed-areas/ https://en.wikipedia.org/wiki/Guyana–Venezuela_territorial_dispute","secondary"
"ankoko-island","Ankoko Island","Venezuela (occupies whole island); Guyana (claims eastern half)","6","occupied_or_annexed","Venezuelan troops occupied the Guyanese half in 1966.","Venezuelan military post and airstrip.","garrison_only","closed","no","https://en.wikipedia.org/wiki/List_of_territorial_disputes https://en.wikipedia.org/wiki/Guyana–Venezuela_territorial_dispute","secondary"
"rincon-de-artigas","Rincón de Artigas (Arroyo de la Invernada) and Vila Albornoz","Brazil (administers); Uruguay (claims)","237","line_position","Uruguay argues since 1934 that the 1851 treaty demarcation picked the wrong stream as the Invernada.","Ordinary Brazilian rural territory; open dry border nearby at Masoller.","yes","open","yes","https://en.wikipedia.org/wiki/List_of_territorial_disputes https://github.com/factbook/factbook.json/tree/588c5b5084ee9c5e7ed0666c7be8f692c0329f56 https://www.naturalearthdata.com/downloads/10m-cultural-vectors/10m-admin-0-breakaway-disputed-areas/","secondary"
"isla-brasilera","Brazilian Island (Ilha Brasileira)","Brazil (administers); Uruguay (claims)","2","line_position","Disagreement whether the island lies in the Quaraí mouth or in the Uruguay River; affects the tripoint with Argentina.","Uninhabited river island.","no","unknown","yes","https://en.wikipedia.org/wiki/List_of_territorial_disputes https://github.com/factbook/factbook.json/tree/588c5b5084ee9c5e7ed0666c7be8f692c0329f56 https://www.naturalearthdata.com/downloads/10m-cultural-vectors/10m-admin-0-breakaway-disputed-areas/","memory"
"falkland-islands","Falkland Islands (Malvinas)","United Kingdom (administers); Argentina (claims)","12173","paper_claim","British administration since 1833; war in 1982; claimed in Argentina's constitution.","Self-governing UK overseas territory.","yes","open","yes","https://en.wikipedia.org/wiki/List_of_territorial_disputes https://github.com/factbook/factbook.json/tree/588c5b5084ee9c5e7ed0666c7be8f692c0329f56 https://www.naturalearthdata.com/downloads/10m-cultural-vectors/10m-admin-0-breakaway-disputed-areas/","secondary"
"south-georgia-south-sandwich","South Georgia and the South Sandwich Islands","United Kingdom (administers); Argentina (claims)","3903","paper_claim","Argentine claims date from 1927 and 1938; occupied briefly in 1982.","UK overseas territory with only officials and scientists; visits by expedition ship.","garrison_only","expedition_only","yes","https://en.wikipedia.org/wiki/List_of_territorial_disputes https://github.com/factbook/factbook.json/tree/588c5b5084ee9c5e7ed0666c7be8f692c0329f56 https://www.naturalearthdata.com/downloads/10m-cultural-vectors/10m-admin-0-breakaway-disputed-areas/","secondary"
"lawa-headwaters","Marouini-Litani area (Lawa headwaters)","France/French Guiana (administers); Suriname (claims)","3500","line_position","Dispute over which tributary (Litani or Marouini) is the upper Lawa under 19th-century arbitration.","Rainforest with very few inhabitants; French administration.","no","expedition_only","yes","https://en.wikipedia.org/wiki/List_of_territorial_disputes https://github.com/factbook/factbook.json/tree/588c5b5084ee9c5e7ed0666c7be8f692c0329f56 https://www.naturalearthdata.com/downloads/10m-cultural-vectors/10m-admin-0-breakaway-disputed-areas/","secondary"
"tigri","New River Triangle (Tigri)","Guyana (administers); Suriname (claims)","15600","line_position","Dispute over which river (Kutari or New River) is the source of the Courantyne; Guyana expelled a Surinamese post in 1969.","Rainforest with a Guyanese army post (Camp Jaguar).","garrison_only","expedition_only","yes","https://en.wikipedia.org/wiki/List_of_territorial_disputes https://github.com/factbook/factbook.json/tree/588c5b5084ee9c5e7ed0666c7be8f692c0329f56 https://www.naturalearthdata.com/downloads/10m-cultural-vectors/10m-admin-0-breakaway-disputed-areas/","secondary"
"isla-suarez","Isla Suárez (Ilha de Guajará-Mirim)","Bolivia (administers); Brazil (claims)","","line_position","The 1958 Roboré Accord left it under Bolivian administration without settling sovereignty.","River island between Guayaramerín and Guajará-Mirim.","unknown","unknown","no","https://en.wikipedia.org/wiki/List_of_territorial_disputes https://github.com/factbook/factbook.json/tree/588c5b5084ee9c5e7ed0666c7be8f692c0329f56","secondary"
"southern-patagonian-ice-field","Southern Patagonian Ice Field (Fitz Roy - Cerro Murallón section)","Argentina; Chile","1400","no_agreed_boundary","The 1998 agreement left this section undrawn pending joint mapping.","Glacier with no administration; both countries' maps differ.","no","expedition_only","yes","https://en.wikipedia.org/wiki/List_of_territorial_disputes https://github.com/factbook/factbook.json/tree/588c5b5084ee9c5e7ed0666c7be8f692c0329f56 https://www.naturalearthdata.com/downloads/10m-cultural-vectors/10m-admin-0-breakaway-disputed-areas/","secondary"
"isla-santa-rosa","Santa Rosa Island (Amazon River)","Peru (administers); Colombia (contests since 2025)","","line_position","The island emerged around 1970, after the treaty line was fixed on the deepest channel; Colombia objected in 2025 when Peru created a district there.","Peruvian town opposite Leticia and Tabatinga, visited freely by boat.","yes","open","no","https://en.wikipedia.org/wiki/List_of_territorial_disputes","secondary"
"chile-peru-land-triangle","Land triangle at Punto Concordia","Chile (controls); Peru (claims)","0.037","line_position","Disagreement whether the land border starts at Hito 1 or at Punto Concordia, left open by the 2014 ICJ maritime judgment.","Empty strip of beach with no access.","no","closed","no","","memory"
"tiwinza","Tiwinza","Peru (sovereign); Ecuador (owns 1 km2 as property)","1","lease_or_base","The 1998 Brasilia peace accords gave Ecuador private ownership without sovereignty of the 1995 battle site.","Memorial site inside Peru reached by a corridor from Ecuador.","no","restricted","no","https://github.com/factbook/factbook.json/tree/588c5b5084ee9c5e7ed0666c7be8f692c0329f56","secondary"
"aves-island","Aves Island (Bird Island)","Venezuela (administers); neighbours contest its status as an island, not sovereignty","0.05","islets_for_maritime_zone","Dominica dropped its claim in 2006; Caribbean states dispute whether it generates an EEZ.","Venezuelan naval research station on stilts.","garrison_only","closed","yes","https://en.wikipedia.org/wiki/List_of_territorial_disputes https://www.naturalearthdata.com/downloads/10m-cultural-vectors/10m-admin-0-breakaway-disputed-areas/","secondary"
"hans-island","Hans Island (Tartupaluk)","Canada; Denmark/Greenland","1.3","resolved_recently","Left out of the 1973 boundary treaty; divided along a natural ravine by agreement of 14 June 2022.","Uninhabited rock now crossed by a land border.","no","expedition_only","yes","https://en.wikipedia.org/wiki/List_of_territorial_disputes https://github.com/factbook/factbook.json/tree/588c5b5084ee9c5e7ed0666c7be8f692c0329f56 https://www.naturalearthdata.com/downloads/10m-cultural-vectors/10m-admin-0-breakaway-disputed-areas/","secondary"
"isla-portillos","Isla Portillos / Isla Calero northern tip","Costa Rica; Nicaragua","3","resolved_recently","Nicaraguan troops entered in 2010; ICJ judgments of 2015 and 2018 confirmed Costa Rican sovereignty except Harbour Head Lagoon.","Uninhabited wetland.","no","restricted","no","https://en.wikipedia.org/wiki/List_of_territorial_disputes https://github.com/factbook/factbook.json/tree/588c5b5084ee9c5e7ed0666c7be8f692c0329f56","secondary"
"oyster-pond","Oyster Pond (Saint Martin)","France; Netherlands (Sint Maarten)","","resolved_recently","Lagoon boundary disputed in 2016; agreement of 2023 splits the bay down the middle, not yet in force as of mid-2026.","Marina area on an open border.","yes","open","no","https://en.wikipedia.org/wiki/List_of_territorial_disputes","secondary"
"antarctica","Antarctica (Antarctic Treaty area south of 60°S)","Treaty parties; seven claimant states","14200000","own_regime","The 1959 Antarctic Treaty froze all territorial claims.","Research stations only; no state border controls; access by expedition.","garrison_only","expedition_only","no","https://en.wikipedia.org/wiki/List_of_territorial_disputes https://en.wikipedia.org/wiki/Condominium_(international_law) https://en.wikipedia.org/wiki/Terra_nullius https://en.wikipedia.org/wiki/Demilitarized_zone","secondary"
"antarctic-peninsula-overlap","Overlapping Antarctic claims 25°W-80°W","Argentina; Chile; United Kingdom","","own_regime","Three claims made 1908-1943 overlap; frozen by the Antarctic Treaty.","Stations of many states; no claimant exercises control over visitors.","garrison_only","expedition_only","no","https://en.wikipedia.org/wiki/List_of_territorial_disputes https://github.com/factbook/factbook.json/tree/588c5b5084ee9c5e7ed0666c7be8f692c0329f56","secondary"
"marie-byrd-land","Marie Byrd Land (90°W-150°W)","none","1610000","no_agreed_boundary","The only Antarctic sector never claimed by any state.","No permanent station; treaty regime applies.","no","expedition_only","no","https://en.wikipedia.org/wiki/Terra_nullius https://github.com/factbook/factbook.json/tree/588c5b5084ee9c5e7ed0666c7be8f692c0329f56","secondary"
"mazraat-deir-al-ashayer","Mazraat Deir al-Ashayer","Lebanon (administers); Syria (claims)","","line_position","The Lebanon-Syria boundary was never delimited by treaty; this village area is shown differently on each side's maps.","Lebanese-administered village.","yes","unknown","no","https://en.wikipedia.org/wiki/List_of_territorial_disputes","secondary"
"lebanon-syria-undelimited","Other unclear sections of the Lebanon-Syria boundary","Lebanon; Syria","","no_agreed_boundary","No treaty describes the boundary; several sections are unclear or disputed.","Mixed villages and smuggling routes; a demarcation deal was announced in 2025 (not verified).","yes","restricted","no","https://github.com/factbook/factbook.json/tree/588c5b5084ee9c5e7ed0666c7be8f692c0329f56","secondary"
"abu-musa","Abu Musa","Iran (controls); United Arab Emirates (claims)","12.8","paper_claim","Iran landed in 1971 under a memorandum with Sharjah and took full control in 1992.","Iranian garrison and a small civilian population.","yes","closed","yes","https://en.wikipedia.org/wiki/List_of_territorial_disputes https://github.com/factbook/factbook.json/tree/588c5b5084ee9c5e7ed0666c7be8f692c0329f56 https://www.naturalearthdata.com/downloads/10m-cultural-vectors/10m-admin-0-breakaway-disputed-areas/","secondary"
"tunbs","Greater and Lesser Tunb","Iran (controls); United Arab Emirates (claims)","12","paper_claim","Seized by Iran from Ras al-Khaimah in November 1971.","Iranian military; an airport opened on Greater Tunb in 2022.","garrison_only","closed","no","https://en.wikipedia.org/wiki/List_of_territorial_disputes https://github.com/factbook/factbook.json/tree/588c5b5084ee9c5e7ed0666c7be8f692c0329f56","memory"
"bukit-jeli","Bukit Jeli (Kolok River headwaters)","Thailand; Malaysia","0.4","line_position","The watershed line under the 1909 treaty is disputed on one short segment left over from the 1973-1990s demarcation.","Forest hill; no visible difference.","no","unknown","no","https://en.wikipedia.org/wiki/List_of_territorial_disputes","memory"
"azad-kashmir","Azad Jammu and Kashmir","Pakistan (administers); India (claims)","13297","paper_claim","1947-1948 war over the princely state; ceasefire line of 1949, Line of Control since 1972.","Nominally self-governing under Pakistan; foreigners need permits near the LoC.","yes","restricted","yes","https://en.wikipedia.org/wiki/List_of_territorial_disputes https://github.com/factbook/factbook.json/tree/588c5b5084ee9c5e7ed0666c7be8f692c0329f56 https://www.naturalearthdata.com/downloads/10m-cultural-vectors/10m-admin-0-breakaway-disputed-areas/","secondary"
"gilgit-baltistan","Gilgit-Baltistan","Pakistan (administers); India (claims)","72500","paper_claim","Joined Pakistan after a 1947 revolt against the Maharaja; part of the Kashmir dispute.","Pakistani administrative territory without full provincial status; open to trekkers.","yes","open","yes","https://en.wikipedia.org/wiki/List_of_territorial_disputes https://github.com/factbook/factbook.json/tree/588c5b5084ee9c5e7ed0666c7be8f692c0329f56 https://www.naturalearthdata.com/downloads/10m-cultural-vectors/10m-admin-0-breakaway-disputed-areas/","secondary"
"indian-jammu-kashmir-ladakh","Jammu and Kashmir and Ladakh (Indian-administered)","India (administers); Pakistan (claims)","101387","paper_claim","Accession of the Maharaja to India in October 1947; Pakistan claims the state; special status revoked in 2019.","Two Indian union territories; some border belts need permits.","yes","open","yes","https://en.wikipedia.org/wiki/List_of_territorial_disputes https://github.com/factbook/factbook.json/tree/588c5b5084ee9c5e7ed0666c7be8f692c0329f56 https://www.naturalearthdata.com/downloads/10m-cultural-vectors/10m-admin-0-breakaway-disputed-areas/","secondary"
"siachen","Siachen Glacier and Saltoro Ridge","India (controls since 1984); Pakistan (claims)","2500","no_agreed_boundary","The 1949 and 1972 lines stopped at point NJ9842 with only the words 'thence north to the glaciers'.","Indian army posts on the Saltoro Ridge; Pakistani posts below; civilians only as far as base camp on the Indian side.","garrison_only","expedition_only","yes","https://en.wikipedia.org/wiki/List_of_territorial_disputes https://github.com/factbook/factbook.json/tree/588c5b5084ee9c5e7ed0666c7be8f692c0329f56 https://www.naturalearthdata.com/downloads/10m-cultural-vectors/10m-admin-0-breakaway-disputed-areas/","secondary"
"junagadh","Junagadh and Manavadar","India (administers); Pakistan (claims)","8850","paper_claim","The Nawab acceded to Pakistan in 1947; India took control and held a plebiscite in 1948; Pakistan put it on its official map in 2020.","Ordinary districts of Gujarat.","yes","open","yes","https://en.wikipedia.org/wiki/List_of_territorial_disputes https://github.com/factbook/factbook.json/tree/588c5b5084ee9c5e7ed0666c7be8f692c0329f56 https://www.naturalearthdata.com/downloads/10m-cultural-vectors/10m-admin-0-breakaway-disputed-areas/","secondary"
"sir-creek","Sir Creek","India; Pakistan","","line_position","1914 Bombay resolution map: Pakistan reads the border on the east bank, India mid-channel.","Uninhabited tidal marsh patrolled by border forces.","no","closed","no","https://en.wikipedia.org/wiki/List_of_territorial_disputes","memory"
"david-gareja","David Gareja monastery complex (Keshikchidag)","Georgia; Azerbaijan","","line_position","Soviet-era republic boundary runs along the ridge through the complex; about a third of the border is undelimited.","Georgian monks; Azerbaijani border guards restrict the upper cave monasteries since 2019.","yes","restricted","no","https://en.wikipedia.org/wiki/List_of_territorial_disputes https://github.com/factbook/factbook.json/tree/588c5b5084ee9c5e7ed0666c7be8f692c0329f56","secondary"
"doi-lang","Doi Lang","Thailand; Myanmar","32","line_position","Different maps of the 1894 Anglo-Siamese boundary; standoffs since the 1980s.","Thai and Myanmar army posts face each other on the ridge; birdwatchers visit from the Thai side.","garrison_only","restricted","no","https://en.wikipedia.org/wiki/List_of_territorial_disputes","memory"
"three-pagodas-pass","Three Pagodas Pass","Thailand; Myanmar","","line_position","Small areas around the pass are read differently on colonial maps.","Border market town; crossing opens and closes with conditions in Myanmar.","yes","open","no","https://en.wikipedia.org/wiki/List_of_territorial_disputes","memory"
"fasht-ad-dibal-qitat-jaradah","Fasht ad Dibal and Qit'at Jaradah","Bahrain; Qatar","","islets_for_maritime_zone","ICJ judgment of 2001 gave Qit'at Jaradah to Bahrain and Fasht ad Dibal to Qatar; Wikipedia still lists a residual disagreement.","Sandbank and low-tide elevation, no presence.","no","closed","no","https://en.wikipedia.org/wiki/List_of_territorial_disputes","secondary"
"tort-kocho-road","Tort-Kocho road (Vorukh access)","Kyrgyzstan; Tajikistan","","own_regime","The 2025 Kyrgyz-Tajik border treaty declared the roadbed linking the Vorukh exclave to Tajikistan neutral territory.","A 10 m road with a 15 m security strip belonging to neither side.","no","unknown","no","https://en.wikipedia.org/wiki/Condominium_(international_law)","secondary"
"kyrgyz-tajik-border","Kyrgyzstan-Tajikistan border (Batken-Isfara sectors)","Kyrgyzstan; Tajikistan","","resolved_recently","Undelimited Soviet-era border caused armed clashes in 2021 and 2022; delimitation agreed 21 February 2025 and a border treaty followed in March 2025.","Crossings reopened in 2025; Tajik exclave Vorukh remains.","yes","open","no","https://en.wikipedia.org/wiki/List_of_territorial_disputes https://github.com/factbook/factbook.json/tree/588c5b5084ee9c5e7ed0666c7be8f692c0329f56 https://en.wikipedia.org/wiki/Condominium_(international_law) https://en.wikipedia.org/wiki/Kyrgyzstan–Tajikistan_border","secondary"
"kyrgyz-uzbek-border","Kyrgyzstan-Uzbekistan border (Kempir-Abad, Ungar-Too, Barak)","Kyrgyzstan; Uzbekistan","","resolved_recently","Delimitation treaty ratified November 2022, demarcation approved 2023; the Barak enclave was absorbed by Uzbekistan in April 2024.","Uzbek exclaves Sokh and Shohimardon remain as agreed enclaves, not disputes.","yes","open","no","https://en.wikipedia.org/wiki/List_of_territorial_disputes https://github.com/factbook/factbook.json/tree/588c5b5084ee9c5e7ed0666c7be8f692c0329f56 https://en.wikipedia.org/wiki/Kyrgyzstan–Uzbekistan_border https://en.wikipedia.org/wiki/Barak,_Uzbekistan","secondary"
"golan-heights","Golan Heights","Israel (controls, annexed 1981); Syria (claims)","1200","occupied_or_annexed","Captured by Israel in 1967; Israeli law applied in 1981; annexation recognised only by the United States (2019).","Run as ordinary Israeli territory; entered freely from Israel.","yes","open","yes","https://en.wikipedia.org/wiki/List_of_territorial_disputes https://github.com/factbook/factbook.json/tree/588c5b5084ee9c5e7ed0666c7be8f692c0329f56 https://www.naturalearthdata.com/downloads/10m-cultural-vectors/10m-admin-0-breakaway-disputed-areas/","secondary"
"undof-zone","UNDOF area of separation","Syria (sovereign); UN (UNDOF); Israel (occupying since December 2024)","235","own_regime","Created by the 1974 disengagement agreement; Israel declared the agreement void and moved in on 8 December 2024.","Israeli army controls it; UNDOF remains in place and calls the IDF the de facto authority.","yes","closed","yes","https://en.wikipedia.org/wiki/Demilitarized_zone https://www.naturalearthdata.com/downloads/10m-cultural-vectors/10m-admin-0-breakaway-disputed-areas/ https://en.wikipedia.org/wiki/Israeli_invasion_of_Syria_(2024–present) https://en.wikipedia.org/wiki/United_Nations_Disengagement_Observer_Force","secondary"
"israeli-held-southern-syria","Israeli-held positions in southern Syria beyond the 1974 zone (incl. Mount Hermon summit)","Israel (occupies); Syria","","occupied_or_annexed","Israel advanced beyond the buffer zone after the fall of the Assad government in December 2024.","Israeli military posts; Israel says it will stay indefinitely.","yes","closed","no","https://en.wikipedia.org/wiki/Israeli_invasion_of_Syria_(2024–present)","secondary"
"shebaa-farms","Shebaa Farms and Kfarchouba hills","Israel (controls); Lebanon (claims); Syria (UN regards as Syrian)","25","occupied_or_annexed","Taken by Israel with the Golan in 1967; Lebanon has claimed it since Israel's withdrawal from Lebanon in 2000.","Israeli military zone on the slopes of Mount Hermon.","garrison_only","closed","yes","https://en.wikipedia.org/wiki/List_of_territorial_disputes https://github.com/factbook/factbook.json/tree/588c5b5084ee9c5e7ed0666c7be8f692c0329f56 https://www.naturalearthdata.com/downloads/10m-cultural-vectors/10m-admin-0-breakaway-disputed-areas/","secondary"
"ghajar","Ghajar (northern part)","Israel (controls); Lebanon (north of the Blue Line)","1","occupied_or_annexed","The 2000 UN Blue Line cuts the village; Israel reoccupied the northern half in 2006.","Alawite village run from Israel; opened to visitors in 2022.","yes","open","no","","memory"
"israeli-posts-south-lebanon","Israeli-held points in south Lebanon","Israel (occupies); Lebanon","","occupied_or_annexed","Israel kept five hilltop positions inside Lebanon after the February 2025 withdrawal deadline; current extent not verified.","Israeli army outposts.","garrison_only","closed","no","","memory"
"west-bank","West Bank","Israel (occupies; Area C direct control); Palestine (claims; PA administers Areas A and B)","5655","occupied_or_annexed","Captured from Jordan in 1967; Oslo II (1995) split it into Areas A, B and C.","Israeli checkpoints and settlements; Palestinian Authority cities; entry only via Israeli-controlled crossings.","yes","open","yes","https://en.wikipedia.org/wiki/List_of_territorial_disputes https://github.com/factbook/factbook.json/tree/588c5b5084ee9c5e7ed0666c7be8f692c0329f56 https://www.naturalearthdata.com/downloads/10m-cultural-vectors/10m-admin-0-breakaway-disputed-areas/","secondary"
"east-jerusalem","East Jerusalem","Israel (controls, annexed); Palestine (claims)","70","occupied_or_annexed","Captured in 1967 and placed under Israeli law; Basic Law of 1980.","Run as part of Israeli Jerusalem.","yes","open","yes","https://en.wikipedia.org/wiki/List_of_territorial_disputes https://github.com/factbook/factbook.json/tree/588c5b5084ee9c5e7ed0666c7be8f692c0329f56 https://www.naturalearthdata.com/downloads/10m-cultural-vectors/10m-admin-0-breakaway-disputed-areas/","secondary"
"armistice-no-mans-lands","1949 no-man's-lands (Latrun, Jerusalem) and Mount Scopus enclave","Israel (controls); Palestine (claims)","55","occupied_or_annexed","Zones left between the lines by the 1949 Israel-Jordan armistice; under Israeli control since 1967.","Indistinguishable from Israel on the ground (a highway crosses Latrun).","yes","open","yes","https://www.naturalearthdata.com/downloads/10m-cultural-vectors/10m-admin-0-breakaway-disputed-areas/","memory"
"gaza-strip","Gaza Strip","Israel (military control of part since 2023-2025); Hamas / Palestinian bodies; Palestine (claims)","365","occupied_or_annexed","Occupied 1967; Israeli withdrawal 2005; war from October 2023; October 2025 ceasefire left Israeli forces behind a 'yellow line'.","Devastated war zone; no ordinary entry.","yes","closed","yes","https://en.wikipedia.org/wiki/List_of_territorial_disputes https://github.com/factbook/factbook.json/tree/588c5b5084ee9c5e7ed0666c7be8f692c0329f56 https://www.naturalearthdata.com/downloads/10m-cultural-vectors/10m-admin-0-breakaway-disputed-areas/","secondary"
"kalapani","Kalapani, Lipulekh and Limpiyadhura","India (administers); Nepal (claims)","370","line_position","Dispute over which stream is the Kali River of the 1816 Sugauli Treaty; both issued rival maps in 2019-2020.","Indian border posts and a road to Lipulekh pass; a few villages; permits required.","yes","restricted","yes","https://en.wikipedia.org/wiki/List_of_territorial_disputes https://github.com/factbook/factbook.json/tree/588c5b5084ee9c5e7ed0666c7be8f692c0329f56 https://www.naturalearthdata.com/downloads/10m-cultural-vectors/10m-admin-0-breakaway-disputed-areas/","secondary"
"susta","Susta","Nepal; India","140","line_position","The Gandak (Narayani) River boundary shifted course after 1816.","Farming settlement cut off by the river.","yes","unknown","no","https://en.wikipedia.org/wiki/List_of_territorial_disputes","memory"
"nepal-china-humla","Humla border area (Limi/Lapcha)","Nepal; China","","line_position","Reports in 2020-2021 that China built structures on the Nepali side of the agreed line; China denies.","Remote high valley.","no","restricted","no","https://github.com/factbook/factbook.json/tree/588c5b5084ee9c5e7ed0666c7be8f692c0329f56","secondary"
"artsvashen","Artsvashen (Bashkend)","Azerbaijan (controls); Armenia (de jure)","40","occupied_or_annexed","Armenian exclave inside Azerbaijan taken by Azerbaijani forces in 1992.","Resettled by Azerbaijanis; unreachable from Armenia.","yes","unknown","no","https://en.wikipedia.org/wiki/List_of_territorial_disputes https://en.wikipedia.org/wiki/Armenia–Azerbaijan_border","secondary"
"karki","Karki (Tigranashen)","Armenia (controls); Azerbaijan (de jure)","19","occupied_or_annexed","Azerbaijani (Nakhchivan) exclave taken by Armenia in 1990-1992.","Armenian village on the main Yerevan-Goris road.","yes","open","no","https://en.wikipedia.org/wiki/List_of_territorial_disputes https://en.wikipedia.org/wiki/Armenia–Azerbaijan_border","secondary"
"gazakh-exclaves","Barkhudarli, Sofulu and Yukhari Askipara","Armenia (controls); Azerbaijan (de jure)","60","occupied_or_annexed","Azerbaijani exclaves inside Armenia taken in the early 1990s.","Ruined villages near Armenian roads; military presence.","no","restricted","no","https://en.wikipedia.org/wiki/List_of_territorial_disputes https://en.wikipedia.org/wiki/Armenia–Azerbaijan_border","secondary"
"azerbaijani-held-armenian-border-areas","Border heights inside Armenia held by Azerbaijan since 2021-2022","Azerbaijan (controls); Armenia","200","occupied_or_annexed","Azerbaijani advances in May 2021 and September 2022 across the undelimited border.","Military positions on ridges near Jermuk and Lake Sev.","garrison_only","closed","no","","memory"
"gazakh-four-villages","Four non-enclave Gazakh villages (Baghanis Ayrum, Ashagi Askipara, Kheyrimli, Gizilhajili)","Armenia; Azerbaijan","6.5","resolved_recently","Held by Armenia since the early 1990s; returned to Azerbaijan in April-May 2024 with the first agreed border delimitation.","New demarcated border section in Tavush.","no","closed","no","","memory"
"nagorno-karabakh","Nagorno-Karabakh (former Republic of Artsakh)","Azerbaijan; formerly Artsakh/Armenia","4400","resolved_recently","De facto state from 1991; Azerbaijan retook it in 2020 and September 2023; Artsakh dissolved on 1 January 2024.","Azerbaijani territory, almost all Armenians left; visits by Azerbaijani permit.","yes","restricted","yes","https://en.wikipedia.org/wiki/List_of_territorial_disputes https://www.naturalearthdata.com/downloads/10m-cultural-vectors/10m-admin-0-breakaway-disputed-areas/ https://github.com/factbook/factbook.json/tree/588c5b5084ee9c5e7ed0666c7be8f692c0329f56","secondary"
"north-korea-claimed-by-rok","North Korea (claimed by the Republic of Korea)","North Korea (administers); South Korea (constitutional claim to the whole peninsula)","120540","paper_claim","Division of Korea in 1945 and two states in 1948; South Korea's constitution covers the whole peninsula.","A separate UN member state.","yes","restricted","no","https://en.wikipedia.org/wiki/List_of_territorial_disputes","secondary"
"south-korea-claimed-by-dprk","South Korea (formerly claimed by North Korea)","South Korea; North Korea","100210","resolved_recently","Wikipedia reports that North Korea recognised the Republic of Korea and dropped its claim in 2026 (not independently verified).","A separate UN member state.","yes","open","no","https://en.wikipedia.org/wiki/List_of_territorial_disputes","secondary"
"korean-dmz","Korean Demilitarized Zone","North Korea; South Korea; UN Command","1000","own_regime","1953 Armistice Agreement set a 4 km wide zone along the Military Demarcation Line.","Fenced and mined; two villages inside; visits only on escorted tours to the JSA and observation points.","yes","restricted","yes","https://en.wikipedia.org/wiki/Demilitarized_zone https://github.com/factbook/factbook.json/tree/588c5b5084ee9c5e7ed0666c7be8f692c0329f56 https://www.naturalearthdata.com/downloads/10m-cultural-vectors/10m-admin-0-breakaway-disputed-areas/","secondary"
"kuril-islands","Southern Kuril Islands (Iturup, Kunashir, Shikotan, Habomai)","Russia (administers); Japan (claims)","5003","paper_claim","Occupied by the Soviet Union in August-September 1945; Japan claims them as its Northern Territories.","Ordinary Russian districts of Sakhalin Oblast inside a border zone needing a permit.","yes","restricted","yes","https://en.wikipedia.org/wiki/List_of_territorial_disputes https://github.com/factbook/factbook.json/tree/588c5b5084ee9c5e7ed0666c7be8f692c0329f56 https://www.naturalearthdata.com/downloads/10m-cultural-vectors/10m-admin-0-breakaway-disputed-areas/","secondary"
"dokdo","Liancourt Rocks (Dokdo / Takeshima)","South Korea (controls); Japan (claims)","0.19","islets_for_maritime_zone","Japan incorporated them in 1905; South Korea has held them since 1954.","Korean police garrison; day-trip ferries from Ulleungdo.","garrison_only","open","yes","https://en.wikipedia.org/wiki/List_of_territorial_disputes https://github.com/factbook/factbook.json/tree/588c5b5084ee9c5e7ed0666c7be8f692c0329f56 https://www.naturalearthdata.com/downloads/10m-cultural-vectors/10m-admin-0-breakaway-disputed-areas/","secondary"
"mekong-islands","Islands in the Mekong","Laos; Thailand","","line_position","1926 Franco-Siamese convention assigns islands by channel; demarcation of the river boundary is incomplete.","River islands farmed seasonally.","unknown","unknown","no","https://en.wikipedia.org/wiki/List_of_territorial_disputes https://github.com/factbook/factbook.json/tree/588c5b5084ee9c5e7ed0666c7be8f692c0329f56","memory"
"thai-lao-land-border-villages","Ban Romklao and the three villages (Ban Mai, Ban Klang, Ban Sawang)","Thailand; Laos","80","line_position","Different readings of the 1907 treaty watershed; border war in 1987-1988.","Thai-administered villages; demarcation stalled.","yes","open","no","","memory"
"noktundo","Noktundo","Russia (administers); South Korea (does not accept the 1990 USSR-DPRK treaty)","32","paper_claim","Former island on the Tumen ceded to Russia in 1860; confirmed Russian by the 1990 Soviet-North Korean treaty.","Empty marshland in a Russian border zone.","no","closed","no","https://en.wikipedia.org/wiki/List_of_territorial_disputes","secondary"
"point-20","'Point 20' reclaimed land at Tuas","Singapore (administers); Malaysia","","line_position","Malaysia said the reclamation lay in its waters; ITLOS case 2003 and a settlement agreement in 2005.","Industrial reclaimed land.","no","closed","no","https://en.wikipedia.org/wiki/List_of_territorial_disputes","memory"
"otangav","O'Tangav area","Cambodia; Laos","","line_position","About 14 per cent of the boundary is undemarcated; standoffs in 2017 and 2019.","Forest area with troops of both sides withdrawn by agreement.","no","closed","no","https://en.wikipedia.org/wiki/List_of_territorial_disputes","memory"
"preah-vihear","Preah Vihear temple surroundings","Cambodia (temple); Thailand","4.6","line_position","ICJ gave the temple (1962) and the promontory (2013) to Cambodia; adjacent land is still contested between the Annex I map and the watershed.","Temple reached from Cambodia; the border has been closed since the 2025 fighting.","garrison_only","restricted","no","https://en.wikipedia.org/wiki/List_of_territorial_disputes https://github.com/factbook/factbook.json/tree/588c5b5084ee9c5e7ed0666c7be8f692c0329f56 https://en.wikipedia.org/wiki/Demilitarized_zone https://en.wikipedia.org/wiki/Cambodian–Thai_border_dispute","secondary"
"ta-muen-thom-emerald-triangle","Other contested Thai-Cambodian border areas (Ta Muen Thom, Ta Krabey, Emerald Triangle/Chong Bok)","Thailand; Cambodia","","line_position","Undemarcated sections under the 1904-1907 treaties; armed conflict in July and December 2025 during which Thai forces took several positions.","Militarised; border crossings closed since 2025.","garrison_only","closed","no","https://en.wikipedia.org/wiki/Cambodian–Thai_border_dispute https://en.wikipedia.org/wiki/2025_Cambodian–Thai_border_crisis","secondary"
"sabah","Eastern Sabah (North Borneo)","Malaysia (administers); Philippines (dormant claim)","73904","paper_claim","Philippines claims as successor of the Sultanate of Sulu, arguing the 1878 grant was a lease; Sabah joined Malaysia in 1963.","Ordinary Malaysian state with its own immigration control.","yes","open","yes","https://en.wikipedia.org/wiki/List_of_territorial_disputes https://github.com/factbook/factbook.json/tree/588c5b5084ee9c5e7ed0666c7be8f692c0329f56 https://www.naturalearthdata.com/downloads/10m-cultural-vectors/10m-admin-0-breakaway-disputed-areas/","secondary"
"saudi-uae-border","Saudi Arabia-UAE border (Khor al-Udaid corridor, Shaybah/Zararah area)","Saudi Arabia (administers per 1974 Treaty of Jeddah); United Arab Emirates (contests the treaty text)","","paper_claim","The UAE says the 1974 treaty text differs from what was agreed orally and has never ratified it; UAE maps showed the old line again from 2006.","Saudi Arabia controls the coastal corridor between Qatar and the UAE.","no","restricted","no","https://en.wikipedia.org/wiki/List_of_territorial_disputes https://github.com/factbook/factbook.json/tree/588c5b5084ee9c5e7ed0666c7be8f692c0329f56 https://en.wikipedia.org/wiki/Saudi_Arabia–United_Arab_Emirates_border","secondary"
"caspian-islets-ukatny","Ukatny, Zhestky and Maly Zhemchuzhny islands","Russia; Kazakhstan","","islets_for_maritime_zone","Islets in the northern Caspian near oil structures; Wikipedia lists the dispute as open (not verified).","Uninhabited sandbanks.","no","closed","no","https://en.wikipedia.org/wiki/List_of_territorial_disputes","memory"
"citrana-naktuka","Citrana Triangle (Naktuka) and other unresolved Oecusse segments","Timor-Leste; Indonesia","10.7","line_position","1904 Dutch-Portuguese treaty names the mouth of the Noel Besi, whose course both sides read differently.","Farmland settled by Timorese families; meant to stay unsettled pending agreement.","yes","unknown","no","https://en.wikipedia.org/wiki/List_of_territorial_disputes https://github.com/factbook/factbook.json/tree/588c5b5084ee9c5e7ed0666c7be8f692c0329f56","secondary"
"roc-legacy-claims","Legacy claims of the Republic of China (mainland China, Mongolia, Tuva, Pamirs, northern Myanmar, parts of Bhutan, India, Russia and others)","Various administering states; Republic of China (Taiwan) constitutional claim, not actively pursued","","paper_claim","The ROC never formally renounced the pre-1949 boundaries or recognised border treaties made by the PRC.","No effect on the ground.","yes","open","no","https://en.wikipedia.org/wiki/List_of_territorial_disputes","secondary"
"aksai-chin","Aksai Chin","China (administers); India (claims)","37244","paper_claim","Never delimited by treaty; China built a road in the 1950s and kept the area after the 1962 war.","Uninhabited Chinese military plateau crossed by highway G219.","garrison_only","restricted","yes","https://en.wikipedia.org/wiki/List_of_territorial_disputes https://github.com/factbook/factbook.json/tree/588c5b5084ee9c5e7ed0666c7be8f692c0329f56 https://www.naturalearthdata.com/downloads/10m-cultural-vectors/10m-admin-0-breakaway-disputed-areas/","secondary"
"ladakh-lac-buffer-zones","Eastern Ladakh LAC friction areas (Depsang, Galwan, Pangong north bank, Gogra-Hot Springs)","India; China","","own_regime","After the 2020 clashes both armies pulled back from several points, creating no-patrol buffer strips; a 2024 patrolling deal covered Depsang and Demchok.","Military-only strips where neither side patrols or grazes.","no","closed","no","https://en.wikipedia.org/wiki/List_of_territorial_disputes","memory"
"demchok","Demchok sector","India (Demchok village); China (Dêmqog); each claims the whole","","line_position","The Line of Actual Control splits the sector along the Charding Nullah; no treaty line.","Villages on both sides; inner-line permit on the Indian side.","yes","restricted","yes","https://en.wikipedia.org/wiki/List_of_territorial_disputes https://www.naturalearthdata.com/downloads/10m-cultural-vectors/10m-admin-0-breakaway-disputed-areas/","memory"
"india-china-middle-sector","Middle sector pockets (Chumar, Kaurik, Shipki La, Nelang-Jadhang, Barahoti, Lapthal, Pulam Sumda, Sang)","India (administers); China (claims)","2000","line_position","Different readings of the watershed in the least disputed sector of the India-China frontier; no treaty line.","High pastures and passes with Indian border posts.","yes","restricted","yes","https://en.wikipedia.org/wiki/List_of_territorial_disputes https://www.naturalearthdata.com/downloads/10m-cultural-vectors/10m-admin-0-breakaway-disputed-areas/","memory"
"arunachal-pradesh","Arunachal Pradesh","India (administers); China (claims as South Tibet)","83743","paper_claim","China rejects the 1914 McMahon Line; war in 1962.","Ordinary Indian state requiring a Protected Area Permit for foreigners.","yes","restricted","yes","https://en.wikipedia.org/wiki/List_of_territorial_disputes https://github.com/factbook/factbook.json/tree/588c5b5084ee9c5e7ed0666c7be8f692c0329f56 https://www.naturalearthdata.com/downloads/10m-cultural-vectors/10m-admin-0-breakaway-disputed-areas/","secondary"
"shaksgam","Trans-Karakoram Tract (Shaksgam Valley)","China (administers); India (claims)","5180","paper_claim","Recognised as Chinese by Pakistan in the 1963 boundary agreement, which India rejects.","Uninhabited valleys north of K2; Chinese permits for expeditions.","no","expedition_only","yes","https://en.wikipedia.org/wiki/List_of_territorial_disputes https://github.com/factbook/factbook.json/tree/588c5b5084ee9c5e7ed0666c7be8f692c0329f56 https://www.naturalearthdata.com/downloads/10m-cultural-vectors/10m-admin-0-breakaway-disputed-areas/","secondary"
"bhutan-china-north","Jakarlung, Pasamlung and Beyul Khenpajong","Bhutan (claims); China (claims, has built settlements)","495","no_agreed_boundary","No boundary treaty exists; talks since 1984; China has built villages in the area since about 2016.","Chinese-built villages and roads; no Bhutanese administration.","yes","closed","yes","https://en.wikipedia.org/wiki/List_of_territorial_disputes https://github.com/factbook/factbook.json/tree/588c5b5084ee9c5e7ed0666c7be8f692c0329f56 https://www.naturalearthdata.com/downloads/10m-cultural-vectors/10m-admin-0-breakaway-disputed-areas/","memory"
"bhutan-china-west","Doklam, Dramana, Shakhatoe, Sinchulung and western Haa","Bhutan; China","269","no_agreed_boundary","No boundary treaty; the 2017 India-China standoff took place at Doklam.","Chinese military infrastructure on the plateau; Bhutanese army posts nearby.","garrison_only","closed","yes","https://en.wikipedia.org/wiki/List_of_territorial_disputes https://github.com/factbook/factbook.json/tree/588c5b5084ee9c5e7ed0666c7be8f692c0329f56 https://www.naturalearthdata.com/downloads/10m-cultural-vectors/10m-admin-0-breakaway-disputed-areas/","memory"
"kula-kangri","Kula Kangri area","China (controls); Bhutan (formerly shown on Bhutanese maps)","","no_agreed_boundary","Undelimited northern boundary; the peak dropped off Bhutanese maps in the 2000s.","High mountain area under Chinese control.","no","expedition_only","no","https://en.wikipedia.org/wiki/List_of_territorial_disputes","memory"
"sakteng","Sakteng Wildlife Sanctuary","Bhutan (administers); China (claimed in 2020)","740","paper_claim","China raised a claim for the first time at a 2020 environmental funding meeting.","Ordinary eastern Bhutan district with no Chinese border.","yes","open","no","https://en.wikipedia.org/wiki/List_of_territorial_disputes","memory"
"bhutanese-enclaves-tibet","Former Bhutanese enclaves in western Tibet (Darchen, Khochar and others)","China (administers); Bhutan (residual claim)","","paper_claim","Bhutan administered several enclaves near Mount Kailash until China took them over in 1959.","Ordinary Chinese-administered Tibetan villages.","yes","restricted","no","https://en.wikipedia.org/wiki/List_of_territorial_disputes","memory"
"senkaku","Senkaku Islands (Diaoyu)","Japan (administers); China; Taiwan (claim)","7","islets_for_maritime_zone","Incorporated by Japan in 1895; claims by China and Taiwan since 1971 after oil surveys.","Uninhabited; landing prohibited by Japan; coast guard patrols.","no","closed","yes","https://en.wikipedia.org/wiki/List_of_territorial_disputes https://github.com/factbook/factbook.json/tree/588c5b5084ee9c5e7ed0666c7be8f692c0329f56 https://www.naturalearthdata.com/downloads/10m-cultural-vectors/10m-admin-0-breakaway-disputed-areas/ https://en.wikipedia.org/wiki/Terra_nullius","secondary"
"paracel-islands","Paracel Islands","China (controls); Vietnam; Taiwan (claim)","7.8","islets_for_maritime_zone","China took the western group from South Vietnam in 1974.","Chinese city of Sansha on Woody Island; tours for Chinese citizens only.","yes","closed","yes","https://en.wikipedia.org/wiki/List_of_territorial_disputes https://github.com/factbook/factbook.json/tree/588c5b5084ee9c5e7ed0666c7be8f692c0329f56 https://www.naturalearthdata.com/downloads/10m-cultural-vectors/10m-admin-0-breakaway-disputed-areas/","secondary"
"spratly-islands","Spratly Islands","China; Taiwan; Vietnam; Philippines; Malaysia (each holds features); Brunei (claim)","5","islets_for_maritime_zone","Occupations from 1946 to the 1990s; Chinese island-building from 2013; 2016 arbitral award rejected by China.","Garrisons of five governments; civilians on Thitu; a Malaysian dive resort on Swallow Reef.","garrison_only","restricted","yes","https://en.wikipedia.org/wiki/List_of_territorial_disputes https://github.com/factbook/factbook.json/tree/588c5b5084ee9c5e7ed0666c7be8f692c0329f56 https://www.naturalearthdata.com/downloads/10m-cultural-vectors/10m-admin-0-breakaway-disputed-areas/","secondary"
"scarborough-shoal","Scarborough Shoal","China (controls since 2012); Philippines; Taiwan (claim)","","islets_for_maritime_zone","Standoff in 2012 left China in control.","A few rocks above water; Chinese coast guard blocks access.","no","closed","yes","https://en.wikipedia.org/wiki/List_of_territorial_disputes https://github.com/factbook/factbook.json/tree/588c5b5084ee9c5e7ed0666c7be8f692c0329f56 https://www.naturalearthdata.com/downloads/10m-cultural-vectors/10m-admin-0-breakaway-disputed-areas/ https://en.wikipedia.org/wiki/Terra_nullius","secondary"
"taiwan","Taiwan and Penghu","Republic of China (governs); People's Republic of China (claims)","36000","de_facto_state","The ROC government moved to Taiwan in 1949; the PRC claims it as a province.","Fully separate government, visas and border control.","yes","open","yes","https://en.wikipedia.org/wiki/List_of_territorial_disputes https://github.com/factbook/factbook.json/tree/588c5b5084ee9c5e7ed0666c7be8f692c0329f56 https://www.naturalearthdata.com/downloads/10m-cultural-vectors/10m-admin-0-breakaway-disputed-areas/","secondary"
"kinmen-matsu","Kinmen, Matsu and Wuqiu","Republic of China (governs); People's Republic of China (claims)","180","de_facto_state","Offshore islands of Fujian held by the ROC after 1949.","Part of Taiwan's immigration area; ferries to the mainland.","yes","open","no","https://en.wikipedia.org/wiki/List_of_territorial_disputes","memory"
"pratas","Pratas (Dongsha) Island","Republic of China (governs); People's Republic of China (claims)","1.7","islets_for_maritime_zone","Held by the ROC since 1946.","Coast guard garrison and national park; no tourism.","garrison_only","closed","no","https://en.wikipedia.org/wiki/List_of_territorial_disputes","memory"
"yalu-tumen-islands","Islands in the Yalu and Tumen rivers","China; North Korea (South Korea and ROC do not recognise the 1962 treaty)","","line_position","Allocated by the secret 1962 China-DPRK border treaty; the Factbook still lists some as disputed.","River islands, mostly North Korean-held.","unknown","closed","no","https://en.wikipedia.org/wiki/List_of_territorial_disputes https://github.com/factbook/factbook.json/tree/588c5b5084ee9c5e7ed0666c7be8f692c0329f56","secondary"
"durand-line","Durand Line","Pakistan (administers its side); Afghanistan (does not recognise the line)","","line_position","The 1893 Durand agreement line was rejected by Afghan governments from 1947.","Pakistan has fenced most of it; crossings at Torkham and Chaman open and close with tensions.","yes","restricted","no","https://github.com/factbook/factbook.json/tree/588c5b5084ee9c5e7ed0666c7be8f692c0329f56","memory"
"india-bangladesh-enclaves","India-Bangladesh enclaves and adverse possessions","India; Bangladesh","110","resolved_recently","1974 Land Boundary Agreement implemented on 31 July 2015, exchanging 162 enclaves.","Ordinary territory of each state now.","yes","open","no","https://en.wikipedia.org/wiki/List_of_territorial_disputes https://github.com/factbook/factbook.json/tree/588c5b5084ee9c5e7ed0666c7be8f692c0329f56","secondary"
"tin-bigha","Tin Bigha Corridor (Dahagram-Angarpota access)","India (sovereign); Bangladesh (perpetual lease)","0.015","lease_or_base","Corridor leased under the 1974 agreement; open 24 hours since 2011.","Short fenced road across Indian territory guarded by Indian border forces.","no","restricted","no","https://en.wikipedia.org/wiki/Tin_Bigha_Corridor","secondary"
"pedra-branca","Pedra Branca, Middle Rocks and South Ledge","Singapore; Malaysia","0.01","resolved_recently","ICJ 2008 gave Pedra Branca to Singapore and Middle Rocks to Malaysia; Malaysia dropped its revision request in 2018.","Lighthouse rock closed to visitors.","garrison_only","closed","no","https://en.wikipedia.org/wiki/List_of_territorial_disputes https://github.com/factbook/factbook.json/tree/588c5b5084ee9c5e7ed0666c7be8f692c0329f56","secondary"
"tiran-sanafir","Tiran and Sanafir","Saudi Arabia; Egypt","113","resolved_recently","Egypt administered them from 1950; 2016 agreement ratified in 2017 returned them to Saudi Arabia.","Uninhabited; multinational observers present under the 1979 treaty arrangements.","no","restricted","yes","https://en.wikipedia.org/wiki/List_of_territorial_disputes https://www.naturalearthdata.com/downloads/10m-cultural-vectors/10m-admin-0-breakaway-disputed-areas/","secondary"
"saudi-kuwait-neutral-zone","Saudi-Kuwaiti neutral zone, Qaruh and Umm al Maradim","Saudi Arabia; Kuwait","5770","resolved_recently","Zone partitioned in 1970; remaining disagreements settled by a December 2019 agreement.","Ordinary border area with shared oil operations.","no","restricted","no","https://en.wikipedia.org/wiki/List_of_territorial_disputes https://en.wikipedia.org/wiki/Terra_nullius","secondary"
"hatay","Hatay Province","Turkey; Syria","5524","resolved_recently","Annexed by Turkey in 1939; Wikipedia treats the Syrian claim as dropped after the change of government in 2024 (implied, not verified).","Ordinary Turkish province.","yes","open","no","https://en.wikipedia.org/wiki/List_of_territorial_disputes","secondary"
"baqoura-ghamr","Baqoura (Naharayim) and Al-Ghamr (Tzofar)","Jordan; Israel","5","resolved_recently","The 1994 peace treaty gave Israeli farmers a 25-year special regime on Jordanian land; Jordan ended it on 10 November 2019.","Ordinary Jordanian territory now.","no","restricted","no","https://en.wikipedia.org/wiki/Island_of_Peace","secondary"
"suleyman-shah-tomb","Tomb of Suleyman Shah","Turkey (enclave by 1921 treaty); Syria","0.01","lease_or_base","Article 9 of the 1921 Treaty of Ankara left the tomb as Turkish property with a Turkish guard; moved to Ashme near the border in 2015.","Turkish military guard post inside Syria.","garrison_only","closed","no","","memory"
"baikonur","Baikonur Cosmodrome and city","Russia (leaseholder); Kazakhstan (sovereign)","6717","lease_or_base","Leased by Russia since 1994; lease extended to 2050.","City run under Russian law with Russian currency in use; entry by permit or organised tour.","yes","restricted","yes","https://www.naturalearthdata.com/downloads/10m-cultural-vectors/10m-admin-0-breakaway-disputed-areas/","memory"
"russian-ranges-kazakhstan","Russian-leased military test ranges in Kazakhstan (Sary-Shagan and others)","Russia (leaseholder); Kazakhstan (sovereign)","","lease_or_base","Leased under 1990s bilateral agreements.","Closed military areas.","garrison_only","closed","no","","memory"
"crimea","Crimea and Sevastopol","Russia (controls, annexed 2014); Ukraine (claims)","27000","occupied_or_annexed","Seized and annexed by Russia in February-March 2014; UNGA resolution 68/262 affirms Ukraine's territorial integrity.","Run as Russian federal subjects; reachable only from Russia; entry violates Ukrainian law.","yes","restricted","yes","https://en.wikipedia.org/wiki/List_of_territorial_disputes https://github.com/factbook/factbook.json/tree/588c5b5084ee9c5e7ed0666c7be8f692c0329f56 https://www.naturalearthdata.com/downloads/10m-cultural-vectors/10m-admin-0-breakaway-disputed-areas/","secondary"
"donetsk-occupied","Russian-occupied Donetsk Oblast","Russia (controls most, annexed 2022); Ukraine (claims)","","occupied_or_annexed","Partly held by Russian proxies from 2014; annexation declared 30 September 2022.","Russian administration behind an active front line.","yes","closed","yes","https://en.wikipedia.org/wiki/List_of_territorial_disputes https://www.naturalearthdata.com/downloads/10m-cultural-vectors/10m-admin-0-breakaway-disputed-areas/","secondary"
"luhansk-occupied","Russian-occupied Luhansk Oblast","Russia (controls nearly all, annexed 2022); Ukraine (claims)","","occupied_or_annexed","Partly held by Russian proxies from 2014; annexation declared 30 September 2022.","Russian administration.","yes","closed","yes","https://en.wikipedia.org/wiki/List_of_territorial_disputes https://www.naturalearthdata.com/downloads/10m-cultural-vectors/10m-admin-0-breakaway-disputed-areas/","secondary"
"zaporizhzhia-occupied","Russian-occupied Zaporizhzhia Oblast","Russia (controls part, claims all); Ukraine","","occupied_or_annexed","Occupied in 2022; annexation declared 30 September 2022.","Russian administration behind an active front line.","yes","closed","no","https://en.wikipedia.org/wiki/List_of_territorial_disputes","secondary"
"kherson-occupied","Russian-occupied Kherson Oblast (left bank) and Kinburn Spit","Russia (controls left bank, claims all incl. Snihurivka area); Ukraine","","occupied_or_annexed","Occupied in 2022; annexation declared 30 September 2022; right bank retaken by Ukraine in November 2022.","Russian administration; the Dnipro is the front line.","yes","closed","no","https://en.wikipedia.org/wiki/List_of_territorial_disputes","secondary"
"estonia-russia-border","Ivangorod (Jaanilinn) and Pechory district (Petserimaa)","Russia (administers); Estonia (no official claim; border treaty unratified)","","paper_claim","Assigned to Estonia by the 1920 Treaty of Tartu and transferred to the Russian SFSR in 1944-1945; the 2014 border treaty is still unratified.","Ordinary Russian territory along a demarcated control line.","yes","restricted","no","https://en.wikipedia.org/wiki/List_of_territorial_disputes https://github.com/factbook/factbook.json/tree/588c5b5084ee9c5e7ed0666c7be8f692c0329f56","secondary"
"imia-kardak","Imia / Kardak","Greece; Turkey","0.04","islets_for_maritime_zone","Military crisis in 1996 over two uninhabited islets; part of the wider Aegean 'grey zones' dispute.","No presence by agreement; coast guard patrols.","no","closed","no","https://en.wikipedia.org/wiki/List_of_territorial_disputes https://github.com/factbook/factbook.json/tree/588c5b5084ee9c5e7ed0666c7be8f692c0329f56","secondary"
"akrotiri-dhekelia","Akrotiri and Dhekelia Sovereign Base Areas","United Kingdom (sovereign bases); Cyprus (contests)","254","lease_or_base","Retained by the UK under the 1960 Treaty of Establishment.","British military administration; Cypriot villages and roads inside are open with no border checks.","yes","open","no","https://en.wikipedia.org/wiki/List_of_territorial_disputes","memory"
"cyprus-buffer-zone","UN Buffer Zone in Cyprus","UN (UNFICYP); Cyprus; Northern Cyprus","346","own_regime","Ceasefire lines of August 1974.","UN-patrolled strip with a few inhabited villages (Pyla) and nine crossing points; elsewhere entry needs UN permission.","yes","restricted","yes","https://en.wikipedia.org/wiki/Demilitarized_zone https://www.naturalearthdata.com/downloads/10m-cultural-vectors/10m-admin-0-breakaway-disputed-areas/","secondary"
"northern-cyprus","Turkish Republic of Northern Cyprus","Northern Cyprus (self-governing, recognised only by Turkey); Cyprus (claims)","3355","de_facto_state","Turkish invasion in 1974; independence declared in 1983.","Own administration and border checks at the Green Line crossings.","yes","open","yes","https://en.wikipedia.org/wiki/List_of_territorial_disputes https://github.com/factbook/factbook.json/tree/588c5b5084ee9c5e7ed0666c7be8f692c0329f56 https://www.naturalearthdata.com/downloads/10m-cultural-vectors/10m-admin-0-breakaway-disputed-areas/","secondary"
"kokkina","Kokkina (Erenköy) exclave","Northern Cyprus / Turkish army (controls); Cyprus (claims)","1.8","de_facto_state","Turkish Cypriot enclave held since 1964, separated from the rest of the north.","Turkish military post with no civilians.","garrison_only","closed","no","https://en.wikipedia.org/wiki/List_of_territorial_disputes","secondary"
"strovilia","Strovilia checkpoint area","Northern Cyprus (controls since 2000); Cyprus; United Kingdom (SBA boundary)","","line_position","Turkish forces moved their checkpoint forward in 2000 next to the Dhekelia base boundary.","A crossing point into the north.","yes","open","no","https://en.wikipedia.org/wiki/List_of_territorial_disputes","secondary"
"varosha","Varosha (Maraş)","Turkish army / Northern Cyprus (controls); Cyprus (claims); UN resolutions call for UN administration","6","own_regime","Fenced off by the Turkish army in 1974; UNSC resolutions 550 and 789; part reopened to visitors in October 2020.","Abandoned resort district under military control with a visitor route.","no","restricted","no","","memory"
"abkhazia","Abkhazia","Abkhazia (self-governing, recognised by Russia and a few states); Georgia (claims)","8665","de_facto_state","War of 1992-1993; Russian recognition in 2008.","Own administration with Russian border guards; entry from Russia breaks Georgian law.","yes","restricted","yes","https://en.wikipedia.org/wiki/List_of_territorial_disputes https://github.com/factbook/factbook.json/tree/588c5b5084ee9c5e7ed0666c7be8f692c0329f56 https://www.naturalearthdata.com/downloads/10m-cultural-vectors/10m-admin-0-breakaway-disputed-areas/","secondary"
"south-ossetia","South Ossetia","South Ossetia (self-governing, recognised by Russia and a few states); Georgia (claims)","3900","de_facto_state","War of 1991-1992; Russian recognition after the 2008 war.","Reachable only from Russia by permit; fenced boundary line with Georgia.","yes","restricted","yes","https://en.wikipedia.org/wiki/List_of_territorial_disputes https://github.com/factbook/factbook.json/tree/588c5b5084ee9c5e7ed0666c7be8f692c0329f56 https://www.naturalearthdata.com/downloads/10m-cultural-vectors/10m-admin-0-breakaway-disputed-areas/","secondary"
"eastern-ossetia-claim","Truso Gorge, Ghuda Gorge and Kobi Plateau","Georgia (administers); South Ossetia (claims)","","paper_claim","South Ossetian claim voiced since 2008 to 'historically Ossetian lands'.","Georgian border zone in Kazbegi municipality; the gorge needs a border police permit.","yes","restricted","no","https://en.wikipedia.org/wiki/List_of_territorial_disputes","secondary"
"transnistria","Transnistria (including Bender)","Transnistria (self-governing, unrecognised); Moldova (claims)","4163","de_facto_state","War of 1992; Russian troops remain.","Own administration, currency and entry registration.","yes","open","yes","https://en.wikipedia.org/wiki/List_of_territorial_disputes https://github.com/factbook/factbook.json/tree/588c5b5084ee9c5e7ed0666c7be8f692c0329f56 https://www.naturalearthdata.com/downloads/10m-cultural-vectors/10m-admin-0-breakaway-disputed-areas/","secondary"
"moldovan-held-left-bank","Moldovan-controlled Dubăsari villages, Varnița and Copanca","Moldova (administers); Transnistria (claims)","","paper_claim","Left under Moldovan control by the 1992 ceasefire.","Ordinary Moldovan villages reached through or beside Transnistrian checkpoints.","yes","open","no","https://en.wikipedia.org/wiki/List_of_territorial_disputes","secondary"
"transnistria-security-zone","Dniester Security Zone","Joint Control Commission (Russia, Moldova, Transnistria)","","own_regime","Created by the July 1992 ceasefire agreement; 225 km long and 1-15 km wide.","Peacekeeper checkpoints on roads and bridges; otherwise normal life.","yes","open","no","https://en.wikipedia.org/wiki/Demilitarized_zone","secondary"
"kosovo","Kosovo","Kosovo (self-governing, recognised by about 100 UN members); Serbia (claims)","10887","de_facto_state","UN administration from 1999; independence declared 17 February 2008.","Own government and border control; Serbia treats entry via Kosovo as irregular.","yes","open","yes","https://en.wikipedia.org/wiki/List_of_territorial_disputes https://github.com/factbook/factbook.json/tree/588c5b5084ee9c5e7ed0666c7be8f692c0329f56 https://www.naturalearthdata.com/downloads/10m-cultural-vectors/10m-admin-0-breakaway-disputed-areas/","secondary"
"kosovo-montenegro-border","Kosovo-Montenegro border (Čakor, Kula)","Kosovo; Montenegro","82","resolved_recently","Demarcation agreement of 2015 ratified by Kosovo in March 2018; Serbia does not recognise it.","Mountain pastures.","no","open","no","https://en.wikipedia.org/wiki/List_of_territorial_disputes https://github.com/factbook/factbook.json/tree/588c5b5084ee9c5e7ed0666c7be8f692c0329f56","secondary"
"mont-blanc-summit","Mont Blanc summit area (Dôme du Goûter, Col du Géant)","France; Italy","0.7","line_position","Different readings of the 1860 Treaty of Turin maps: France draws the border south of the summit, Italy on the watershed.","Glaciers and a French-run refuge; climbed freely.","no","open","no","https://en.wikipedia.org/wiki/List_of_territorial_disputes","memory"
"gibraltar","Gibraltar","United Kingdom (administers); Spain (claims)","6.8","paper_claim","Ceded by the 1713 Treaty of Utrecht; Spain also contests the isthmus, which the treaty did not mention.","Self-governing UK territory; a 2025 UK-EU deal foresees removing the land border checks.","yes","open","yes","https://en.wikipedia.org/wiki/List_of_territorial_disputes https://github.com/factbook/factbook.json/tree/588c5b5084ee9c5e7ed0666c7be8f692c0329f56 https://www.naturalearthdata.com/downloads/10m-cultural-vectors/10m-admin-0-breakaway-disputed-areas/","secondary"
"rockall","Rockall","United Kingdom (claims, annexed 1955); Ireland, Denmark, Iceland (contest its maritime effect)","0.0008","islets_for_maritime_zone","Annexed by the UK in 1955 and by statute in 1972; Ireland does not recognise the claim.","Uninhabitable rock.","no","expedition_only","yes","https://en.wikipedia.org/wiki/List_of_territorial_disputes https://www.naturalearthdata.com/downloads/10m-cultural-vectors/10m-admin-0-breakaway-disputed-areas/ https://en.wikipedia.org/wiki/Terra_nullius","secondary"
"olivenza","Olivenza and Táliga","Spain (administers); Portugal (does not recognise Spanish sovereignty)","750","paper_claim","Ceded to Spain by the 1801 Treaty of Badajoz; Portugal relies on the 1815 Vienna Final Act; the border there is undelimited.","Ordinary Spanish municipalities on an open Schengen border.","yes","open","yes","https://en.wikipedia.org/wiki/List_of_territorial_disputes https://github.com/factbook/factbook.json/tree/588c5b5084ee9c5e7ed0666c7be8f692c0329f56 https://www.naturalearthdata.com/downloads/10m-cultural-vectors/10m-admin-0-breakaway-disputed-areas/","secondary"
"croatia-serbia-danube-pockets","Danube east-bank pockets (Bačka) claimed by Croatia","Serbia (controls); Croatia (claims)","100","line_position","Croatia follows 19th-century cadastral boundaries, Serbia the present course of the Danube.","Forest and farmland under Serbian control.","no","open","no","https://en.wikipedia.org/wiki/List_of_territorial_disputes https://github.com/factbook/factbook.json/tree/588c5b5084ee9c5e7ed0666c7be8f692c0329f56 https://en.wikipedia.org/wiki/Terra_nullius","secondary"
"sarengrad-vukovar-islands","Islands of Šarengrad and Vukovar","Serbia (controls); Croatia (claims)","10","line_position","Occupied in 1991 and kept by Serbia after 1998 under its river-thalweg position.","River islands; a beach on Vukovar Island is open to Croatian visitors by a 2006 arrangement.","no","restricted","yes","https://en.wikipedia.org/wiki/List_of_territorial_disputes https://www.naturalearthdata.com/downloads/10m-cultural-vectors/10m-admin-0-breakaway-disputed-areas/","memory"
"gornja-siga","Gornja Siga and other west-bank pockets","Croatia (de facto control, attributes it to Serbia); Serbia (no claim)","7","no_agreed_boundary","Left unclaimed by the two states' incompatible boundary rules; site of the 2015 'Liberland' micronation.","Forest patrolled by Croatian police, who remove visitors.","no","closed","no","https://en.wikipedia.org/wiki/Terra_nullius","secondary"
"sveta-gera","Sveta Gera (Trdinov vrh) barracks","Slovenia (occupies barracks); Croatia (claims)","","line_position","Yugoslav army barracks taken over by Slovenia in 1991 on land Croatia's cadastre counts as Croatian.","Small Slovenian army post on a hiking summit.","garrison_only","open","no","https://en.wikipedia.org/wiki/List_of_territorial_disputes","memory"
"dragonja","Dragonja left-bank hamlets and other Slovenia-Croatia segments","Croatia (controls); Slovenia","1.4","line_position","A 2017 arbitral award (accepted by Slovenia, rejected by Croatia) left the hamlets with Croatia.","Croatian-administered hamlets; both states are in Schengen since 2023.","yes","open","yes","https://en.wikipedia.org/wiki/List_of_territorial_disputes https://github.com/factbook/factbook.json/tree/588c5b5084ee9c5e7ed0666c7be8f692c0329f56 https://www.naturalearthdata.com/downloads/10m-cultural-vectors/10m-admin-0-breakaway-disputed-areas/","secondary"
"bosnia-serbia-drina","Sections along the Drina","Bosnia and Herzegovina; Serbia","","line_position","River course shifts, hydropower plants and a railway section; about half the boundary is delimited.","No visible difference.","yes","open","no","https://en.wikipedia.org/wiki/List_of_territorial_disputes https://github.com/factbook/factbook.json/tree/588c5b5084ee9c5e7ed0666c7be8f692c0329f56","secondary"
"klek-skolj","Mali Školj, Veliki Školj and the tip of Klek","Bosnia and Herzegovina; Croatia","0.1","line_position","The 1999 border treaty gave them to Bosnia but was never ratified by Croatia.","Uninhabited islets and headland near Neum.","no","open","no","https://en.wikipedia.org/wiki/List_of_territorial_disputes https://github.com/factbook/factbook.json/tree/588c5b5084ee9c5e7ed0666c7be8f692c0329f56","secondary"
"kostajnica-island","River island at Kostajnica (Zrinski castle)","Croatia (controls); Bosnia and Herzegovina (claims)","","line_position","Una River boundary under the unratified 1999 treaty.","Castle and shared border crossing in use since 2003.","no","open","no","https://en.wikipedia.org/wiki/List_of_territorial_disputes","memory"
"prevlaka","Prevlaka peninsula","Croatia (controls); Montenegro (contests the bay boundary)","1","line_position","UN observer mission until 2002; a 2002 interim protocol demilitarised the area pending a final settlement.","Croatian land open as a park; joint police patrol at sea.","no","open","no","https://en.wikipedia.org/wiki/List_of_territorial_disputes","memory"
"sutorina","Sutorina","Montenegro; Bosnia and Herzegovina","","resolved_recently","Bosnian claim to the coastal strip dropped in the August 2015 border treaty.","Ordinary Montenegrin territory.","yes","open","no","","memory"
"lake-constance","Lake Constance (Obersee)","Switzerland; Germany; Austria","473","no_agreed_boundary","No treaty fixes the border in the main lake; Switzerland assumes a median line, Austria a condominium.","Water only; no checks or visible effect.","no","open","no","https://en.wikipedia.org/wiki/Condominium_(international_law)","secondary"
"moselle-condominium","Germany-Luxembourg river condominium (Moselle, Sauer, Our)","Germany; Luxembourg","0.7","own_regime","Joint sovereignty over the rivers set by the 1816 Treaty of Aachen and confirmed in 1984.","Rivers, bridges and about 15 islets under shared sovereignty; no checks.","no","open","no","https://en.wikipedia.org/wiki/Condominium_(international_law)","secondary"
"pheasant-island","Pheasant Island","Spain; France (alternating every six months)","0.007","own_regime","Condominium under the 1659 Treaty of the Pyrenees.","Uninhabited river islet closed to the public except on rare open days.","no","closed","no","https://en.wikipedia.org/wiki/Condominium_(international_law)","secondary"
"svalbard","Svalbard","Norway (sovereign under the 1920 Svalbard Treaty); treaty parties have equal economic access","61022","own_regime","The 1920 treaty recognised Norwegian sovereignty with demilitarisation and equal rights for nationals of the parties.","Outside Schengen and visa-free for all; a Russian mining settlement operates at Barentsburg.","yes","open","no","https://en.wikipedia.org/wiki/Terra_nullius https://github.com/factbook/factbook.json/tree/588c5b5084ee9c5e7ed0666c7be8f692c0329f56","memory"
"saimaa-canal","Saimaa Canal (Russian section)","Finland (leaseholder); Russia (sovereign)","","lease_or_base","Leased under 1963 and 2010 treaties for 50 years.","Canal zone inside Russia managed by Finland; traffic suspended since 2022.","no","closed","no","https://en.wikipedia.org/wiki/Concessions_and_leases_in_international_relations https://en.wikipedia.org/wiki/Saimaa_Canal","secondary"
"moldauhafen","Moldauhafen and Saalehafen (Hamburg)","Czech Republic (leaseholder); Germany (sovereign)","0.03","lease_or_base","99-year lease from 1929 under the Treaty of Versailles; expires in 2028.","Largely disused port lots in Hamburg's free port area.","no","unknown","no","https://en.wikipedia.org/wiki/Moldauhafen","secondary"
"palanca-road","Odesa-Reni road section at Palanca","Moldova (sovereign); Ukraine (owns the road land)","","lease_or_base","Under the 1999 Moldova-Ukraine border treaty Ukraine owns a 7.7 km road section crossing Moldovan territory.","Ukrainian transit road through Moldova without Moldovan checks.","no","open","no","","memory"
"matthew-hunter","Matthew and Hunter Islands","France/New Caledonia (administers); Vanuatu (claims)","1.3","islets_for_maritime_zone","Attached to New Caledonia by France in 1976; claimed by Vanuatu since independence in 1980.","Uninhabited volcanic islets; an automatic weather station.","no","expedition_only","yes","https://en.wikipedia.org/wiki/List_of_territorial_disputes https://github.com/factbook/factbook.json/tree/588c5b5084ee9c5e7ed0666c7be8f692c0329f56 https://www.naturalearthdata.com/downloads/10m-cultural-vectors/10m-admin-0-breakaway-disputed-areas/","secondary"
"minerva-reefs","Minerva Reefs","Tonga (claims since 1972); Fiji (contests)","","islets_for_maritime_zone","Tonga annexed the reefs in 1972 after a micronation attempt; Fiji objected in 2005 and destroyed beacons in 2011.","Reefs awash at high tide used as a yacht anchorage.","no","expedition_only","no","https://en.wikipedia.org/wiki/List_of_territorial_disputes https://github.com/factbook/factbook.json/tree/588c5b5084ee9c5e7ed0666c7be8f692c0329f56","secondary"
"swains-island","Swains Island (Olohega)","United States/American Samoa (administers); Tokelau (claims)","2.4","paper_claim","Annexed to American Samoa in 1925; the 1980 Treaty of Tokehega confirmed US title but Tokelau's 2006 draft constitution claims it.","Privately owned atoll with no permanent population at present.","no","expedition_only","yes","https://en.wikipedia.org/wiki/List_of_territorial_disputes https://github.com/factbook/factbook.json/tree/588c5b5084ee9c5e7ed0666c7be8f692c0329f56 https://www.naturalearthdata.com/downloads/10m-cultural-vectors/10m-admin-0-breakaway-disputed-areas/","secondary"
"wake-island","Wake Island","United States (administers); Marshall Islands (claims)","7.4","paper_claim","Annexed by the US in 1899; the Marshall Islands restated its claim to the UN in 2016.","US Air Force installation with no public access.","garrison_only","closed","yes","https://en.wikipedia.org/wiki/List_of_territorial_disputes https://github.com/factbook/factbook.json/tree/588c5b5084ee9c5e7ed0666c7be8f692c0329f56 https://www.naturalearthdata.com/downloads/10m-cultural-vectors/10m-admin-0-breakaway-disputed-areas/","secondary"
