area_id,holder,claimants,renounced,other_actors,basis_field,basis_text,unclear
abkhazia,area/abkhazia,GE,,,holder; parties,"Abkhaz authorities, with Russian forces",Holder field names Abkhaz authorities together with Russian forces; Russia's role (not a claimant) left out of holder.
abu-musa,IR,AE,,,parties,"Iran (administers); United Arab Emirates (claims, as successor to Sharjah)",
abyei,unclear,SD SS,,UNISFA (United Nations Interim Security Force for Abyei),parties; on_the_ground,Sudan (claims); South Sudan (claims),No holder stated; the facts give only the UN peacekeeping deployment and the 2004 'special administrative status'.
akrotiri-dhekelia,GB,CY,,,holder; parties,Cyprus (contests the extent of UK sovereignty),"Cyprus contests the extent of UK sovereignty, i.e. part of the area, not stated which part."
aksai-chin,CN,IN,,,parties,China (administers); India (claims),
al-fashaga,unclear,SD ET,,,parties; on_the_ground,Sudan (claims); Ethiopia (claims),"Holder not stated: the 2008 compromise (Sudanese administration, Ethiopian farmers) ended in 2020 when Sudan expelled Ethiopian farmers; current control not stated."
ankoko-island,VE,GY,,,holder; parties,"Venezuela (administers the whole island, claims it); Guyana (claims its side",Guyana claims only its side of the island.
antarctic-peninsula-overlap,none,AR CL GB,,,parties,Argentina (claims); Chile (claims); United Kingdom (claims),
antarctica,none,AR AU CL FR NZ NO GB,,,parties,"Argentina, Australia, Chile, France, New Zealand, Norway, United Kingdom (territorial claims)",
armistice-no-mans-lands,IL,PS,,,parties; on_the_ground,"Israel (administers, claims); Palestine (claims) - stated for Latrun",Roles stated for Latrun only; the Jerusalem no-man's-land and the Mount Scopus enclave are not covered.
artsvashen,AZ,AM,,,parties; holder,Azerbaijan (controls); Armenia (de jure),
arunachal-pradesh,IN,CN,,,parties,India (administers as a state); China (claims nearly four-fifths as Southern Tibet),
aves-island,VE,,,,on_the_ground; parties,Venezuelan scientific naval base 'Simón Bolívar',"Holding read from the Venezuelan naval base, not from a stated holder role. 'Caribbean states and the United Kingdom' dispute that the island generates an EEZ, not sovereignty; the Caribbean states are not named."
azad-kashmir,PK,IN,,,parties,Pakistan (administers); India (claims),
azerbaijani-held-armenian-border-areas,AZ,AM,,,parties; holder,Azerbaijan (occupies); Armenia (internationally recognised territory),
badme,unclear,ER,ET,,parties; origin,Ethiopia (announced in June 2018 that it would withdraw and cede it),Holder not stated (whether Ethiopia withdrew is not stated). Ethiopia's renunciation read from its 2018 announcement accepting the 2002 boundary commission placement; check that this is an act in force.
baikonur,RU,,,,holder; parties,Russia (leases and administers until 2050); Kazakhstan (sovereign),"Kazakhstan is listed as claimant because it is the sovereign (lessor); it does not contest the lease. Reviewed 2026-10-04: Kazakhstan is the lessor and sovereign; the lessee does not contest it, and a lease goes with the lessor (R053): no differing view."
baikonur-dalny-water-intake,unclear,,,,parties,Russia (lessee until 2050,"A plot of the Baikonur lease: who controls access in practice is not stated; Kazakhstan is the lessor and sovereign, not a claimant against the lessee."
baikonur-kostanay-rescue-complex,unclear,,,,parties,Russia (lessee until 2050,"A plot of the Baikonur lease: who controls access in practice is not stated; Kazakhstan is the lessor and sovereign, not a claimant against the lessee."
baikonur-saran-ip9,unclear,,,,parties,Russia (lessee until 2050,"A plot of the Baikonur lease: who controls access in practice is not stated; Kazakhstan is the lessor and sovereign, not a claimant against the lessee."
baikonur-ust-kamenogorsk-fall-base,unclear,,,,parties,Russia (lessee until 2050,"A plot of the Baikonur lease: who controls access in practice is not stated; Kazakhstan is the lessor and sovereign, not a claimant against the lessee."
baikonur-zhezkazgan-fall-base,unclear,,,,parties,Russia (lessee until 2050,"A plot of the Baikonur lease: who controls access in practice is not stated; Kazakhstan is the lessor and sovereign, not a claimant against the lessee."
bajo-nuevo,CO,US,,,parties,Colombia (administers); United States (claims); Jamaica (named as party to the dispute),Jamaica is named only as a party to the dispute; whether it claims is not stated. The 2012 ICJ ruling went against Nicaragua's claims; whether Nicaragua accepted it is not stated.
banc-du-geyser,FR,KM MG,,,parties,France (controls; claims it within the EEZ of the Glorioso Islands); Comoros (claims); Madagascar (claims),
baqoura-ghamr,JO,,,,parties; on_the_ground,Jordan (sovereign); Israel (recognises Jordanian sovereignty),
belize-guatemala-claim,BZ,GT,,,parties,"Belize (administers); Guatemala (claims the territory between the Sibun and Sarstoon rivers, and formally all of Belize)",
bender,area/transnistria,MD,,,parties; holder,Transnistria (de facto control since 1992); Moldova (within its internationally recognised borders),
bhutan-china-north,unclear,BT CN,,,parties,"Bhutan; China (disputed areas, named in China's 1996 exchange offer)",No roles stated: holder unknown; both read as claimants only because the areas are called disputed.
bhutan-china-west,unclear,BT CN,,,parties; on_the_ground,Bhutan (claims); China (claims),Holder not stated; China has built a road over the Doklam plateau (part of the area).
bhutanese-enclaves-tibet,CN,,,,holder,China (stated for Darchen; the other former enclaves are not covered by the passage),Holder stated for Darchen only. Bhutan administered the enclaves before 1959; whether it still claims them is not stated.
bir-tawil,unclear,,,,parties,none (Egypt and Sudan each assert a boundary that leaves Bir Tawil to the other),"The facts say no state claims it; who, if anyone, holds it is not stated."
bosnia-serbia-drina,unclear,BA RS,,,parties,Bosnia and Herzegovina; Serbia,Parties listed without roles: holder unknown; read as mutual claimants.
bukit-jeli,unclear,TH MY,,,parties,Thailand; Malaysia,Parties listed without roles: holder unknown; read as mutual claimants.
burkina-niger-border,unclear,,BF NE,,origin,"it ruled in 2013, recommending small territorial exchanges that both governments accepted",Holder of the sectors after the exchanges not stated. Renunciation read as each party giving up claims beyond the accepted 2013 ICJ ruling.
caspian-islets-ukatny,unclear,RU KZ,,,parties,Russia (assigns Ukatny to Astrakhan Oblast); Kazakhstan (includes it in Atyrau Region),Holder not stated; both assign Ukatny administratively. Roles for Zhestky and Maly Zhemchuzhny not stated.
ceuta,ES,MA,,,parties,Spain (holds sovereignty); Morocco (calls for its transfer),
chagos,GB,MU,,,holder; parties; on_the_ground,Mauritius (claims the archipelago),"The 2025 transfer agreement is signed but not ratified, so it does not end any claim."
chile-peru-land-triangle,unclear,CL PE,,,parties; on_the_ground,Chile (claims; says it patrols the area); Peru (claims; says it patrols the area),Both say they patrol the area; holder not established.
citrana-naktuka,TL,TL ID,,,parties,Timor-Leste; Indonesia,Parties listed without roles: holder unknown; read as mutual claimants. Reviewed 2026-10-04: holder from the register's new holder fact.
conejo-island,HN,SV,,,parties,Honduras (administers); El Salvador (claims),
congo-river-islands,unclear,CG CD,,,parties,Republic of the Congo; Democratic Republic of the Congo,Parties listed without roles: holder unknown; read as mutual claimants.
crimea,RU,UA,,,parties; holder,Russia (controls; annexed 2014); Ukraine (claims; recognised as Ukrainian by most countries),
croatia-serbia-danube-pockets,RS,HR,,,parties,Serbia (controls); Croatia (claims),
cyprus-buffer-zone,unclear,,,UNFICYP (United Nations),parties,"United Nations (UNFICYP, patrols the zone); Republic of Cyprus (controls the area to the south); Turkish Republic of Northern Cyprus (to the north)",The UN patrols the zone; Cyprus and Northern Cyprus are stated only for the areas on either side. Neither a holder of the zone nor any claim to it is stated.
david-gareja,unclear,GE AZ,,,parties; on_the_ground,Georgia; Azerbaijan (the complex lies partly on the territory of Azerbaijan; border dispute between the two),Only the part in Azerbaijan is stated as administered (an Azerbaijani reserve since 2007); who holds the rest is not stated.
demchok,split:CN IN,CN IN,,,parties,China (claims the whole; holds its side of the Line of Actual Control); India (claims the whole; holds its side,"Each holds its side of the LAC and claims the whole, so each is also a claimant beyond what it holds."
diego-garcia,GB,MU,,,holder; parties; on_the_ground,Mauritius (treaty to transfer sovereignty signed 22 May 2025),"Mauritius's role here is party to a signed, unratified transfer treaty; its claim to the archipelago is stated in the chagos row. The US runs the base but is not a claimant."
doi-lang,TH,MM,,,parties; on_the_ground,a 2015 source says Thailand took control of Doi Lang in 1987,Holder rests on a 2015 source quoted inside the parties fact and on the area lying in a Thai national park; no holder field.
dokdo,KR,JP,,,parties,"South Korea (administers, exercises sovereignty); Japan (claims)",
donetsk-occupied,RU,UA,,Donetsk People's Republic administration,parties; holder,"Russia and its Donetsk People's Republic administration, in part of the oblast",The area is the Russian-held part; its extent is sourced only to June 2022 (around 55%).
doumeira,ER,DJ,,,on_the_ground; parties,Occupied by Eritrea since Qatari peacekeepers withdrew in June 2017.,Eritrea's own claim is not stated.
dragonja,unclear,,SI,,parties; on_the_ground,Slovenia implemented the 2017 arbitration ruling on 29 December 2017; Croatia continues to oppose it.,"Who holds the hamlets is not stated. Slovenia read as renouncing the land awarded to Croatia by implementing the award; Croatia opposes the award, and whether it claims beyond it is not stated."
durand-line,unclear,AF,,,parties; origin,Afghanistan (largely does not recognise it),"The area is a line; Pakistan's role is that the line is internationally recognised as its border, not stated as holding. The line was ratified by the 1919 Anglo-Afghan Treaty; whether that is an Afghan renunciation in force is not stated."
east-jerusalem,IL,PS,,,parties; holder,Israel (occupies); Palestine (considered its capital,"Palestine's role is stated as 'considered its capital and part of the Palestinian territories by the United Nations', not as 'claims'."
eastern-ossetia-claim,GE,area/south-ossetia,,,parties,"Georgia (controls, as part of Kazbegi Municipality); South Ossetia (claims)",
essequibo,GY,VE,,,on_the_ground; parties,"Controlled by Guyana under the 1899 Paris Arbitral Award, except Ankoko Island, which Venezuela controls.","Venezuela holds only Ankoko Island, which is also a separate register area (ankoko-island). Reviewed 2026-10-04: Guyana holds the area; Ankoko Island, which Venezuela holds, is a register area and region of its own."
estonia-russia-border,unclear,EE,,,parties; origin,Estonia (no border treaty ratified; the unratified agreement renounces Estonian claims to these lands),"Russia is listed without a role; the 1944 decrees moved the areas to Soviet oblasts but current holding is not stated. The Estonian renunciation is in an unratified agreement, so the claim still counts."
ethiopia-somalia-provisional-line,unclear,ET SO,,,parties,Ethiopia; Somalia,Parties listed without roles: holder unknown; read as mutual claimants.
falkland-islands,GB,AR,,,parties,United Kingdom (rules; British rule reasserted in 1833); Argentina (claims),
fasht-ad-dibal-qitat-jaradah,unclear,,BH QA,,parties; origin,The disputes were resolved by the International Court of Justice on 16 March 2001,"Holding not stated, only sovereignty by the ICJ decision (Qit'at Jaradah to Bahrain, Fasht Dibal to Qatar). Renunciation (each of the feature awarded to the other) read from 'resolved'; acceptance of the ruling is not stated explicitly."
gaza-strip,unclear,,,Hamas,parties; on_the_ground,Israel (occupying power since 1967); Palestinian Authority (limited governing authority under the Oslo Accords); Hamas (won the 2006 election),Israel is occupying power but withdrew from 47% under the ceasefire; who holds that part is not stated. No party is stated as claiming the area (the Palestinian Authority's role is limited governing authority).
gazakh-exclaves,AM,AZ,,,parties; holder,Armenia (controls); Azerbaijan (de jure; exclave villages of Azerbaijan),
gazakh-four-villages,AZ,,,,parties; origin,Azerbaijan (controls since 24 May 2024; de jure),No Armenian claim is stated; the villages were handed over under an agreement of 19 April 2024 whose entry into force is not stated.
ghajar,IL,LB,,,parties; holder,Lebanon (the Blue Line puts part of the village in Lebanon),"Lebanon's role is stated through the Blue Line, not as 'claims'."
gibraltar,unclear,ES,,,parties; origin,Spain (asserts a claim to the territory),The United Kingdom is listed without a role; the 1713 cession to Great Britain is stated but current holding is not.
gilgit-baltistan,PK,IN,,,parties,Pakistan (administers); India (party to the Kashmir dispute since 1947),"India's role is 'party to the Kashmir dispute', not 'claims'."
glorioso-islands,FR,KM MG,,,parties,"France (controls, as part of the French Southern and Antarctic Lands); Comoros (claims); Madagascar (claims)",
golan-heights,IL,SY,,,parties; holder,Israel (occupies since 1967); Syria (internationally recognised as Syrian territory),
gornja-siga,HR,,,,on_the_ground; parties,Administered by Croatia since the Croatian War of Independence.,Croatia administers it but does not claim it; neither Croatia nor Serbia claims it.
guantanamo-bay,US,,,,holder; parties,United States (lessee) inside the base — complete jurisdiction and control,"The holder field says 'Split', but Cuba's part is the land approaches beyond the perimeter fence, outside the base. Reviewed 2026-10-04: Cuba is the lessor and sovereign; a lease goes with the lessor (R053), so its view and the canon's attribution agree."
guinea-liberia-makona,unclear,LR GN,,,parties,Liberia; Guinea,Parties listed without roles: holder unknown; read as mutual claimants.
halaib-triangle,EG,SD,,,parties,Egypt (full de facto control; claims); Sudan (claims),
hans-island,split:CA DK,,,,parties; on_the_ground,"claimed by both until 14 June 2022, now split between them","Split read from the 2022 agreement dividing the island, not from a stated holder. Whether the agreement is in force is not stated, so the end of the claims is not confirmed as a renunciation in force."
hatay,TR,SY,,,parties; origin,"the Syrian claim is listed as ended with the fall of the Ba'athist government in 2024, as implied by new Syrian official logos","The facts say the Syrian claim ended in 2024 only as implied by new official logos; no explicit act in force is cited, so under D068 the claim still counts."
heglig,SD,SD SS,,Rapid Support Forces (RSF),parties; on_the_ground,The Rapid Support Forces seized control of the area on 8 December 2025,"Held by the RSF, a non-state actor, since December 2025; Sudan's administration is stated only from the article lead. Reviewed 2026-10-04: the RSF, which has no point of view (D069), seized it on 8 December 2025; the last party with a view to hold it is Sudan ('administers per the article lead'), which keeps it under R049 until a holder with a view is accepted."
ilemi-triangle,KE,SS,,,on_the_ground; parties,Kenya has de facto control of the whole triangle up to the 1950 Sudanese Patrol Line.,
imia-kardak,unclear,GR TR,,,parties; on_the_ground,no military forces on the islets,Only the absence of military forces is stated; whether anyone holds the islets is not.
india-bangladesh-enclaves,split:IN BD,,IN BD,,parties; origin,India (received 51 Bangladeshi enclaves in 2015); Bangladesh (received 111 Indian enclaves in 2015),"Holding read from 'received'. India's act is its 100th constitutional amendment (2015); Bangladesh's own act is not stated, only the exchange carried out under the Land Boundary Agreement."
india-china-middle-sector,IN,CN,,,parties,India (holds); China (claims),
indian-jammu-kashmir-ladakh,IN,PK,,,parties,India (administers); Pakistan (claims the entire Kashmir region,
isla-brasilera,BR,UY,,,parties,Brazil (administers; maintains effective sovereignty); Uruguay (claims),
isla-portillos,unclear,,,,parties; origin,Settled by the International Court of Justice: its judgment of 16 December 2015,"Holding not stated, only sovereignty by the ICJ judgment. Whether Nicaragua accepted the ruling (renunciation in force) is not stated."
isla-santa-rosa,PE,CO,,,parties; on_the_ground,"Peru (administers, Santa Rosa de Loreto District); Colombia (claims, Leticia municipality)",
isla-suarez,BO,BR,,,on_the_ground; parties,As of 2009 the island remains supposedly under Bolivian administration,Holder sourced only to 2009 and hedged ('supposedly'); Brazilian inhabitants hold most of the land. Both contest sovereignty.
islas-chafarinas,ES,MA,,,parties,Spain (administers); Morocco (claims),
israeli-held-southern-syria,IL,SY,,,parties; holder,Israel (occupies); Syria (demands withdrawal),"Syria's role is 'demands withdrawal', not 'claims'."
israeli-posts-south-lebanon,IL,LB,,,parties; holder,Israel (occupies; expanded its occupation to 570-600 square kilometres in 2026); Lebanon,Lebanon is listed without a role.
junagadh,IN,PK,,,parties,India (annexed in 1947; within Gujarat); Pakistan (contested the princely state),"Pakistan's role is stated in the past tense; no renunciation is stated, so under D068 the claim still counts."
kafia-kingi,SD,SS,,Rapid Support Forces (RSF),holder; parties,Rapid Support Forces (RSF),"The holder field names the RSF (a non-state actor); on_the_ground says Sudan controls all or most of the area. Sudan's role is 'de facto control', no claim stated. Reviewed 2026-10-04: the RSF-led administration, which has no point of view (D069), holds it; the last party with a view to hold it is Sudan ('de facto control'), which keeps it under R049."
kalapani,IN,NP,,,parties,"India (governs, through its Indo-Tibetan Border Police); Nepal (disputes)",
kangwane-ingwavuma,ZA,SZ,,,parties,"South Africa (administers, within KwaZulu-Natal and Mpumalanga); Eswatini (claims)",
karki,AM,AZ,,,parties; holder,"Armenia (de facto control, Ararat Province); Azerbaijan (de jure, Sadarak District)",
kherson-occupied,RU,UA,,,parties; holder,Russia (occupies); Ukraine,Ukraine is listed without a role.
kinmen-matsu,TW,CN,,,parties; holder,Republic of China (controls); People's Republic of China (claims),
klek-skolj,HR,BA,,,on_the_ground; parties,Croatia continues to administer areas that it assigns to Bosnia and Herzegovina.,"Holding read from a general statement about the areas the unratified 1999 treaty assigns to Bosnia and Herzegovina; the parties are listed without roles. The 1999 treaty never entered into force, so it ends no claim."
koalou,none,BJ BF,,,on_the_ground; parties,Both Burkinabe and Beninese forces have left the area,'None' read from both forces having left; whether any civil administration operates is not stated.
kokkina,area/northern-cyprus,CY,,,parties; holder,Northern Cyprus (de facto); Cyprus (de jure),
korean-dmz,unclear,KP KR,,United Nations Command,parties,North Korea; South Korea; United Nations Command,Parties listed without roles: holder of the zone unknown; read as mutual claimants.
kosovo,XK,RS,,,holder; parties,Kosovo (independent; independence recognised by 110 UN member states); Serbia (claims),
kosovo-montenegro-border,unclear,,XK ME,,origin; on_the_ground,"Settled by the border demarcation agreement, ratified by both governments in 2015 and enforced in March 2018.",Only Čakor is stated (handed over to Montenegro); holder of the rest (Kula) not stated. Renunciation read as each giving up claims beyond the ratified agreement.
kostajnica-island,HR,BA,,,parties,Croatia (controls); Bosnia and Herzegovina (claims),
kpeaba,CI,GN,,,parties; origin,Guinean soldiers who had occupied the village withdrew at the end of February 2013,Holder read from the village flying the Ivorian flag and the 2013 Guinean withdrawal; Guinea's claim is not stated explicitly (the dispute dates to independence).
kula-kangri,unclear,,BT,,parties; origin,"Bhutan relinquished its claim in the 1980s, attributing it to a cartographic error.",China is listed without a role; holder not stated. The form of Bhutan's relinquishment is not stated; check that it is an act in force (D068).
kuril-islands,RU,JP,,,parties,Russia (administers); Japan (claims the four southernmost islands),
kyrgyz-tajik-border,unclear,,,,parties; origin,Settled by the border agreement of March 2025,Holding and claims after the 2025 agreement not stated; whether the agreement is in force is not stated.
kyrgyz-uzbek-border,unclear,,KG,,origin; on_the_ground,Kyrgyzstan reportedly relinquished its claim on the Andijan (Kempir-Abad) Reservoir,"Only Barak is stated as held (absorbed by Uzbekistan in 2024). Kyrgyzstan's relinquishment is 'reported'; the deal's entry into force is implied by the swap becoming permanent, not stated."
la-guera,MR,MA,,Polisario Front,parties; holder,Mauritania (de facto control); Morocco (claims); Sahrawi Republic (claims),"EH: the facts present the Sahrawi Republic as claimant of La Güera, part of the disputed Western Sahara territory. Reviewed 2026-10-04: the Sahrawi Republic is not a party with a view (D069), and EH is the ISO code of the territory, not of the Republic."
ladakh-lac-buffer-zones,unclear,IN CN,,,parties; on_the_ground,India; China,"Parties listed without roles; buffer zones with patrol restrictions, holder not stated; read as mutual claimants."
lake-constance,unclear,,,,on_the_ground; origin,In the rest of the Obersee no boundaries were ever fixed between the neighbouring states.,Each state exercises sovereign rights along its own shore; for the rest no holder and no claim is stated.
lake-nyasa-islands,MW,TZ,,,on_the_ground; parties,Malawi currently administers the disputed waters.,"Holding is stated for the waters, not explicitly for the islands."
lawa-headwaters,FR,FR SR,,,parties,France (French Guiana); Suriname,Parties listed without roles: holder unknown; read as mutual claimants. Reviewed 2026-10-04: holder from the register's new holder fact.
lebanon-syria-undelimited,unclear,LB SY,,,parties,Lebanon; Syria (no treaty describes the boundary; several sections are in dispute),Parties listed without roles: holder unknown; read as mutual claimants.
libya-algeria-claim,unclear,LY,,,parties,"Libya (claim of about 32,000 sq km still shown on its maps; dormant)","Algeria's role is that the territory is in south-eastern Algeria, not stated as holding. Libya's claim is dormant but counts (D068)."
libya-niger-tummo,unclear,LY,,,parties,"Libya (claims about 25,000 sq km in the Tummo region; the dispute is currently dormant)",Niger is listed without a role; holder not stated. Libya's claim is dormant but counts (D068).
logoba-moyo,unclear,SS UG,,,parties,South Sudan (Kajo-Keji county); Uganda (Moyo district),Parties listed with administrative units only: holder unknown; read as mutual claimants.
luhansk-occupied,RU,UA,,,parties; holder,Russia (occupies almost all of the oblast; declared its annexation in September 2022); Ukraine (the oblast is its territory,
lunkinda-pweto,CD,ZM,,,parties; on_the_ground,DR Congo (administers); Zambia (claims),"on_the_ground cites an article saying Zambia eventually ceded the enclave to DR Congo; no act is stated, so the Zambian claim still counts."
machias-seal-island,CA,US,,,parties,Canada (administers; staffs the lighthouse); United States (claims sovereignty),
margherita-peak,unclear,CD UG,,,parties,DR Congo (claims the peak); Uganda (rejects the claim and considers the peak a boundary divide),Holder not stated. Uganda read as claimant of its side (it considers the peak a boundary divide).
marie-byrd-land,none,,,,parties,none (the portion east of 150°W has not been claimed by any sovereign state),Antarctic: holder none by convention; a US station operates there.
matthew-hunter,unclear,FR VU,,,parties; on_the_ground,France (claims as part of New Caledonia); Vanuatu (claims as part of Tafea Province),Holder not stated (France keeps a weather station and visits; Vanuatu has made no occupation). The United Kingdom claimed the islands in 1965 (origin); whether that claim continues is not stated.
mayotte,FR,KM,,,parties,France (administers); Comoros (claims),
mazraat-deir-al-ashayer,LB,SY,,,parties,Lebanon (administers and controls); Syria (claims),
mbanie,unclear,GQ GA,,,parties; on_the_ground,"Gabon had a small military presence on the island, which the 2025 ruling said it was to remove.","Current holder not stated. The 2025 ICJ ruling gives the islands to Equatorial Guinea; Gabon's acceptance is not stated, so its claim is not read as renounced."
mekong-islands,unclear,LA TH,,,parties,Laos; Thailand,Parties listed without roles: holder unknown; read as mutual claimants.
melilla,ES,MA,,,parties,Spain (administers as an autonomous city); Morocco (claims),
migingo,none,KE UG,,,parties; on_the_ground,Kenya; Uganda (both claim the island),"Current holder not stated (police of both have occupied it at various times; latest state given is 2009). Reviewed 2026-10-05: the latest report from the island (AFP, October 2018) says it is co-managed by both countries, so no single holder (R048 as amended by D055); Uganda's 2009 statement that the island is Kenyan is not an act in force, so its claim stays (D068)."
minerva-reefs,unclear,TO FJ,,,parties,Tonga (claims since 1972); Fiji (does not recognise the claim),Holder not stated. Fiji's role is that it does not recognise Tonga's claim; a Fijian claim of its own is not stated.
moldauhafen,DE,,,,holder; parties,the Czech port territory is not extraterritorial and is under full German jurisdiction,"The Czech Republic is leaseholder, not a claimant."
moldovan-held-left-bank,MD,area/transnistria,,,parties,Moldova (controls); Transnistria (PMR; claims),
mont-blanc-summit,unclear,FR IT,,,parties,"France (claims both summits entirely); Italy (claims the border follows the watershed, splitting both summits)",Holder not stated.
moselle-condominium,unclear,,,,parties,Germany; Luxembourg (the rivers are a condominium of the two),Held jointly as a condominium of Germany and Luxembourg; no single or split holder.
nagorno-karabakh,AZ,,,Artsakh (dissolved),parties; on_the_ground,Azerbaijan (captured all of Nagorno-Karabakh in a 2023 offensive); Artsakh (dissolved),
navassa,US,HT,,,parties,United States (administers through the Fish and Wildlife Service); Haiti (claims),
nepal-china-humla,unclear,NP CN,,,parties; on_the_ground,Nepal (the area is in its Humla region); China (may have constructed 11 buildings there in 2021),Holder not stated; China's claim is not stated explicitly (it may have built there); read as mutual claimants.
noktundo,RU,KR,,,parties,Russia (holds the former island); South Korea (refused to acknowledge the 1990 Soviet-North Korean border treaty and demanded the territory's return),
north-korea-claimed-by-rok,KP,KR,,,parties,North Korea (administers); South Korea (claims,
northern-cyprus,area/northern-cyprus,CY,,,holder; parties,"Cyprus (the area is internationally recognised as its territory, occupied by Turkey)",
ntem-island,unclear,CM GQ,,,parties,Cameroon; Equatorial Guinea,Parties listed without roles: holder unknown; read as mutual claimants.
okpara-villages,unclear,BJ NG,,,parties,Benin; Nigeria,Parties listed without roles: holder unknown; read as mutual claimants.
olivenza,ES,PT,,,parties,Spain (administers); Portugal (claims the return of the territory),
orange-river-boundary,unclear,NA ZA,,,parties,Namibia (argues for the river's median line); South Africa (maintains the northern-bank boundary),Holder not stated; read as mutual claimants.
otangav,unclear,KH LA,,,parties,Cambodia (claims the area as part of Stung Treng Province); Laos,Holder not stated; Laos is listed without a role.
oyster-pond,unclear,NL FR,,,parties; origin,the Netherlands had still to ratify before it enters into force,"Holder not stated. The 2023 agreement is not in force, so both claims still count."
palanca-road,UA,,,,holder; parties,Moldova (the road section lies within its territory); Ukraine (owns and controls the road section),Under a 2001 treaty Moldova committed to transfer control and sovereignty; whether that transfer of sovereignty is in force is not stated. Reviewed 2026-10-04: Moldova agreed by a 2001 treaty to the Ukrainian control of the road section; no party contests whose it is.
paracel-islands,CN,TW VN,,,parties,China (controls); Taiwan (claims); Vietnam (claims),
pedra-branca,split:SG MY,,MY,,parties; on_the_ground; origin,"Malaysia and Singapore agreed, by letters of 28 and 29 May 2018, to discontinue Malaysia's case for revision of the ICJ judgment","Singapore administers Pedra Branca; Malaysia's holding of Middle Rocks is read from sovereignty, not stated. South Ledge goes with territorial waters. Malaysia's renunciation of Pedra Branca read from the accepted ICJ judgment."
penon-de-alhucemas,ES,MA,,,parties,Spain (administers); Morocco (claims),
penon-de-velez-de-la-gomera,ES,MA,,,parties,Spain (holds it as a plaza de soberanía); Morocco (claims),
perejil,none,ES MA,,,on_the_ground; parties,"Unoccupied: neither Spain nor Morocco keeps anyone on the islet, and both claim it.",
pheasant-island,unclear,,,,parties,Spain (governs 1 February - 31 July); France (governs 1 August - 31 January),Held by Spain and France in alternating six-month periods; no claim is stated.
point-20,SG,MY,,,parties; on_the_ground,Malaysia (claims the sliver as its territorial waters under its 1979 map),"Malaysia claims the sliver as territorial waters, now reclaimed land."
pratas,TW,CN,,,parties; holder,"Republic of China (Taiwan) (administers, under Kaohsiung City); People's Republic of China (claims",
preah-vihear,unclear,KH TH,,,parties,"Cambodia (the temple is in Cambodia, per the ICJ in 1962); Thailand (the other party to the long dispute over its ownership)","Holder not stated; Thailand's role is 'other party to the dispute', read as claimant."
prevlaka,HR,ME,,,parties,Croatia (holds the peninsula under the 2002 temporary agreement); Montenegro (dormant dispute,Montenegro's role is a dormant dispute; it counts (D068).
rincon-de-artigas,BR,UY,,,parties,Brazil (administers); Uruguay (claims),
roc-legacy-claims,unclear,TW,,,parties; on_the_ground,Republic of China (Taiwan) (officially claims sovereignty over all of China; does not recognise territorial settlements made by the PRC),"The PRC controls mainland China, Hong Kong and Macau; the holders of the other claimed parts (Mongolia, Tuva, Pamirs, northern Myanmar, parts of Bhutan, India, Russia) are not stated."
rockall,unclear,GB,,,parties; on_the_ground,United Kingdom (claims Rockall); Ireland (has never claimed sovereignty,Holder not stated (nobody is stationed there). Ireland disputes the UK claim but does not claim.
rukwanzi-semliki,unclear,CD UG,,,parties; on_the_ground,"demilitarised and co-administered, with a Congolese administrator",Co-administered by both as of 2007; no later state; the Semliki valley is not covered.
russian-ranges-kazakhstan,split:RU KZ,,,,holder; parties,Split: Russia (lessee) on the Sary-Shagan range and leased objects in Priozersk,"Kazakhstan holds Priozersk and is sovereign over the leased ranges, so it is also listed as claimant (sovereign). Reviewed 2026-10-04: Kazakhstan is the lessor and sovereign; the lessee does not contest it, and a lease goes with the lessor (R053): no differing view."
sabah,MY,PH,,,parties,Malaysia (administers Sabah as one of its states); Philippines (retains a dormant claim to the eastern part),
sabanerwa,unclear,BI RW,,,parties; on_the_ground,each side claims Sabanerwa,Holder not stated; latest state given is 2006.
sadr-free-zone,unclear,MA,,Sahrawi Arab Democratic Republic / Polisario Front,parties,Sahrawi Arab Democratic Republic / Polisario Front (controls); Morocco (claims,"Held by the SADR/Polisario, which is not a party with a view under D069; the facts here present the SADR as controller, not as claimant, so EH is not written."
saimaa-canal,RU,,,,holder; parties,Russian law applies and Russian authorities act in the leased area,"Finland is leaseholder, not a claimant."
sakteng,BT,CN,,,parties,Bhutan (administers; rejects the claim); China (stated in June 2020 that the area is disputed),
sapodilla-cayes,BZ,HN GT,,,parties,Belize (administers; applicant in the pending ICJ case on sovereignty over the cayes); Honduras (claims; respondent); Guatemala (claims,
sarengrad-vukovar-islands,RS,HR,,,parties,Serbia (has held both islands since the 1990s war); Croatia (claims,
saudi-kuwait-neutral-zone,split:KW SA,,,,on_the_ground; origin,The zone is partitioned between the two states,"Split read from 'partitioned', not from a holder role. Whether the 2019 agreement is in force, and whether any claim to Qaruh and Umm al Maradim remains, is not stated."
saudi-uae-border,SA,AE,,,on_the_ground; parties,the UAE says the dispute is not settled because the treaty text differs from the oral agreement,Saudi holding is stated for the Shaybah oilfield only. Both signed the 1974 Treaty of Jeddah; whether it is in force and renounces the UAE claim is not stated.
scarborough-shoal,CN,PH TW,,,parties,People's Republic of China (de facto control since 2012); Philippines (claims); Republic of China/Taiwan (claims),
scattered-islands-mozambique-channel,FR,MG,,,parties,France (administers); Madagascar (claims),
senkaku,JP,CN TW,,,parties,Japan (administers); China (claims); Taiwan (claims),
serranilla,CO,JM US,HN,,parties,Colombia (holds the bank); Jamaica and United States (the other parties to the sovereignty dispute); Honduras (previous claim resolved,Honduras' claim was resolved by a maritime boundary treaty whose entry into force is not stated. The 2012 ICJ ruling went against Nicaragua; its acceptance is not stated.
shaksgam,CN,IN,,,parties,China (administers); India (claims; has never accepted the 1963 Sino-Pakistan Agreement),Pakistan is the other party to the 1963 agreement; whether it ever claimed the area and renounced it is stated only as India's view.
shebaa-farms,IL,LB,,,parties; holder,Israel (occupies); Lebanon (claims); Syria (agrees with the Lebanese position),Syria supports the Lebanese claim and is not itself a claimant.
siachen,IN,PK,,,holder; parties,India: the whole Siachen Glacier and its tributary glaciers and the passes and heights of the Saltoro Ridge,"Pakistan holds the valleys west of the ridge, which appear to lie outside the area."
sindabezi,unclear,ZM ZW,,,parties; on_the_ground,eventually confirmed that the border runs along the deep-water channel (the Zambian position),"Holder not stated. The roles are in the past tense; how the Zambian position was confirmed, and whether Zimbabwe renounced by an act in force, is not stated."
sir-creek,unclear,IN PK,,,parties; on_the_ground,India; Pakistan (both claim the creek),India patrols up to midstream; holder of the whole not stated.
situngu,BW,,NA,,parties; origin,"Settled by the Botswana-Namibia border treaty signed on 5 February 2018, under which the island was ceded to Botswana.",The treaty is stated as signed; whether it is in force is not stated.
somaliland,area/somaliland,SO,,SSC-Khatumo administration,holder; parties,"Somaliland, except a significant eastern part lost to the SSC-Khatumo administration",Somaliland holds all but an eastern part held by SSC-Khatumo (a non-party actor; see sool-sanaag-cayn).
sool-sanaag-cayn,SO,area/somaliland,,North Eastern State of Somalia (formerly SSC-Khatumo); Puntland,parties; on_the_ground,Run as a federal member state of Somalia (the North Eastern State) with its capital in Las Anod.,"Held by the North Eastern State (formerly SSC-Khatumo), run as a federal member state of Somalia; whether this counts as Somalia (SO) holding is not stated. Reviewed 2026-10-04: on_the_ground: 'Run as a federal member state of Somalia (the North Eastern State)', so the party with a view that holds it is Somalia."
south-georgia-south-sandwich,GB,AR,,,parties,United Kingdom (holds sovereignty); Argentina (disputes British sovereignty; claims),
south-korea-claimed-by-dprk,KR,,KP,,parties; on_the_ground,North Korea (recognised the Republic of Korea and dropped its claim to the south of the peninsula in 2026),The form of North Korea's 2026 act is not stated; check that it is an act in force (D068).
south-ossetia,area/south-ossetia,GE,,,holder; parties,Georgia (claims the right to exercise sovereignty),The holder field names South Ossetian and Russian forces together.
southern-patagonian-ice-field,unclear,AR CL,,,parties; origin,The 1998 agreement signed by both countries left the border in this sector pending definition.,Parties listed without roles: holder unknown; read as mutual claimants.
spratly-islands,split:CN TW VN PH MY,BN,,,parties,"China (PRC), Taiwan (ROC), Vietnam, the Philippines and Malaysia (each occupies features with military forces)",Each occupant holds some features; whether each claims beyond what it holds is not stated. Brunei claims an EEZ including Louisa Reef.
strovilia,area/northern-cyprus,CY,,,on_the_ground; parties,Northern Cyprus controls and administers the border checkpoint near Strovilia.,Holding stated for the checkpoint; Cyprus's role is 'the village is Cypriot'. The UK's Dhekelia SBA lies on the other side and is not a claimant.
sudan-south-sudan-other-border-areas,unclear,SD SS,,,parties,Sudan; South Sudan (both claim),Holder not stated.
suleyman-shah-tomb,TR,SY,,,holder; parties,Syria (holds that the first relocation ended any Turkish rights,Who controls the surrounding area now is not established.
susta,NP,IN,,,parties,Nepal (administers); India (claims),
sutorina,ME,,BA,,origin; on_the_ground,settled in 2015 by an agreement giving sovereignty to Montenegro,Holding read from 'Montenegro kept the territory'. Bosnia and Herzegovina's claim is stated only as views of some officials; whether the 2015 agreement is in force is not stated.
svalbard,NO,,,,parties; on_the_ground,Norway (sovereign under the 1920 Svalbard Treaty),"Other signatories have resource rights, not claims."
sveta-gera,SI,HR,,,on_the_ground; parties,used as an outpost by the Slovenian Army,Holding is stated for the barracks; the parties are listed without claim roles.
swains-island,US,TK,,,parties; origin,United States (administers as part of American Samoa since 1925); Tokelau (claims),Tokelau's claim rests on a 2006 draft constitution; New Zealand confirmed US sovereignty in the 1981 Treaty of Tokehega. Whether TK (an ISO 3166-1 territory) is a party with a view is for the owner.
ta-muen-thom-emerald-triangle,unclear,TH KH,,,parties; on_the_ground,Prasat Ta Muen Thom and Chong Ahn Ma have remained under Thai control since July 2025.,Thai holding is stated for two sites only; holder of the other areas not stated.
taiwan,TW,CN,,,on_the_ground; parties,People's Republic of China (claims Taiwan),
thai-lao-land-border-villages,unclear,LA TH,,,parties,"Laos (holds that Ban Romklao is in Botene District, Sainyabuli Province); Thailand (holds that it is in Chat Trakan District","Holder not stated; 'holds that' is a position, not holding."
three-pagodas-pass,unclear,TH MM,,,parties,Thailand; Myanmar,Parties listed without roles: holder unknown; read as mutual claimants.
tigri,GY,SR,,,parties; on_the_ground,Guyana (administers); Suriname (claims,
tin-bigha,IN,,,,holder; parties,sovereignty and residual jurisdiction stay with India (lessor),"The holder field calls the holding 'shared'; who admits or refuses third-country nationals is not stated. Bangladesh is lessee, not a claimant."
tiran-sanafir,unclear,,EG,Multinational Force and Observers (MFO),origin; parties,"President el-Sisi of Egypt, overriding a court ruling, ratified the agreement ceding sovereignty over Tiran and Sanafir to Saudi Arabia.",Current holder not stated (Egypt administered the islands; MFO withdrawal announced).
tiwinza,unclear,,,,parties,Peru (sovereign); Ecuador (leases 1 km2 within the area as private property),Holder not stated (no holder field); Peru listed as claimant only as sovereign. Reviewed 2026-10-04: Peru is the sovereign (parties: 'Peru (sovereign)'); Ecuador holds 1 km² as private property; no party claims the area against the sovereign.
tort-kocho-road,unclear,,,,parties; on_the_ground,the road belongs to neither side; both use it,Neutral road used by both; neither holder nor claim stated.
transnistria,area/transnistria,MD,,,holder; parties,Moldova (all UN member states consider Transnistria part of it),"Moldova's role is stated through other states' view, not as 'claims'."
transnistria-security-zone,unclear,,,Joint Control Commission,parties; on_the_ground,"Joint Control Commission (Moldova, Transnistria, Russia)",Only the Joint Control Commission is named; holder and claims not stated.
tromelin,FR,MU,,,parties,France (administers as part of the French Southern and Antarctic Lands); Mauritius (claims),
tunbs,IR,AE,,,parties,Iran (administers as part of Hormozgan province); United Arab Emirates (claims,
undof-zone,IL,SY,,UNDOF (United Nations),on_the_ground; parties,Israel invaded the demilitarised buffer zone and has continued to occupy it,Syria is listed without a role; read as claimant of its territory.
varosha,area/northern-cyprus,CY,,,holder; parties,Northern Cyprus (controls); Cyprus (de jure territory),
wadi-halfa-salient,EG,SD,,,on_the_ground; parties,Sudan (claims under the amended border of 1902),
wake-island,US,MH,,,parties,"United States (administers as an unorganized, unincorporated territory); Marshall Islands (claims)",
west-bank,split:IL PS,,,,parties,"Israel (controls Area C, 60% of the territory, and shares Area B); Palestine (the Palestinian National Authority holds Area A and shares Area B)",Area B is shared; no claim roles are stated for either party.
western-sahara-moroccan-controlled,MA,,,Polisario Front,holder; parties,Polisario Front (controls the territory to the east); the territory is disputed,"The territory is called disputed, but no claimant with a view is named (the SADR is not named here, so EH is not written)."
yalu-tumen-islands,unclear,CN KP,,,parties; on_the_ground,The 1964 protocol allocated the river islets: 264 to North Korea and 187 to China.,Parties listed without roles; islets allocated by the 1964 protocol but holding not stated.
yenga,GN,SL,,,parties; origin,Guinea (its soldiers remained in Yenga after the war),Holding read from Guinean soldiers remaining (2021 report of continued encroachment). A 2005 agreement acknowledged Yenga as Sierra Leone's; Guinea's own claim is not stated.
zaporizhzhia-occupied,RU,UA,,,holder; parties,"Russia in the occupied part (Melitopol, Berdiansk, Enerhodar)",The area is the Russian-held part; Ukraine holds the city of Zaporizhzhia outside it.
