id,field,value,source_url,quote,evidence
az-nakhchivan,applies_to,Iranian citizens holding ordinary passports,https://www.azernews.az/travel/158935.html,"“The visa requirement for Iranian citizens holding ordinary passports will be canceled from December 1, 2019, for a stay of up to 15 days,”",secondary
az-nakhchivan,detached,exclave,https://en.wikipedia.org/w/index.php?title=Nakhchivan_Autonomous_Republic&oldid=1373973275,is a landlocked exclave of the Republic of Azerbaijan,secondary
az-nakhchivan,in_force,"yes, as stated on 2020-02-18 (latest source found; no 2025-2026 statement)",https://www.azernews.az/travel/161925.html,"since December 2019, the visa regime was abolished to facilitate the travel of Iranian citizens to the Nakhchivan Autonomous Republic",secondary
az-nakhchivan,own_rule,own,https://www.azernews.az/travel/158935.html,Azerbaijan’s Nakhchivan region has lifted visa requirements for Iranian nationals wishing to visit the autonomous republic.,secondary
az-nakhchivan,start_date,2019-12-01,https://www.azernews.az/travel/158935.html,"entry visa for Nakhchivan will be cancelled as of December 1, 2019.",secondary
az-nakhchivan,unit_level,top_level,https://en.wikipedia.org/w/index.php?title=Nakhchivan_Autonomous_Republic&oldid=1373973275,became the Nakhchivan Autonomous Republic within the newly independent Republic of Azerbaijan,secondary
az-nakhchivan,what_it_requires,"Visa exemption for Nakhchivan only, stay of up to 15 days; a visa is still required for the rest of Azerbaijan",https://www.azernews.az/travel/158935.html,Iranian citizens are required a visa to stay in other Azerbaijani regions.,secondary
bd-chittagong-hill-tracts,applies_to,"Foreign visitors/tourists (individual application to the district administration, by category)",https://foreigner.rangamati.gov.bd/home,Foreign visitors/tourists must apply for permission to visit Rangamati Hill District according to categories.,primary
bd-chittagong-hill-tracts,detached,no,https://en.wikipedia.org/w/index.php?title=Chittagong_Hill_Tracts&oldid=1375623829,"includes the three hilly districts within the Chittagong Division in southeastern Bangladesh , bordering India and Myanmar (Burma) in the east",secondary
bd-chittagong-hill-tracts,in_force,yes,https://foreigner.rangamati.gov.bd/home,An online application system is now introduced to make the procedure convenient for the foreign visitors.,primary
bd-chittagong-hill-tracts,own_rule,own,https://www.thedailystar.net/frontpage/news/restrictions-cht-go-73423,the foreign tourists will be able to visit the CHT districts just like before by seeking permission from the district administration,secondary
bd-chittagong-hill-tracts,unit_level,not_a_unit,https://en.wikipedia.org/w/index.php?title=Chittagong_Hill_Tracts&oldid=1375623829,includes the three hilly districts within the Chittagong Division in southeastern Bangladesh,secondary
bd-chittagong-hill-tracts,what_it_requires,Prior permission from the Ministry of Home Affairs / Ministry of Foreign Affairs / Deputy Commissioner of the hill district,https://foreigner.rangamati.gov.bd/home,The foreign visitors have to apply for permission to Ministry of Home Affairs / Ministry of Foreign Affairs / Deputy Commissioner to visit Rangamati Hill Districts.,primary
cl-rapa-nui,applies_to,"Every person, Chilean or foreign, who enters Easter Island (with listed exceptions)",https://nuevo.leychile.cl/servicios/Consulta/Exportar?radioExportar=Normas&exportar_formato=pdf&nombrearchivo=Ley-21070_23-MAR-2018&exportar_con_notas_bcn=False&exportar_con_notas_originales=False&exportar_con_notas_al_pie=False&hddResultadoExportar=1116414.2018-08-01.0.0%23,"Toda persona, chilena o extranjera, que ingrese a Isla de Pascua, podrá permanecer en el territorio especial por un período máximo de treinta días, salvo las excepciones contempladas en el artículo siguiente.",primary
cl-rapa-nui,detached,island,https://en.wikipedia.org/w/index.php?title=Easter_Island&oldid=1378221817,is an island and special territory of Chile in the southeastern Pacific Ocean,secondary
cl-rapa-nui,in_force,yes,https://nuevo.leychile.cl/servicios/Consulta/Exportar?radioExportar=Normas&exportar_formato=pdf&nombrearchivo=Ley-21070_23-MAR-2018&exportar_con_notas_bcn=False&exportar_con_notas_originales=False&exportar_con_notas_al_pie=False&hddResultadoExportar=1116414.2018-08-01.0.0%23,Versión: Única De : 01-AGO-2018,primary
cl-rapa-nui,own_rule,own,https://nuevo.leychile.cl/servicios/Consulta/Exportar?radioExportar=Normas&exportar_formato=pdf&nombrearchivo=Ley-21070_23-MAR-2018&exportar_con_notas_bcn=False&exportar_con_notas_originales=False&exportar_con_notas_al_pie=False&hddResultadoExportar=1116414.2018-08-01.0.0%23,"Esta ley tiene por objeto regular el ejercicio de los derechos a residir, permanecer y trasladarse hacia y desde el territorio especial de Isla de Pascua",primary
cl-rapa-nui,start_date,2018-08-01,https://msgg.gob.cl/wp/2018/08/01/nueva-ley-para-rapa-nui-los-requisitos-para-visitar-o-residir-en-la-isla/,este miércoles 1 de agosto de 2018 comenzó a regir la nueva Ley de Residencia y Permanencia en Rapa Nui,primary
cl-rapa-nui,unit_level,lower,https://en.wikipedia.org/w/index.php?title=Easter_Island&oldid=1378221817,"Administratively, the island is a province ( Isla de Pascua Province ) of the Valparaíso Region and contains a single commune ( comuna ) ( Isla de Pascua ).",secondary
cl-rapa-nui,what_it_requires,Stay limit: at most thirty days in the special territory,https://nuevo.leychile.cl/servicios/Consulta/Exportar?radioExportar=Normas&exportar_formato=pdf&nombrearchivo=Ley-21070_23-MAR-2018&exportar_con_notas_bcn=False&exportar_con_notas_originales=False&exportar_con_notas_al_pie=False&hddResultadoExportar=1116414.2018-08-01.0.0%23,podrá permanecer en el territorio especial por un período máximo de treinta días,primary
cn-hainan,applies_to,"Ordinary-passport holders of 61 listed countries, for tourism, business, visits, family, medical, exhibition or sports purposes (not work or study); the text sets no group or travel-agency condition, so independent visitors are covered (a separate rule covers foreign tour groups from Hong Kong/Macao)",https://www.nia.gov.cn/n741440/n741577/c1699641/content.html,等61个国家人员持普通护照，因旅游、商贸、访问、探亲、就医、会展、体育竞技等短期来华事由（工作、学习事由除外）可免办签证入境海南,primary
cn-hainan,detached,island,https://en.wikipedia.org/w/index.php?title=Hainan&oldid=1376208159,consisting of the eponymous Hainan Island and various smaller islands in the South China Sea,secondary
cn-hainan,in_force,yes,https://www.nia.gov.cn/n741440/n741577/c1699641/content.html,外国人区域性入境免签政策主要包括：,primary
cn-hainan,own_rule,own,https://www.nia.gov.cn/n741440/n741577/c1699641/content.html,一、61国人员入境海南30天免签政策。,primary
cn-hainan,start_date,2018-05-01,https://en.wikipedia.org/w/index.php?title=Visa_policy_of_mainland_China&oldid=1377000183,"announced an extension of the visa waiver policy to nationals of 59 countries, effective 1 May 2018",secondary
cn-hainan,unit_level,top_level,https://en.wikipedia.org/w/index.php?title=Hainan&oldid=1376208159,is an island and the southernmost province of China,secondary
cn-hainan,what_it_requires,Visa exemption for a stay of up to 30 days; movement limited to Hainan Province; entry and exit through any open port of Hainan,https://www.nia.gov.cn/n741440/n741577/c1699641/content.html,活动范围为海南省行政区域，入出境口岸为海南省所有对外开放口岸，停留时间不超过30天,primary
cn-tibet,applies_to,All non-Chinese passport holders; the permit is obtainable only through a guided tour run by a Tibet-based travel agent,https://en.wikipedia.org/w/index.php?title=Visa_policy_of_mainland_China&oldid=1377000183,"The only way to obtain a TTP is to arrange a Guided tour operated by a Tibet-based travel agent which at least includes tour guide , hotels and private transportation.",secondary
cn-tibet,in_force,yes,https://en.wikipedia.org/w/index.php?title=Tibet_Autonomous_Region&oldid=1376967276,foreigners must apply for a Tibet Travel Permit to enter the region,secondary
cn-tibet,own_rule,own,https://en.wikipedia.org/w/index.php?title=Visa_policy_of_mainland_China&oldid=1377000183,"Foreigners visiting Tibet must obtain a Tibet Travel Permit (TTP) prior to departure, issued by the Tibet Tourism Bureau.",secondary
cn-tibet,start_date,since the 1980s,https://www.traveltibetchina.com/tibet-travel-guide/what-is-tibet-permit.html,Tibet permit has been existed since the 1980s when Tibet firstly opened its door to foreign tourists.,secondary
cn-tibet,unit_level,top_level,https://en.wikipedia.org/w/index.php?title=Tibet_Autonomous_Region&oldid=1376967276,The Tibet Autonomous Region is a province-level entity of the People's Republic of China.,secondary
cn-tibet,what_it_requires,"Tibet Travel Permit obtained before departure, checked on boarding trains or flights to the TAR (no immigration check)",https://en.wikipedia.org/w/index.php?title=Visa_policy_of_mainland_China&oldid=1377000183,the TTP will be checked for all non-Chinese passport holders when going on board any trains or airlines that are bounded for the TAR,secondary
co-san-andres,applies_to,Those who wish to visit the Department as tourists,https://ligacontraelsilencio.com/wp-content/uploads/2021/03/Decreto-2762-de-1991-OCCRE.pdf,"Los que deseen visitar el Departamento Archipiélago de San Andrés, Providencia y Santa Catalina, en calidad de turistas, deberán:",secondary
co-san-andres,detached,island,https://en.wikipedia.org/w/index.php?title=San_Andr%C3%A9s_and_Providencia&oldid=1376764055,It consists of two island groups in the Caribbean Sea about 775 km (418 nmi; 482 mi) northwest of mainland Colombia,secondary
co-san-andres,in_force,yes,https://www.infobae.com/colombia/2024/08/22/estos-ciudadanos-pueden-ingresar-a-san-andres-sin-tarjeta-de-turismo-pero-necesitan-portar-otro-documento/,"se deberá pagar una tarifa de 137.000 pesos por persona para ingresar a la isla como turista, informó la Gobernación del Archipiélago",secondary
co-san-andres,own_rule,own,https://ligacontraelsilencio.com/wp-content/uploads/2021/03/Decreto-2762-de-1991-OCCRE.pdf,por medio del cual se adoptan medidas para controlar la densidad poblacional en el departamento archipiélago,secondary
co-san-andres,start_date,1991-12-13,https://ligacontraelsilencio.com/wp-content/uploads/2021/03/Decreto-2762-de-1991-OCCRE.pdf,"DECRETO 2762 DE 1991 (diciembre 13) Diario Oficial No 40.221, de 13 de diciembre de 1991",secondary
co-san-andres,unit_level,top_level,https://en.wikipedia.org/w/index.php?title=San_Andr%C3%A9s_and_Providencia&oldid=1376764055,is one of the departments of Colombia,secondary
co-san-andres,what_it_requires,"Tourist card, obtained before travel and shown on arrival",https://ligacontraelsilencio.com/wp-content/uploads/2021/03/Decreto-2762-de-1991-OCCRE.pdf,"a) Obtener la tarjeta de turista, mediante procedimientos expeditos, a través de las oficinas de turismo, agencias de viajes, despachos de las líneas aéreas u oficinas de transporte marítimo de pasajeros; b) Presentar a los funcionarios competentes, al momento del arribo al territorio insular, la tarjeta que los identifica como turistas.",secondary
co-san-andres,what_it_requires,Stay limit for tourists: four months a year,https://ligacontraelsilencio.com/wp-content/uploads/2021/03/Decreto-2762-de-1991-OCCRE.pdf,"Las personas que viajen en calidad de turistas al Departamento Archipiélago de San Andrés, Providencia y Santa Catalina, sólo podrán permanecer en el territorio por un lapso de cuatro meses continuos o discontinuos, al año.",secondary
ec-galapagos,applies_to,"Every person visiting the province as tourist or 'transeúnte', Ecuadorian nationals and foreigners alike",https://www.gobiernogalapagos.gob.ec/preguntas-y-respuestas-frecuentes-control-migratorio-tct/,"La Tarjeta de Control de Tránsito (TCT) es un requisito obligatorio que deben cumplir todas las personas que desean visitar la provincia de Galápagos, sea como turistas o como transeúntes.",primary
ec-galapagos,detached,island,https://en.wikipedia.org/w/index.php?title=Gal%C3%A1pagos_Province&oldid=1378105130,"The province administers the Galápagos Islands , a group of volcanic islands that sit on the equator",secondary
ec-galapagos,in_force,yes,https://www.gob.ec/cgreg/tramites/emision-tarjeta-control-transito-turistas-transeuntes,"Toda persona que ingrese a la provincia de Galápagos en calidad de turista o transeúnte, deberá contar con la tarjeta de control de tránsito emitida por el Consejo de Gobierno del Régimen Especial de la provincia de Galápagos.",primary
ec-galapagos,own_rule,own,https://www.gobiernogalapagos.gob.ec/preguntas-y-respuestas-frecuentes-control-migratorio-tct/,"Cualquier persona que desee ser admitida en la provincia de Galápagos como turista o transeúnte deberá contar con el documento de control de tránsito, emitida por el Consejo de Gobierno de Régimen Especial de la provincia de Galápagos.",primary
ec-galapagos,start_date,1998 (Ley Especial de Galápagos promulgated; migration to the islands regulated since then; the TCT card itself is not dated in any source read),https://es.wikipedia.org/w/index.php?title=Provincia_de_Gal%C3%A1pagos&oldid=173263666,"La migración hacia las islas ha estado regulada desde el año 1998, cuando se promulgó la Ley Especial de Galápagos, que establece estrictos controles migratorios para proteger el ecosistema.",secondary
ec-galapagos,unit_level,top_level,https://en.wikipedia.org/w/index.php?title=Gal%C3%A1pagos_Province&oldid=1378105130,"is a province of Ecuador in the country's Insular region, located approximately 1,000 km (620 mi) off the western coast of the mainland",secondary
ec-galapagos,what_it_requires,Transit Control Card (TCT) shown on entry and exit; tourist stay capped at 60 non-extendable days per year,https://www.gobiernogalapagos.gob.ec/preguntas-y-respuestas-frecuentes-control-migratorio-tct/,"El turista nacional o extranjero puede permanecer en la provincia de Galápagos e ingresar por varias veces, hasta cumplir 60 días improrrogables en el año",primary
es-ceuta,applies_to,Local border traffic between Ceuta and Melilla and the Moroccan provinces of Tetuan and Nador; other Moroccan nationals need a visa limited to the two towns,https://web.archive.org/web/20241118095350/https://eur-lex.europa.eu/legal-content/EN/TXT/HTML/?uri=CELEX:42000A0922(04),(b) The specific arrangements for visa exemptions for local border traffic between Ceuta and Melilla and the Moroccan provinces of Tetuan and Nador shall continue to apply.,primary
es-ceuta,detached,exclave,https://en.wikipedia.org/w/index.php?title=Special_territories_of_members_of_the_European_Economic_Area&oldid=1375303120,Spain performs identity checks on all sea and air passengers leaving the exclaves for elsewhere in the Schengen Area,secondary
es-ceuta,in_force,yes,https://en.wikipedia.org/w/index.php?title=Special_territories_of_members_of_the_European_Economic_Area&oldid=1375303120,"While nominally part of the Schengen Area (Schengen visas are valid), Spain performs identity checks on all sea and air passengers leaving the exclaves for elsewhere in the Schengen Area",secondary
es-ceuta,own_rule,list,https://web.archive.org/web/20241118095350/https://eur-lex.europa.eu/legal-content/EN/TXT/HTML/?uri=CELEX:42000A0922(04),1. Declaration on the towns of Ceuta and Melilla,primary
es-ceuta,unit_level,top_level,https://en.wikipedia.org/w/index.php?title=Ceuta&oldid=1376504463,Spanish autonomous city in northwestern Africa,secondary
es-ceuta,what_it_requires,Visa exemption for local border traffic; visas of other Moroccans valid for the two towns only; Spain keeps identity and document checks on sea and air connections leaving the towns,https://web.archive.org/web/20241118095350/https://eur-lex.europa.eu/legal-content/EN/TXT/HTML/?uri=CELEX:42000A0922(04),Spain shall maintain checks (on identity and documents) on sea and air connections departing from Ceuta and Melilla and having as their sole destination any other place on Spanish territory.,primary
es-melilla,applies_to,Moroccan nationals: residents of Tetuán and Nador provinces are visa-exempt for local border traffic; other Moroccans entering only Ceuta/Melilla need a visa limited to the two cities,https://www.boe.es/buscar/doc.php?id=BOE-A-1994-7586,"A los nacionales marroquíes no residentes en las provincias de Tetuán y Nador y que deseen entrar exclusivamente en las ciudades de Ceuta y Melilla, se les seguirá aplicando un régimen de exigencia de visado.",primary
es-melilla,detached,exclave,https://en.wikipedia.org/w/index.php?title=Melilla&oldid=1378223347,is an autonomous city of Spain on the North African coast,secondary
es-melilla,in_force,yes,https://en.wikipedia.org/w/index.php?title=Melilla&oldid=1378223347,"Movements to and from the rest of the EU and Melilla are subject to specific rules, provided for in the Accession Agreement of Spain to the Schengen Convention .",secondary
es-melilla,own_rule,list,https://www.boe.es/buscar/doc.php?id=BOE-A-1994-7586,Continuará igualmente aplicándose el régimen específico de exención de visado en materia de pequeño tráfico fronterizo entre Ceuta y Melilla y las provincias marroquíes de Tetuán y Nador.,primary
es-melilla,start_date,1994-03-01 (accession agreement signed 1991-06-25),https://www.boe.es/buscar/doc.php?id=BOE-A-1994-7586,"El presente Acuerdo ha entrado en vigor, de forma general y para España el 1 de marzo de 1994, de conformidad con el artículo 5.2 del mismo.",primary
es-melilla,unit_level,top_level,https://en.wikipedia.org/w/index.php?title=Autonomous_communities_of_Spain&oldid=1374508202,There are 17 autonomous communities and two autonomous cities ( Ceuta and Melilla ),secondary
es-melilla,what_it_requires,"Visa exemption limited to the city (local border traffic), with identity and document checks kept on sea and air departures from Ceuta and Melilla to the rest of Spain",https://www.boe.es/buscar/doc.php?id=BOE-A-1994-7586,España mantendrá controles (controles de identidad y de documentos) en las conexiones marítimas y aéreas provenientes de Ceuta y Melilla que tengan como único destino otro punto del territorio español.,primary
fr-clipperton,applies_to,"Persons wishing to obtain an authorisation to anchor, land, stay or carry out any other activity on the island",https://web.archive.org/web/20241109161100/https://www.legifrance.gouv.fr/jorf/id/JORFTEXT000048567048,"personnes souhaitant obtenir une autorisation pour le mouillage dans les eaux intérieures, le débarquement, l'atterrissage, le séjour ou toute autre activité sur l'île de La Passion-Clipperton.",primary
fr-clipperton,detached,island,https://web.archive.org/web/20241109161100/https://www.legifrance.gouv.fr/jorf/id/JORFTEXT000048567048,relatif à l'administration de l'île de La Passion-Clipperton,primary
fr-clipperton,in_force,yes,https://web.archive.org/web/20260818165311/https://www.outre-mer.gouv.fr/territoires/ile-de-la-passion-clipperton,L’article 8 du décret n° 2023-1182 du 13 décembre 2023 relatif à l'administration de l'île de La Passion-Clipperton dispose que les demandes d'autorisation mentionnées à l'article 13 de la loi du 6 août 1955 portant statut des Terres australes et antarctiques françaises et de l'île de La Passion-Clipperton sont soumises à une autorisation délivrée par le ministre chargé des outre-mer.,primary
fr-clipperton,own_rule,own,https://web.archive.org/web/20241109161100/https://www.legifrance.gouv.fr/jorf/id/JORFTEXT000048567048,"il définit les modalités de présentation et de délivrance des autorisations du droit de mouillage, de débarquement, d'atterrissage et de séjour sur l'île de La Passion-Clipperton.",primary
fr-clipperton,start_date,2023-12-16 (the day after publication),https://web.archive.org/web/20241109161100/https://www.legifrance.gouv.fr/jorf/id/JORFTEXT000048567048,le texte entre en vigueur le lendemain de sa publication,primary
fr-clipperton,start_date,2023-12-16 (published in the JORF of 15 December 2023),https://web.archive.org/web/20241109161100/https://www.legifrance.gouv.fr/jorf/id/JORFTEXT000048567048,JORF n°0290 du 15 décembre 2023,primary
fr-clipperton,unit_level,not_a_unit,https://en.wikipedia.org/w/index.php?title=Clipperton_Island&oldid=1377084908,The island is an overseas state private property of France under direct authority of the Minister of the Overseas,secondary
fr-clipperton,what_it_requires,Authorisation issued by the minister in charge of overseas territories,https://web.archive.org/web/20260818165311/https://www.outre-mer.gouv.fr/territoires/ile-de-la-passion-clipperton,sont soumises à une autorisation délivrée par le ministre chargé des outre-mer,primary
gr-mount-athos,applies_to,"Male lay visitors (pilgrims), within a daily quota of 100 Eastern Orthodox and 10 non-Orthodox; women are not admitted",https://en.wikipedia.org/w/index.php?title=Monastic_community_of_Mount_Athos&oldid=1377297794,Daily visitors to Mount Athos are restricted to 100 lay Eastern Orthodox Christian and 10 non-Eastern Orthodox male pilgrims,secondary
gr-mount-athos,detached,no,https://en.wikipedia.org/w/index.php?title=Mount_Athos&oldid=1376296944,The remainder of the peninsula forms part of the Aristotelis municipality.,secondary
gr-mount-athos,in_force,yes,https://en.wikipedia.org/w/index.php?title=Mount_Athos&oldid=1376296944,Entry is limited to male visitors and regulated by the monastic authorities in cooperation with the Greek state.,secondary
gr-mount-athos,own_rule,own,https://en.wikipedia.org/w/index.php?title=Mount_Athos&oldid=1376296944,Access to Mount Athos is restricted and requires a special permit known as a diamonitirion .,secondary
gr-mount-athos,start_date,"1927 (Charter of Mount Athos art. 176 requires every entrant to obtain the Holy Epistasia's permission; Charter ratified by Legislative Decree of 10/16 Sept 1926, in force from 1927)",https://el.wikipedia.org/w/index.php?title=%CE%86%CE%B3%CE%B9%CE%BF_%CE%8C%CF%81%CE%BF%CF%82&oldid=11764621,"τον Καταστατικό Χάρτη του Αγίου Όρους, ο οποίος άρχισε να ισχύει το 1927 μετά τη θέση σε ισχύ του νέου Συντάγματος",secondary
gr-mount-athos,start_date,1927 (legal basis of the diamonitirion: Charter of Mount Athos art. 176),https://el.wikipedia.org/w/index.php?title=%CE%86%CE%B3%CE%B9%CE%BF_%CE%8C%CF%81%CE%BF%CF%82&oldid=11764621,"Σύμφωνα με το άρθρο 176 του Κ.Χ.Α.Ο. « πας εισερχόμενος εν Αγίω Όρει, πλην των περιοίκων προσκυνητών, οφείλει να εμφανισθή τη Ιερά Επιστασία, όπως λάβη την άδειαν της επισκέψεως των μονών και εξαρτημάτων καθ' όλου »",secondary
gr-mount-athos,unit_level,top_level,https://en.wikipedia.org/w/index.php?title=Mount_Athos&oldid=1376296944,The mountain and most of the Athos peninsula are governed as an autonomous region in Greece by the monastic community of Mount Athos,secondary
gr-mount-athos,what_it_requires,Entrance permit (diamonitirion) from the Mount Athos Pilgrims' Bureau; general permit valid for 3 nights,https://en.wikipedia.org/w/index.php?title=Monastic_community_of_Mount_Athos&oldid=1377297794,This permit gives the right to stay in Mount Athos for 3 nights (4 days including the day of departure).,secondary
in-lakshadweep,applies_to,Any person who is not a native of the islands; Indian tourists permitted by the Administrator; foreign nationals permitted by the Ministry of Home Affairs,https://cdn.s3waas.gov.in/s358238e9ae2dd305d79c2ebc8c1883422/uploads/2018/05/2018050467.pdf,"(ii) Indian Tourists permitted by the Administrator, and (iii) Foreign nationals permitted by the Ministry of Home Affairs of the Government of India",primary
in-lakshadweep,detached,island,https://en.wikipedia.org/w/index.php?title=Lakshadweep&oldid=1375230606,It is an archipelago of 36 islands,secondary
in-lakshadweep,in_force,yes,https://lakshadweep.gov.in/entry-permit/,Authorized Authorities and Contact details for issue of permits to various category of applicants,primary
in-lakshadweep,own_rule,own,https://cdn.s3waas.gov.in/s358238e9ae2dd305d79c2ebc8c1883422/uploads/2018/05/2018050467.pdf,They extend to the whole of the Union Territory,primary
in-lakshadweep,start_date,1967-10-01,https://cdn.s3waas.gov.in/s358238e9ae2dd305d79c2ebc8c1883422/uploads/2018/05/2018050467.pdf,"They shall come into force on the 1st day of October, 1967.",primary
in-lakshadweep,unit_level,top_level,https://en.wikipedia.org/w/index.php?title=Lakshadweep&oldid=1375230606,is a union territory of India,secondary
in-lakshadweep,what_it_requires,Permit issued by the competent authority to enter or reside,https://cdn.s3waas.gov.in/s358238e9ae2dd305d79c2ebc8c1883422/uploads/2018/05/2018050467.pdf,except under and in accordance with a permit issued by the competent authority.,primary
in-manipur,applies_to,"Every foreigner except citizens of Bhutan (notified tourist areas may be visited in groups, as a couple, or by individuals with a permit)",https://www.mha.gov.in/PDF_Other/AnnexVII_01022018.pdf,"Every foreigner, except a citizen of Bhutan, who desires to enter and stay in a Protected or Restricted Area, is required to obtain a special permit from a competent authority",primary
in-manipur,detached,no,https://en.wikipedia.org/w/index.php?title=Manipur&oldid=1376438092,"It borders the Indian states of Assam to the west, Mizoram to the south, and Nagaland to the north",secondary
in-manipur,in_force,yes,https://thediplomat.com/2025/01/india-reimposes-restrictions-on-foreign-nationals-visiting-three-northeastern-states/,"The Union Ministry of Home Affairs has decided to reimpose the Protected Area Regime (PAR) in the states of Manipur, Nagaland and Mizoram to restrict and monitor the movement of foreigners.",secondary
in-manipur,own_rule,list,https://boi.gov.in/boi/contents/travelling-to-india/entry-to-restricted-protected-prohibited-areas,Whole of Arunachal Pradesh Parts of Himachal Pradesh Parts of Jammu & Kashmir Parts of Union Territory of Ladakh Whole of Manipur Whole of Mizoram Whole of Nagaland,primary
in-manipur,start_date,1958 (Foreigners (Protected Areas) Order); whole State excluded from the regime from 2011-01-01; re-imposed by a decision reported in January 2025,https://www.mha.gov.in/PDF_Other/AnnexVII_01022018.pdf,"Under the Foreigners (Protected Areas) Order, 1958, all areas falling between the",primary
in-manipur,unit_level,top_level,https://en.wikipedia.org/w/index.php?title=Manipur&oldid=1376438092,"is a state in northeastern India , with Imphal as its capital city",secondary
in-manipur,what_it_requires,"Protected Area Permit, applied for in advance through an Indian mission or the FRRO",https://boi.gov.in/boi/contents/travelling-to-india/entry-to-restricted-protected-prohibited-areas,"If the foreigner is residing outside India, he/she has to apply for the RAP/PAP permit through the concerned Indian mission at least 30 days in advance.",primary
in-minicoy-maldivians,applies_to,Maldivian citizens,https://en.wikipedia.org/w/index.php?title=Visa_policy_of_India&oldid=1377179318,Maldivian citizens are allowed to visit Minicoy island for fifteen days,secondary
in-minicoy-maldivians,detached,island,https://en.wikipedia.org/w/index.php?title=Minicoy&oldid=1376675878,is an island in Lakshadweep,secondary
in-minicoy-maldivians,in_force,yes,https://en.wikipedia.org/w/index.php?title=Visa_policy_of_India&oldid=1377179318,Maldivian citizens are allowed to visit Minicoy island for fifteen days if allowed by the High Commissioner of India to the Maldives .,secondary
in-minicoy-maldivians,own_rule,own,https://en.wikipedia.org/w/index.php?title=Visa_policy_of_India&oldid=1377179318,Maldivian citizens are allowed to visit Minicoy island,secondary
in-minicoy-maldivians,start_date,1997-11-30,https://cdn.s3waas.gov.in/s358238e9ae2dd305d79c2ebc8c1883422/uploads/2018/05/2018050467.pdf,"Inserted by Notification F.No.16/6/95-LR, dated 30th November, 1997.",primary
in-minicoy-maldivians,unit_level,lower,https://en.wikipedia.org/w/index.php?title=Minicoy&oldid=1376675878,"Administratively, it is a census town in the Indian union territory of Lakshadweep.",secondary
in-minicoy-maldivians,what_it_requires,Permission of the High Commissioner of India to the Maldives; stay of fifteen days,https://en.wikipedia.org/w/index.php?title=Visa_policy_of_India&oldid=1377179318,for fifteen days if allowed by the High Commissioner of India to the Maldives,secondary
in-mizoram,applies_to,"Every foreigner except citizens of Bhutan (notified tourist areas may be visited in groups, as a couple, or by individuals with a permit)",https://www.mha.gov.in/PDF_Other/AnnexVII_01022018.pdf,"Every foreigner, except a citizen of Bhutan, who desires to enter and stay in a Protected or Restricted Area, is required to obtain a special permit from a competent authority",primary
in-mizoram,detached,no,https://en.wikipedia.org/w/index.php?title=Mizoram&oldid=1377880195,"with domestic borders with the Indian states of Assam , Manipur , and Tripura",secondary
in-mizoram,in_force,yes,https://thediplomat.com/2025/01/india-reimposes-restrictions-on-foreign-nationals-visiting-three-northeastern-states/,"The Union Ministry of Home Affairs has decided to reimpose the Protected Area Regime (PAR) in the states of Manipur, Nagaland and Mizoram to restrict and monitor the movement of foreigners.",secondary
in-mizoram,own_rule,list,https://boi.gov.in/boi/contents/travelling-to-india/entry-to-restricted-protected-prohibited-areas,Whole of Arunachal Pradesh Parts of Himachal Pradesh Parts of Jammu & Kashmir Parts of Union Territory of Ladakh Whole of Manipur Whole of Mizoram Whole of Nagaland,primary
in-mizoram,start_date,1958 (Foreigners (Protected Areas) Order); whole State excluded from the regime from 2011-01-01; re-imposed by a decision reported in January 2025,https://www.mha.gov.in/PDF_Other/AnnexVII_01022018.pdf,"Under the Foreigners (Protected Areas) Order, 1958, all areas falling between the",primary
in-mizoram,unit_level,top_level,https://en.wikipedia.org/w/index.php?title=Mizoram&oldid=1377880195,"is a state in northeastern India , with Aizawl as its capital and largest city",secondary
in-mizoram,what_it_requires,"Protected Area Permit, applied for in advance through an Indian mission or the FRRO",https://boi.gov.in/boi/contents/travelling-to-india/entry-to-restricted-protected-prohibited-areas,"If the foreigner is residing outside India, he/she has to apply for the RAP/PAP permit through the concerned Indian mission at least 30 days in advance.",primary
in-nagaland,applies_to,"Anyone, Indian or foreigner, who is not an indigenous inhabitant of Nagaland (Inner Line Permit); foreigners (Protected Area Permit)",https://ilp.nagaland.gov.in/faq,"requires anyone, both Indian and Foreigner, who is not an indigenous inhabitant of Nagaland, to obtain an Inner Line Permit (ILP), in such form and with such conditions as may be prescribed by the Government of Nagaland, to enter the state of Nagaland for a limited period.",primary
in-nagaland,detached,no,https://en.wikipedia.org/w/index.php?title=Nagaland&oldid=1377164241,"It is bordered by the Indian states of Arunachal Pradesh to the north, Assam to the west, Manipur to the south",secondary
in-nagaland,in_force,yes,https://ilp.nagaland.gov.in/,Implementation of Inner Line Permit (ILP) to the District of Chumoukedima and Niuland Issued on: 20-09-2024,primary
in-nagaland,own_rule,list,https://boi.gov.in/boi/contents/travelling-to-india/entry-to-restricted-protected-prohibited-areas,Foreigners who intend to visit the following places in India are required to obtain a Restricted/Protected Area Permit Whole of Arunachal Pradesh Parts of Himachal Pradesh Parts of Jammu & Kashmir Parts of Union Territory of Ladakh Whole of Manipur Whole of Mizoram Whole of Nagaland,primary
in-nagaland,start_date,"1873 (Inner Line regulation); 1958 (Protected Areas Order, per Wikipedia)",https://ilp.nagaland.gov.in/faq,"The Bengal Eastern Frontier Regulation 1873, which has been in force in the Naga Hills (present Nagaland) since 1873",primary
in-nagaland,unit_level,top_level,https://en.wikipedia.org/w/index.php?title=Nagaland&oldid=1377164241,is a state in the north-eastern region of India,secondary
in-nagaland,what_it_requires,"Inner Line Permit prescribed by the Government of Nagaland; for foreigners also a Protected Area Permit, applied for through an Indian mission at least 30 days in advance",https://boi.gov.in/boi/contents/travelling-to-india/entry-to-restricted-protected-prohibited-areas,he/she has to apply for the RAP/PAP permit through the concerned Indian mission at least 30 days in advance,primary
in-sikkim,applies_to,Every foreigner except citizens of Bhutan,https://www.mha.gov.in/PDF_Other/AnnexVII_01022018.pdf,"Every foreigner, except a citizen of Bhutan, who desires to enter and stay in a Protected or Restricted Area, is required to obtain a special permit from a competent authority",primary
in-sikkim,detached,no,https://en.wikipedia.org/w/index.php?title=Sikkim&oldid=1376855576,Sikkim is one of the two Indian states that share their border with just one other Indian state,secondary
in-sikkim,in_force,yes,https://boi.gov.in/boi/contents/travelling-to-india/entry-to-restricted-protected-prohibited-areas,Foreigners who intend to visit the following places in India are required to obtain a Restricted/Protected Area Permit,primary
in-sikkim,own_rule,list,https://boi.gov.in/boi/contents/travelling-to-india/entry-to-restricted-protected-prohibited-areas,Whole of Sikkim (partly in Protected Area and partly in Restricted Area),primary
in-sikkim,start_date,1958 (Protected Areas Order) and 1963 (Restricted Areas Order),https://www.mha.gov.in/PDF_Other/AnnexVII_01022018.pdf,"Under the Foreigners (Restricted Areas) Order, 1963, the following areas have been declared as",primary
in-sikkim,unit_level,top_level,https://en.wikipedia.org/w/index.php?title=Sikkim&oldid=1376855576,is a state in northeast India . It borders Bhutan in the east,secondary
in-sikkim,what_it_requires,Restricted Area Permit or Protected Area Permit from the competent authority,https://www.mha.gov.in/PDF_Other/AnnexVII_01022018.pdf,No foreigner can enter or stay in the Restricted or Protected area without obtaining a Restricted / Protected area permit from the competent authority.,primary
iq-kurdistan,applies_to,Everyone who applies for a visa to enter the Kurdistan Region of Iraq,https://visit.gov.krd/,Everyone who applies for a visa to enter the Kurdistan Region of Iraq is required to pay this fee,primary
iq-kurdistan,detached,no,https://en.wikipedia.org/w/index.php?title=Kurdistan_Region&oldid=1377242535,Territory controlled by the Kurdistan Region Rest of Iraq,secondary
iq-kurdistan,in_force,yes,https://visit.gov.krd/,© 2026 - KRG | Department of Information Technology,primary
iq-kurdistan,own_rule,own,https://en.wikipedia.org/w/index.php?title=Visa_policy_of_Iraq&oldid=1371157882,"Iraqi Kurdistan has its own eVisa platform, even though the standard Iraqi eVisa can also be used to enter the region.",secondary
iq-kurdistan,start_date,2023-03-01 (as stated: from this date all travellers to the Kurdistan Region require a visa; when the Region's own visa regime first began is not established),https://en.wikipedia.org/w/index.php?title=Visa_policy_of_Iraq&oldid=1371157882,"As March 1 2023, all travelers traveling to the Kurdistan Region of Iraq will require a visa.",secondary
iq-kurdistan,unit_level,top_level,https://en.wikipedia.org/w/index.php?title=Kurdistan_Region&oldid=1377242535,This article is about the sub-national federal region in the Republic of Iraq.,secondary
iq-kurdistan,what_it_requires,Kurdistan Regional Government e-Visa or visa on arrival; stay of 30 days,https://visit.gov.krd/,All visa types have a staying period of 30 days. This means that you can stay for 30 days from the day you enter the Kurdistan Region of Iraq.,primary
ir-kish,applies_to,All tourists (some nationalities need an escort guide and a hotel reservation),https://en.wikipedia.org/w/index.php?title=Visa_policy_of_Iran&oldid=1372344511,"Canadians, and Britons are required to have a certified escort guide waiting for them upon arrival, and they must obtain hotel reservations before arrival",secondary
ir-kish,detached,island,https://en.wikipedia.org/w/index.php?title=Kish_Island&oldid=1376839186,"resort island in Bandar Lengeh County , Hormozgan Province, off the southern coast of Iran in the Persian Gulf",secondary
ir-kish,in_force,yes,https://www.gov.uk/foreign-travel-advice/iran/entry-requirements,"To enter Kish Island, you must arrange your visit through an Iranian travel agency.",secondary
ir-kish,own_rule,list,https://en.wikipedia.org/w/index.php?title=Visa_policy_of_Iran&oldid=1372344511,"All tourists may stay on Kish Island, Qeshm Island, or other free trade zones for 14 days or less without obtaining any visa.",secondary
ir-kish,unit_level,lower,https://en.wikipedia.org/w/index.php?title=Kish_Island&oldid=1376839186,"resort island in Bandar Lengeh County , Hormozgan Province, off the southern coast of Iran",secondary
ir-kish,what_it_requires,Visa exemption for a stay of 14 days or less within the free zone,https://en.wikipedia.org/w/index.php?title=Visa_policy_of_Iran&oldid=1372344511,"All tourists may stay on Kish Island, Qeshm Island, or other free trade zones for 14 days or less without obtaining any visa.",secondary
ir-qeshm,applies_to,All tourists,https://en.wikipedia.org/w/index.php?title=Visa_policy_of_Iran&oldid=1372344511,"All tourists may stay on Kish Island, Qeshm Island",secondary
ir-qeshm,detached,island,https://en.wikipedia.org/w/index.php?title=Qeshm_Island&oldid=1377864242,is an Iranian island in the Strait of Hormuz of the Persian Gulf,secondary
ir-qeshm,in_force,yes,https://en.wikipedia.org/w/index.php?title=Visa_policy_of_Iran&oldid=1372344511,Tourists may stay at the following trade zones for up to 2 weeks without a visa in 2022,secondary
ir-qeshm,own_rule,list,https://en.wikipedia.org/w/index.php?title=Visa_policy_of_Iran&oldid=1372344511,"All tourists may stay on Kish Island, Qeshm Island, or other free trade zones for 14 days or less without obtaining any visa.",secondary
ir-qeshm,unit_level,lower,https://en.wikipedia.org/w/index.php?title=Qeshm_Island&oldid=1377864242,The island is part of Qeshm County,secondary
ir-qeshm,what_it_requires,No visa for a stay of 14 days or less,https://en.wikipedia.org/w/index.php?title=Visa_policy_of_Iran&oldid=1372344511,for 14 days or less without obtaining any visa,secondary
kp-rason,applies_to,"Tourists from all countries except the U.S. and South Korea, as reported by tour agencies",https://www.nknews.org/2025/01/north-korea-opens-border-city-of-rason-to-almost-all-travelers-tour-agency/,Tourists from all countries except the U.S. and South Korea can visit the Rason Special Economic Zone (SEZ) as of Thursday,secondary
kp-rason,detached,no,https://en.wikipedia.org/w/index.php?title=Rason&oldid=1378155298,Rason borders Hunchun county in Jilin province of China and Khasansky District in Primorsky Krai of Russia .,secondary
kp-rason,in_force,no,https://www.uritours.com/blog/north-korea-open-tourism-faq/,"However, on March 5, 2025, tourism to Rason SEZ was suspended with immediate notice.",secondary
kp-rason,own_rule,own,https://www.uritours.com/blog/north-korea-open-tourism-faq/,"Tourism visas are required to visit everywhere in North Korea, with the exception of the Rason Special Economic Zone (SEZ), which requires a separate permit.",secondary
kp-rason,unit_level,top_level,https://en.wikipedia.org/w/index.php?title=Administrative_divisions_of_North_Korea&oldid=1375869219,At the highest level are nine provinces and four special cities .,secondary
kp-rason,what_it_requires,A separate Rason permit instead of a DPRK tourism visa; visitors confined to the zone,https://www.uritours.com/blog/north-korea-open-tourism-faq/,"were strictly limited to the bounds of Rason SEZ, unable to visit other parts of North Korea",secondary
kr-jeju,applies_to,Individual and group tourists; all holders of ordinary passports except listed nationalities,https://www.korea.net/NewsFocus/policies/view?articleId=278542,Jeju Island will keep its policy of allowing visa-free entry for both individual and group tourists for 30 days.,primary
kr-jeju,detached,island,https://en.wikipedia.org/w/index.php?title=Jeju_Province&oldid=1375670061,"This article is about the province, which includes Jeju Island and other nearby islands.",secondary
kr-jeju,in_force,yes,https://www.korea.net/NewsFocus/policies/view?articleId=278542,Jeju Island will keep its policy of allowing visa-free entry for both individual and group tourists for 30 days.,primary
kr-jeju,own_rule,own,https://en.wikipedia.org/w/index.php?title=Jeju_Province&oldid=1375670061,Jeju has an independent visa policy that varies from that of the South Korean mainland.,secondary
kr-jeju,start_date,2002-05-01,https://en.wikipedia.org/w/index.php?title=Refugees_on_Jeju_Island&oldid=1343766242,"Jeju's visa-waiver program was introduced on May 1, 2002",secondary
kr-jeju,unit_level,top_level,https://en.wikipedia.org/w/index.php?title=Jeju_Province&oldid=1375670061,"Special Self-Governing Province in Jeju, South Korea",secondary
kr-jeju,what_it_requires,Visa exemption for 30 days in Jeju Province; K-ETA and a direct international flight to Jeju,https://en.wikipedia.org/w/index.php?title=Visa_policy_of_South_Korea&oldid=1368085747,"Visitors using this program must hold a K-ETA approval before their flight and enter Jeju via direct, international flights landing at Jeju International Airport only.",secondary
kz-baikonur,applies_to,Foreign visitors and tourists; in practice through a tour operator (guided tour),https://en.wikivoyage.org/wiki/Baikonur,"The easiest way to visit Baikonur, and the only way to visit the cosmodrome, is by guided tour.",secondary
kz-baikonur,detached,no,https://en.wikipedia.org/w/index.php?title=Baikonur&oldid=1374970628,is a city in Kazakhstan on the northern bank of the Syr Darya river. It is currently leased and administered by the Russian Federation until 2050.,secondary
kz-baikonur,in_force,yes,https://www.gov.uk/foreign-travel-advice/kazakhstan/safety-and-security,"The following areas are closed to visitors unless you have received prior permission from the Foreign Ministry, the Interior Ministry and the Kazakh National Security Committee",secondary
kz-baikonur,own_rule,own,https://en.wikipedia.org/w/index.php?title=Baikonur&oldid=1374970628,Foreign visitors and tourists can visit the cosmodrome and city but need to obtain a specific permit from Roscosmos .,secondary
kz-baikonur,unit_level,top_level,https://en.wikipedia.org/w/index.php?title=Baikonur&oldid=1374970628,Special status cities Almaty Astana Baikonur Shymkent,secondary
kz-baikonur,what_it_requires,Entry permit applied for in advance (processing up to 10 days since 2026),https://kz.kursiv.media/en/2026-06-09/engk-nknk-access-to-baikonur-eased-for-foreign-visitors/,"Earlier, foreign nationals needed to apply for an entry permit one-and-a-half to two months in advance, whereas the processing now takes up to 10 days",secondary
md-transnistria,applies_to,Foreign citizens,https://en.wikipedia.org/w/index.php?title=Visa_policy_of_Transnistria&oldid=1372423699,foreign citizens need to obtain and fill out a migration card,secondary
md-transnistria,detached,no,https://en.wikipedia.org/w/index.php?title=Transnistria&oldid=1375814450,Transnistria controls most of the narrow strip of land between the Dniester river and the Moldova–Ukraine border,secondary
md-transnistria,in_force,yes,https://en.wikipedia.org/w/index.php?title=Visa_policy_of_Transnistria&oldid=1372423699,"Since 1 April 2023, free entry into the territory of Transnistria is prohibited for all citizens of Ukraine aged between 18 and 60 years old, unless they have obtained permission from the Ministry of State Security of Transnistria .",secondary
md-transnistria,own_rule,own,https://en.wikipedia.org/w/index.php?title=Visa_policy_of_Transnistria&oldid=1372423699,"Transnistria does not require foreign citizens to obtain a visa; however, foreign citizens need to obtain and fill out a migration card",secondary
md-transnistria,unit_level,not_a_unit,https://en.wikipedia.org/w/index.php?title=Transnistria&oldid=1375814450,is a landlocked breakaway state internationally recognised as part of Moldova,secondary
md-transnistria,what_it_requires,"Migration card at the checkpoint, valid 45 days, extendable; Ukrainian citizens aged 18-60 need permission of the Ministry of State Security",https://en.wikipedia.org/w/index.php?title=Visa_policy_of_Transnistria&oldid=1372423699,The validity period is 45 days with the possibility of extension for a period not exceeding 3 years.,secondary
mm-wa-state,detached,no,https://en.wikipedia.org/w/index.php?title=Wa_State&oldid=1375248870,is a de facto independent state and de jure self-governing region in Myanmar,secondary
mm-wa-state,own_rule,own,https://web.archive.org/web/2025/https://hailam.miraheze.org/wiki/Wa_State,"A special permit is required to enter Wa State from Myanmar, and regular travel documents if travelling from China.",secondary
mm-wa-state,unit_level,lower,https://en.wikipedia.org/w/index.php?title=Wa_State&oldid=1375248870,officially recognises the northern part of Wa State as the Wa Self-Administered Division of Shan State,secondary
mm-wa-state,what_it_requires,A special permit to enter from Myanmar; regular travel documents from China,https://web.archive.org/web/2025/https://hailam.miraheze.org/wiki/Wa_State,"A special permit is required to enter Wa State from Myanmar, and regular travel documents if travelling from China.",secondary
mx-southern-border-tvr,applies_to,Guatemalan citizens (the page read covers only them),https://en.wikipedia.org/w/index.php?title=Visa_requirements_for_Guatemalan_citizens&oldid=1366879437,7 days with Tarjeta de Visitante Regional (TVR),secondary
mx-southern-border-tvr,detached,no,https://www.gob.mx/inm/acciones-y-programas/tarjeta-de-visitante-regional-tvr,podrás ingresar por tiempo limitado a la frontera sur de México,primary
mx-southern-border-tvr,in_force,yes,https://www.gob.mx/inm/acciones-y-programas/tarjeta-de-visitante-regional-tvr,El Instituto Nacional de Migración (INM) pone a tu disposición la Tarjeta de Visitante Regional (TVR),primary
mx-southern-border-tvr,own_rule,list,https://www.gob.mx/inm/acciones-y-programas/tarjeta-de-visitante-regional-tvr,"los estados de la frontera sur: Campeche, Chiapas, Tabasco, Quintana Roo y Yucatán",primary
mx-southern-border-tvr,unit_level,not_a_unit,https://www.gob.mx/inm/acciones-y-programas/tarjeta-de-visitante-regional-tvr,"Entradas y salidas múltiples en los estados de la frontera sur: Campeche, Chiapas, Tabasco, Quintana Roo y Yucatán.",primary
mx-southern-border-tvr,what_it_requires,Regional Visitor Card (TVR) issued at official border crossings; 7 days,https://en.wikipedia.org/w/index.php?title=Visa_requirements_for_Guatemalan_citizens&oldid=1366879437,"7 days with Tarjeta de Visitante Regional (TVR) issued at Official Border Crossings, allows entry into the four Southern States.",secondary
my-labuan,detached,island,https://en.wikipedia.org/w/index.php?title=Labuan&oldid=1371475954,It includes Labuan Island and six smaller islands off the coast of the state of Sabah in East Malaysia.,secondary
my-labuan,in_force,yes (revision read 2026-10-03: Peninsular Malaysians arriving in Labuan obtain an IMM.114 on their MyKad),https://en.wikipedia.org/w/index.php?title=Malaysian_identity_card&oldid=1377450645,"Citizens from Peninsular Malaysia travelling to Sabah , Sarawak and Labuan can produce a MyKad on arrival to obtain a Document in Lieu of Internal Travel Document (IMM.114) for social and business visits not more than three months.",secondary
my-labuan,start_date,2022-11-01 (immigration checks at the Labuan ferry terminal on travellers leaving for mainland Sabah; ordered by the Home Ministry on 2022-09-10 at Sabah's request; article dated 2022-12-06),https://www.astroawani.com/berita-malaysia/pemeriksaan-imigresen-pandu-lalu-sepenuhnya-di-terminal-feri-labuan-lancar-395386,proses pemeriksaan imigresen di terminal feri itu yang dilaksanakan bermula 1 Nov lepas,secondary
my-labuan,unit_level,top_level,https://en.wikipedia.org/w/index.php?title=Labuan&oldid=1371475954,is an island federal territory of Malaysia,secondary
my-sabah,applies_to,Malaysian citizens who do not belong to the East Malaysian State (e.g. Malaysians from West Malaysia),https://www.imi.gov.my/index.php/en/main-services/travel-documents/document-in-lieu-of-internal-travel-document-2/,"This document is issued to Malaysians from West Malaysia travelling to Sabah and Sarawak as an alternative to the Malaysian Passport and Restricted Travel Document in accordance with Part VII, Special Provisions For East Malaysia, Immigration Act 1959/63.",primary
my-sabah,detached,no,https://en.wikipedia.org/w/index.php?title=Sabah&oldid=1374766471,Sabah has land borders with the Malaysian state of Sarawak to the southwest,secondary
my-sabah,in_force,yes,https://www.imi.gov.my/index.php/en/main-services/pass/endorsement-of-exemption-section-66/,Section 66 of the Immigration Act 1959/63 (Act 155) is a restriction on the right of entry of citizens into the State of East Malaysia.,primary
my-sabah,own_rule,list,https://www.imi.gov.my/index.php/en/main-services/pass/endorsement-of-exemption-section-66/,A citizen is subject to having a Pass or Permit to enter and be in the State of East Malaysia (Sabah / Sarawak).,primary
my-sabah,start_date,1963-09-16,https://en.wikipedia.org/w/index.php?title=Immigration_Act_1959/63&oldid=1305541575,Effective [Peninsular Malaysia—1 May 1959; Sabah and Sarawak—16 September 1963],secondary
my-sabah,unit_level,top_level,https://en.wikipedia.org/w/index.php?title=Sabah&oldid=1374766471,"is a state of Malaysia located in northern Borneo , in the region of East Malaysia",secondary
my-sabah,what_it_requires,Pass or permit to enter and be in the State; West Malaysians get a Social or Business Visit Pass of up to three months,https://www.imi.gov.my/index.php/en/main-services/travel-documents/document-in-lieu-of-internal-travel-document-2/,The holder is allowed to enter and remain in Sabah or Sarawak on a Social or Business Visit Pass not exceeding three (3) months.,primary
my-sarawak,applies_to,"Malaysian citizens who do not belong to the State (pass or permit), and foreign nationals (separate State immigration control)",https://www.imi.gov.my/index.php/en/main-services/pass/endorsement-of-exemption-section-66/,A citizen is subject to having a Pass or Permit to enter and be in the State of East Malaysia (Sabah / Sarawak).,primary
my-sarawak,detached,no,https://en.wikipedia.org/w/index.php?title=Sarawak&oldid=1376874638,"is bordered by the Malaysian state of Sabah to the northeast, Kalimantan (the Indonesian portion of Borneo) to the south, and Brunei to the north",secondary
my-sarawak,in_force,yes,https://www.gov.uk/foreign-travel-advice/malaysia/entry-requirements,You will pass through immigration control and must get entry and exit stamps.,secondary
my-sarawak,own_rule,list,https://www.lowpartners.com/immigration-act-195963/,"means the State of Sabah or Sarawak, as the case may require",secondary
my-sarawak,start_date,1963-09-16,https://www.lowpartners.com/immigration-act-195963/,Peninsular Malaysia: 1 May 1959; Sabah and Sarawak: 16 September 1963,secondary
my-sarawak,unit_level,top_level,https://en.wikipedia.org/w/index.php?title=Sarawak&oldid=1376874638,is a state of Malaysia . It is the largest of the 13 states,secondary
my-sarawak,what_it_requires,Separate immigration control: the immigration law applies to the State as a separate unit; a citizen needs a Permit or Pass to enter,https://www.lowpartners.com/immigration-act-195963/,a citizen shall not be entitled to enter an East Malaysian State without having obtained a Permit or Pass in that behalf unless,secondary
ru-chukotka,applies_to,"Foreign visitors, through a host organization that invites them",https://xn--80atapud1a.xn--p1ai/vlast/organy-vlasti/apparat-gubernatora-i-pravitelstva/poryadok-oformleniya-razresheniya-na-vezd/pamyatka-vyezzhayushchemu_en.php,"The host organizations (that might include regional and local governments, alliances, corporations, concerns, associations, unions, enterprises, institutions and non-governmental organizations) inviting a foreign visitor to the territory of the Chukotka Autonomous Region shall obtain a respective approval from the regional security service.",primary
ru-chukotka,detached,no,https://en.wikipedia.org/w/index.php?title=Chukotka_Autonomous_Okrug&oldid=1375185619,"It shares a border with the Sakha Republic to the west, Magadan Oblast to the south-west",secondary
ru-chukotka,in_force,yes,https://legalacts.ru/doc/postanovlenie-pravitelstva-rf-ot-04071992-n-470/,"Постановление Правительства РФ от 04.07.1992 N 470 (ред. от 20.12.2019) ""Об утверждении Перечня территорий Российской Федерации с регламентированным посещением для иностранных граждан""",secondary
ru-chukotka,own_rule,list,https://www.consultant.ru/document/cons_doc_LAW_816/34962052c91a1ec2aa65a9eddb5bbac81cd6156e/,17. Чукотский автономный округ. (введен Постановлением Правительства РФ от 27.12.1997 N 1641),secondary
ru-chukotka,start_date,1997-12-27,https://www.consultant.ru/document/cons_doc_LAW_816/34962052c91a1ec2aa65a9eddb5bbac81cd6156e/,(введен Постановлением Правительства РФ от 27.12.1997 N 1641),secondary
ru-chukotka,unit_level,top_level,https://en.wikipedia.org/w/index.php?title=Chukotka_Autonomous_Okrug&oldid=1375185619,is the easternmost federal subject of Russia,secondary
ru-chukotka,what_it_requires,"Special permit to enter the okrug, obtained by the host organization, plus a border-zone pass",https://xn--80atapud1a.xn--p1ai/vlast/organy-vlasti/apparat-gubernatora-i-pravitelstva/poryadok-oformleniya-razresheniya-na-vezd/pamyatka-vyezzhayushchemu_en.php,"Therefore, the foreign visitorss need a special permit to enter the territory of the Chukotka Autonomous Region.",primary
ru-chukotka-alaska-natives,applies_to,"U.S. citizens permanently resident in the Nome and Northwest Arctic Borough census areas of Alaska, invited by relatives in the designated Russian area",https://www.state.gov/bering-strait-visa-free-travel-program,"are U.S. citizens who are permanent residents of the designated U.S. area, which is comprised of the Nome and Northwest Arctic Borough census areas of Alaska",primary
ru-chukotka-alaska-natives,detached,no,https://en.wikipedia.org/w/index.php?title=Chukotka_Autonomous_Okrug&oldid=1375185619,"It shares a border with the Sakha Republic to the west, Magadan Oblast to the south-west, and Kamchatka Krai to the south",secondary
ru-chukotka-alaska-natives,in_force,yes,https://www.state.gov/bering-strait-visa-free-travel-program,"Currently, there are procedures in place for the operation of checkpoints for travel under the Agreement at Anadyr and Provideniya",primary
ru-chukotka-alaska-natives,own_rule,own,https://www.state.gov/bering-strait-visa-free-travel-program,"to visit relatives across the Bering Strait in designated areas of Chukotka, Russia",primary
ru-chukotka-alaska-natives,start_date,1991-07-10 (agreement signed 1989-09-23),https://www.state.gov/bering-strait-visa-free-travel-program,"signed at Jackson Hole on September 23, 1989 and entered into force July 10, 1991",primary
ru-chukotka-alaska-natives,unit_level,top_level,https://en.wikipedia.org/w/index.php?title=Chukotka_Autonomous_Okrug&oldid=1375185619,is the easternmost federal subject of Russia,secondary
ru-chukotka-alaska-natives,what_it_requires,"Visa exemption with a passport endorsement insert, 10 days' prior notice and designated checkpoints; visits limited to 90 days",https://www.state.gov/bering-strait-visa-free-travel-program,Individual visits to Russia are limited to 90 days.,primary
ru-former-regional-evisas,applies_to,Citizens of 18 listed countries (Far Eastern regions),https://en.wikipedia.org/w/index.php?title=Visa_policy_of_Russia&oldid=1377688585,Citizens of the following 18 countries could apply for an e-Visa,secondary
ru-former-regional-evisas,in_force,no,https://en.wikipedia.org/w/index.php?title=Electronic_visa&oldid=1371985137,"Electronic visas were first issued in Russia in 2017 to be valid for specific regions, and was expanded to be valid country-wide in 2020",secondary
ru-former-regional-evisas,own_rule,list,https://en.wikipedia.org/w/index.php?title=Visa_policy_of_Russia&oldid=1377688585,could apply for an e-Visa to visit to regions in the Far Eastern Federal District,secondary
ru-former-regional-evisas,start_date,2017,https://en.wikipedia.org/w/index.php?title=Electronic_visa&oldid=1371985137,Electronic visas were first issued in Russia in 2017 to be valid for specific regions,secondary
ru-former-regional-evisas,what_it_requires,E-visa valid only for specific regions,https://en.wikipedia.org/w/index.php?title=Electronic_visa&oldid=1371985137,to be valid for specific regions,secondary
sh-ascension,applies_to,"All nationalities, British citizens included, except exempted occupations (armed forces, Crown servants)",https://www.ascension-visas.com/faq,"all nationalities , including British Citizens , require e-visas except where exempted below",primary
sh-ascension,detached,island,https://en.wikipedia.org/w/index.php?title=Ascension_Island&oldid=1373004885,Ascension Island is an isolated volcanic island,secondary
sh-ascension,in_force,yes,https://www.gov.uk/foreign-travel-advice/st-helena-ascension-and-tristan-da-cunha/entry-requirements,You must have a visa to visit Ascension.,secondary
sh-ascension,own_rule,own,https://www.ascension.gov.ac/travel-and-shipping/immigration/,All travellers to Ascension Island require an entry permit visa unless exempted by their occupation,primary
sh-ascension,unit_level,top_level,https://en.wikipedia.org/w/index.php?title=Ascension_Island&oldid=1373004885,"elevated Ascension Island, and Tristan da Cunha to equal constituent parts of the territory alongside Saint Helena",secondary
sh-ascension,what_it_requires,Entry visa (e-visa) obtained in advance from the Ascension Island Government,https://www.ascension.gov.ac/travel-and-shipping/immigration/,"Applications for entry visas should be made well in advance, at least 14 days before the intended date of travel, except in cases of genuine emergency.",primary
sh-saint-helena,applies_to,Everyone without St Helenian status or an exemption,https://www.sainthelena.gov.sh/public-services/immigration/,"Those who, unless otherwise exempted, will need authorisation to enter or remain in St Helena",primary
sh-saint-helena,detached,island,https://www.sainthelena.gov.sh/public-services/immigration/,St Helena is a remote Island in the South Atlantic Ocean,primary
sh-saint-helena,in_force,yes,https://evisa.sainthelena.gov.sh/do-i-need-e-visa/,However your entry permission to St Helena will still be subject to consideration on arrival by an Immigration Officer.,primary
sh-saint-helena,own_rule,own,https://www.sainthelena.gov.sh/public-services/immigration/,This section covers an individual’s right to enter St Helena. Some will have the automatic right of entry to St Helena (see below) whilst others will require an entry permit.,primary
sh-saint-helena,start_date,2012-01-23 (part); 2012-05-01 (remainder),https://www.sainthelena.gov.sh/documents/Immigration-Ordinance-2011-Uploaded27032020,In force 23 January 2012 (part)2 and 1 May 2012 (remainder)3,primary
sh-saint-helena,unit_level,top_level,https://en.wikipedia.org/w/index.php?title=Saint_Helena&oldid=1376460304,"It is one of the three constituent parts of Saint Helena, Ascension and Tristan da Cunha",secondary
sh-saint-helena,what_it_requires,"Landing permission (up to 24 hours), Short-term Entry Permit (up to 183 days) or Long-Term Entry Permit; some passports also need a St Helena e-visa",https://www.sainthelena.gov.sh/public-services/immigration/,Landing permission (for stays on-Island of up to 24 hours ). Short-term Entry Permit (for stays on-Island for a period not exceeding 183 days ) Long-Term Entry Permit (for stays on-Island in excess of 183 days ).,primary
sh-tristan-da-cunha,applies_to,All visitors,https://www.tristandc.com/visitsorganise.php,Potential visitors to Tristan should be aware that visits must be authorised in advance by the Island Council.,primary
sh-tristan-da-cunha,detached,island,https://en.wikipedia.org/w/index.php?title=Tristan_da_Cunha&oldid=1375695194,is a remote group of volcanic islands in the South Atlantic Ocean,secondary
sh-tristan-da-cunha,in_force,yes,https://www.gov.uk/foreign-travel-advice/st-helena-ascension-and-tristan-da-cunha/entry-requirements,You must get permission from the Island Council to visit Tristan da Cunha.,secondary
sh-tristan-da-cunha,own_rule,own,https://www.tristandc.com/visitsorganise.php,All visitors need the prior approval of the Administrator / Island Council,primary
sh-tristan-da-cunha,start_date,"1989 (permission to land: Entry Control (Landing) (Tristan da Cunha) Regulations, 1989, Legal Notice T1 of 1989; day not stated)",https://www.sainthelena.gov.sh/documents/Entry-Control-TdaC-Ordinance,"ENTRY CONTROL (LANDING) (TRISTAN DA CUNHA) REGULATIONS, 1989",primary
sh-tristan-da-cunha,start_date,1967-08-14 (parent Entry Control (Tristan da Cunha) Ordinance 1967: no stay over 3 days without the Administrator's permit),https://www.sainthelena.gov.sh/documents/Entry-Control-TdaC-Ordinance,In force 14 August 1967,primary
sh-tristan-da-cunha,unit_level,top_level,https://en.wikipedia.org/w/index.php?title=Tristan_da_Cunha&oldid=1375695194,"It is one of three constituent parts of the British Overseas Territory of Saint Helena, Ascension and Tristan da Cunha",secondary
sh-tristan-da-cunha,what_it_requires,Prior permission to land from the Administrator / Island Council,https://www.tristandc.com/visitsorganise.php,"Permission is required to land, and visits should be planned and booked well in advance.",primary
sj-jan-mayen,applies_to,A foreigner who comes to Jan Mayen,https://lovdata.no/dokument/SF/forskrift/1962-06-01-1,"Utlending som kommer til Jan Mayen, kan av politiet gis tillatelse til å oppholde seg der i inntil 1 uke under forutsetning av at han etter oppholdstidens utløp vil kunne forlate øya med skip eller fly.",primary
sj-jan-mayen,detached,island,https://en.wikipedia.org/w/index.php?title=Jan_Mayen&oldid=1374574303,Jan Mayen Island is an integral part of the Kingdom of Norway,secondary
sj-jan-mayen,in_force,yes,https://lovdata.no/dokument/SF/forskrift/1962-06-01-1,Ikrafttredelse 01.07.1962 Sist endret FOR-2022-04-29-645 fra 01.05.2022,primary
sj-jan-mayen,own_rule,own,https://lovdata.no/dokument/SF/forskrift/1962-06-01-1,Forskrifter om utlendingers adgang til Jan Mayen Dato FOR-1962-06-01-1,primary
sj-jan-mayen,start_date,1962-07-01,https://lovdata.no/dokument/SF/forskrift/1962-06-01-1,Disse forskrifter trer i kraft fra og med 1. juli 1962.,primary
sj-jan-mayen,unit_level,not_a_unit,https://en.wikipedia.org/w/index.php?title=Jan_Mayen&oldid=1374574303,"Since 1995, Jan Mayen has been administered by the County Governor ( statsforvalter ) of the northern Norwegian county of Nordland",secondary
sj-jan-mayen,what_it_requires,Police permission to stay up to one week; prior permission of the Ministry of Justice for a longer stay,https://lovdata.no/dokument/SF/forskrift/1962-06-01-1,"Dersom en utlending akter å ta opphold ut over 1 uke, må han på forhånd skaffe seg tillatelse til det av Justisdepartementet.",primary
sy-aanes,applies_to,Foreign visitors (Syrian citizens exempt since December 2024),https://travelingtheunknown.com/rojava-permit-tourist/,"However, foreign visitors still require special permission.",secondary
sy-aanes,detached,no,https://en.wikipedia.org/w/index.php?title=Democratic_Autonomous_Administration_of_North_and_East_Syria&oldid=1375925190,was a de facto autonomous region in northeastern Syria from 2012 until its integration into the Syrian state in 2026,secondary
sy-aanes,in_force,no,https://en.wikipedia.org/w/index.php?title=Democratic_Autonomous_Administration_of_North_and_East_Syria&oldid=1375925190,full integration into the Syrian state on 20 August 2026,secondary
sy-aanes,own_rule,own,https://travelingtheunknown.com/rojava-permit-tourist/,Travelling to this region requires special permission from the local authorities,secondary
sy-aanes,unit_level,not_a_unit,https://en.wikipedia.org/w/index.php?title=Democratic_Autonomous_Administration_of_North_and_East_Syria&oldid=1375925190,was a de facto autonomous region in northeastern Syria from 2012 until its integration into the Syrian state in 2026,secondary
sy-aanes,what_it_requires,Entry permit issued by the administration's immigration department on the signature of two local sponsors,https://travelingtheunknown.com/rojava-permit-tourist/,"Every single foreigner requires 2 local sponsors to get a Rojava permit, who will be legally responsible for you during your time in SDF areas.",secondary
tj-gbao,applies_to,Foreign nationals and stateless persons,https://mfa.tj/en/vienna/consular-issues/consular-services/standard-visa,The GBAO-VMKB permission shall be given to foreign nationals and stateless persons separately at the same time when the new electronic visa issued.,primary
tj-gbao,detached,no,https://en.wikipedia.org/w/index.php?title=Gorno-Badakhshan&oldid=1378126747,"is an autonomous region in eastern Tajikistan , in the Pamir Mountains",secondary
tj-gbao,in_force,yes,https://mfa.tj/en/vienna/consular-issues/consular-services/standard-visa,The fee for special permission is 20 Euros.,primary
tj-gbao,own_rule,own,https://mfa.tj/en/vienna/consular-issues/consular-services/standard-visa,Autonomous Province of Tajikistan (GBAO-VMKB) is the frontier territory of Tajikistan and has special permission entry,primary
tj-gbao,start_date,since at least 2005 (in force by 2005-04-04),https://web.archive.org/web/20050404020231/http://travel.state.gov/travel/cis_pa_tw/cis/cis_1037.html,submit requests for travel authorization for the Gorno-Badakhshan Autonomous Region to the Ministry of Foreign Affairs or the Department of Visas and Registration (OVIR),secondary
tj-gbao,unit_level,top_level,https://en.wikipedia.org/w/index.php?title=Gorno-Badakhshan&oldid=1378126747,is an autonomous region in eastern Tajikistan,secondary
tj-gbao,what_it_requires,"Special entry permission (stamp or with the e-visa), fee 20 euros, valid for the listed districts",https://mfa.tj/en/vienna/consular-issues/consular-services/standard-visa,"which is valid to visit Khorugh, Darvoz, Vanj, Rushon, Ishkoshim and Murghob districts.",primary
tw-kinmen,applies_to,"People of the Mainland Area (PRC nationals), for travel in group or individual tours",https://law.moj.gov.tw/ENG/LawClass/LawAll.aspx?pcode=A0030123,4. Travel: including group and individual tours.,primary
tw-kinmen,detached,island,https://en.wikipedia.org/w/index.php?title=Kinmen&oldid=1374603563,"is a group of islands and a county of the Republic of China (Taiwan) , only 10 km (6 mi) east from the city of Xiamen in Fujian",secondary
tw-kinmen,in_force,yes,https://en.wikipedia.org/w/index.php?title=Entry_%26_Exit_Permit_for_Taiwan&oldid=1373976073,"The National Immigration Agency of the Republic of China allows mainland Chinese nationals to obtain a Taiwan Entry Permit on arrival provided that they only stay in Kinmen, Matsu and Penghu",secondary
tw-kinmen,own_rule,list,https://law.moj.gov.tw/ENG/LawClass/LawAll.aspx?pcode=A0030123,"may apply to the National Immigration Agency for permission to enter and exit Kinmen, Matsu, or Penghu",primary
tw-kinmen,start_date,2015-01-01 (permit on arrival),https://en.wikipedia.org/w/index.php?title=Penghu&oldid=1376239468,This privilege also applies to Kinmen and the Matsu Islands as a means to boost tourism in the outlying islands of Taiwan.,secondary
tw-kinmen,unit_level,top_level,https://en.wikipedia.org/w/index.php?title=Kinmen&oldid=1374603563,is a group of islands and a county of the Republic of China (Taiwan),secondary
tw-kinmen,what_it_requires,"Entry permit or temporary entry notice on arrival; travel stay up to fifteen days; stay restricted to Kinmen, Matsu or Penghu",https://law.moj.gov.tw/ENG/LawClass/LawAll.aspx?pcode=A0030123,"Any of the People of the Mainland Area entering upon permission in accordance with the Regulations shall be restricted to stay in Kinmen, Matsu, or Penghu.",primary
tw-matsu,applies_to,Mainland Chinese entering for travel,https://www.immigration.gov.tw/media/55249/immigration-reference-guide-for-civil-carriers.pdf,Mainland Chinese may apply to the National Immigration Agency for the issuance of a temporary exit and entry permit (alias Kinmen/Matsu/Penghu landing permit),primary
tw-matsu,detached,island,https://en.wikipedia.org/w/index.php?title=Matsu_Islands&oldid=1374603666,Offshore archipelago governed by the Republic of China (Taiwan),secondary
tw-matsu,in_force,yes,https://en.wikipedia.org/w/index.php?title=Entry_%26_Exit_Permit_for_Taiwan&oldid=1373976073,"The National Immigration Agency of the Republic of China allows mainland Chinese nationals to obtain a Taiwan Entry Permit on arrival provided that they only stay in Kinmen, Matsu and Penghu, hold certain documents, and depart from and arrive at specific ports by boat.",secondary
tw-matsu,own_rule,list,https://www.immigration.gov.tw/media/55249/immigration-reference-guide-for-civil-carriers.pdf,"when entering Kinmen, Matsu or Penghu for the purpose of 旅遊 (Travel).",primary
tw-matsu,start_date,2015-01-01,https://www.immigration.gov.tw/media/55249/immigration-reference-guide-for-civil-carriers.pdf,"As of January 1, 2015, Mainland Chinese may apply",primary
tw-matsu,unit_level,lower,https://en.wikipedia.org/w/index.php?title=Matsu_Islands&oldid=1374603666,one of two counties that is a part of the nominal Fuchien Province that is administered by the Republic of China,secondary
tw-matsu,what_it_requires,Temporary exit and entry permit (landing permit) issued at the port; stay of up to 15 days in the offshore counties only,https://us.china-embassy.gov.cn/eng/zt/twwt/201501/t20150106_4914887.htm,The landing permit enables mainland visitors to stay in the offshore counties for up to 15 days. They are still banned from traveling to other parts of Taiwan without an entry permit.,secondary
tw-penghu,applies_to,"People of the Mainland Area (PRC nationals), for travel in group or individual tours",https://law.moj.gov.tw/ENG/LawClass/LawAll.aspx?pcode=A0030123,4. Travel: including group and individual tours.,primary
tw-penghu,detached,island,https://en.wikipedia.org/w/index.php?title=Penghu&oldid=1376239468,Archipelago and county of Taiwan,secondary
tw-penghu,in_force,yes,https://en.wikipedia.org/w/index.php?title=Entry_%26_Exit_Permit_for_Taiwan&oldid=1373976073,"The National Immigration Agency of the Republic of China allows mainland Chinese nationals to obtain a Taiwan Entry Permit on arrival provided that they only stay in Kinmen, Matsu and Penghu",secondary
tw-penghu,own_rule,list,https://law.moj.gov.tw/ENG/LawClass/LawAll.aspx?pcode=A0030123,"may apply to the National Immigration Agency for permission to enter and exit Kinmen, Matsu, or Penghu",primary
tw-penghu,start_date,2015-01-01 (permit on arrival),https://en.wikipedia.org/w/index.php?title=Penghu&oldid=1376239468,"Since 1 January 2015, tourists from Mainland China can directly apply for the Exit & Entry Permit upon arrival in Penghu.",secondary
tw-penghu,unit_level,top_level,https://en.wikipedia.org/w/index.php?title=Penghu&oldid=1376239468,Archipelago and county of Taiwan,secondary
tw-penghu,what_it_requires,"Entry permit or temporary entry notice on arrival; travel stay up to fifteen days; stay restricted to Kinmen, Matsu or Penghu",https://law.moj.gov.tw/ENG/LawClass/LawAll.aspx?pcode=A0030123,"Any of the People of the Mainland Area entering upon permission in accordance with the Regulations shall be restricted to stay in Kinmen, Matsu, or Penghu.",primary
tz-zanzibar,applies_to,All foreign visitors,https://www.it.tzembassy.go.tz/resources/view/zanzibar-travel-advice-on-mandatory-inbound-travel-insurance-cover-starting-from-1st-october-2024,it will be mandatory for all foreign visitors,primary
tz-zanzibar,detached,island,https://en.wikipedia.org/w/index.php?title=Zanzibar&oldid=1376656323,The major islands of Unguja and Pemba in the Indian Ocean,secondary
tz-zanzibar,in_force,yes,https://en.wikipedia.org/w/index.php?title=Visa_policy_of_Tanzania&oldid=1377865318,"Since 1 October 2024, all visitors to Zanzibar must have mandatory travel insurance from Zanzibar Insurance Corporation.",secondary
tz-zanzibar,own_rule,own,https://www.it.tzembassy.go.tz/resources/view/zanzibar-travel-advice-on-mandatory-inbound-travel-insurance-cover-starting-from-1st-october-2024,The Revolutionary Government of Zanzibar has issued a travel advice notification,primary
tz-zanzibar,start_date,2024-10-01,https://www.it.tzembassy.go.tz/resources/view/zanzibar-travel-advice-on-mandatory-inbound-travel-insurance-cover-starting-from-1st-october-2024,ZANZIBAR - TRAVEL ADVICE ON MANDATORY INBOUND TRAVEL INSURANCE COVER STARTING FROM 1ST OCTOBER 2024 20 Aug 2024,primary
tz-zanzibar,unit_level,top_level,https://en.wikipedia.org/w/index.php?title=Zanzibar&oldid=1376656323,Status Semi-autonomous region of Tanzania,secondary
tz-zanzibar,what_it_requires,"Inbound travel insurance bought from the Zanzibar Insurance Corporation (a paid cover, not an entry permit)",https://www.it.tzembassy.go.tz/resources/view/zanzibar-travel-advice-on-mandatory-inbound-travel-insurance-cover-starting-from-1st-october-2024,to acquire inbound travel insurance cover (of up to 92 days stay in the islands) from the Zanzibar Insurance Corporation.,primary
vn-phu-quoc,applies_to,Foreigners and Vietnamese holding foreign passports,https://vietnamconsulateinhouston.org/visa-information/phu-quoc-visa/,"foreigners and Vietnamese holding foreign passports who enter, exit and reside in Phu Quoc island are exempted from visas with a temporary stay not exceeding 30 days",secondary
vn-phu-quoc,detached,island,https://en.wikipedia.org/w/index.php?title=Ph%C3%BA_Qu%E1%BB%91c&oldid=1377392805,It is the largest island in Vietnam.,secondary
vn-phu-quoc,in_force,yes,https://en.wikipedia.org/w/index.php?title=Visa_policy_of_Vietnam&oldid=1376727621,Phu Quoc Island has a special visa exemption for all foreign visitors arriving directly by air or sea from outside Vietnam.,secondary
vn-phu-quoc,own_rule,own,https://vietnamconsulateinhouston.org/visa-information/phu-quoc-visa/,the government has issued a 30-day visa exemption for those entering Phu Quoc Island,secondary
vn-phu-quoc,start_date,2014-03-10,https://web.archive.org/web/20190331115551/https://english.vietnamnet.vn/fms/travel/96352/phu-quoc-giving-free-30-day-visas.html,Foreigners visiting Phu Quoc will receive a free 30-day visa starting March 10.,secondary
vn-phu-quoc,unit_level,lower,https://en.wikipedia.org/w/index.php?title=Ph%C3%BA_Qu%E1%BB%91c&oldid=1377392805,"is a special zone in An Giang province , Vietnam",secondary
vn-phu-quoc,what_it_requires,"Visa exemption for a stay of up to 30 days on the island, also when arriving through the transit area of another international border gate",https://vietnamconsulateinhouston.org/visa-information/phu-quoc-visa/,"stay in the transit area at that border gate, then transfer to Phu Quoc island, they will be exempted from visa as prescribed",secondary
ye-socotra,applies_to,Visitors on organised tours; the operator arranges the permit,https://koryogroup.com/blog/how-to-get-a-visa-for-socotra-yemen,"The island is visited via organised tours, and the operators and their local Socotri partners handle the paperwork machinery, from the entry authorisation to the permissions needed for the protected areas you'll camp in.",secondary
ye-socotra,detached,island,https://en.wikipedia.org/w/index.php?title=Socotra_Governorate&oldid=1374294891,Archipelago in the Indian Ocean and governorate of Yemen,secondary
ye-socotra,in_force,yes,https://koryogroup.com/blog/how-to-get-a-visa-for-socotra-yemen,08 Jul 2026 How to Get a Visa for Socotra,secondary
ye-socotra,own_rule,own,https://koryogroup.com/blog/how-to-get-a-visa-for-socotra-yemen,The Socotra visa or travel permit is not a full Yemen visa. You are not permitted to enter mainland Yemen with just a Socotra visa.,secondary
ye-socotra,unit_level,top_level,https://en.wikipedia.org/w/index.php?title=Socotra_Governorate&oldid=1374294891,is one of the governorates of Yemen,secondary
ye-socotra,what_it_requires,"Socotra visa / travel permit arranged in advance by the local operator, stamped on arrival; not valid for mainland Yemen",https://koryogroup.com/blog/how-to-get-a-visa-for-socotra-yemen,All required Socotra permits and permissions are arranged in advance by the local team and generally are included in your Socotra tour price.,secondary
