area_id,holder_role,basis
akrotiri-dhekelia,lessor,"register holder: the United Kingdom, which holds the areas as sovereign; not a lease in the strict sense"
baikonur,lessee,"register holder: Russia (lessee) ensures order, security and the special regime"
diego-garcia,lessor,register holder: the United Kingdom (BIOT Administration issues entry permits)
guantanamo-bay,lessee,register holder: the United States inside the base; Cuba holds only the land approaches outside it
moldauhafen,lessor,"register holder: Germany, full German jurisdiction; the lessee controls only its gate"
palanca-road,lessee,"register holder: Ukraine, which owns the road section and exercises jurisdiction on it"
russian-ranges-kazakhstan,split,"register holder: the Russian range command sets the regime, both states approve foreigners"
saimaa-canal,lessor,"register holder: Russia (lessor), whose law and authorities apply"
suleyman-shah-tomb,lessee,register holder: Turkish troops guard the site inside Syria
tin-bigha,shared,register holder: India keeps sovereignty and jurisdiction; citizens of both states pass freely
