iso,control,level1_regions,official_units,units_in_exactly_one_region,units_in_several_regions,units_unassigned,coverage,regions_with_any_unit,shape_ids_on_country_page,country_page_ids_that_are_official_units
TH,0,5,78,77,0,1,0.987,5,82,77
JP,0,9,47,39,0,8,0.83,7,9,1
TR,0,7,81,10,0,71,0.123,1,7,0
VN,0,4,63,0,0,63,0.0,0,8,0
DZ,0,5,58,58,0,0,1.0,5,61,58
KE,0,5,47,0,0,47,0.0,0,0,0
IR,0,7,31,31,0,0,1.0,7,31,31
NG,0,6,37,37,0,0,1.0,6,37,37
CO,0,6,33,0,0,33,0.0,0,6,0
PE,0,10,26,2,0,24,0.077,2,10,2
PH,0,4,17,7,0,10,0.412,1,4,0
EG,0,6,27,0,0,27,0.0,0,0,0
MY,0,5,16,16,0,0,1.0,5,16,16
UA,0,4,27,25,0,2,0.926,4,25,25
TZ,0,6,31,0,0,31,0.0,0,6,0
CL,0,6,16,15,0,1,0.938,4,21,15
CH,0,10,26,19,0,7,0.731,8,74,20
AO,0,6,18,11,0,7,0.611,4,6,1
PG,0,9,22,5,0,17,0.227,3,13,6
IT,1,6,20,5,0,15,0.25,1,0,0
DE,1,5,16,0,0,16,0.0,0,0,0
