area_id,name,wikidata_id,natural_earth_id
abkhazia,Abkhazia,,
abu-musa,Abu Musa,,
abyei,Abyei Area,,
akrotiri-dhekelia,Akrotiri and Dhekelia Sovereign Base Areas,,
aksai-chin,Aksai Chin,,
al-fashaga,Al-Fashaga district,,
ankoko-island,Ankoko Island,,
antarctic-peninsula-overlap,Overlapping Antarctic claims 25°W-80°W,,
antarctica,Antarctica (Antarctic Treaty area south of 60°S),,
armistice-no-mans-lands,"1949 no-man's-lands (Latrun, Jerusalem) and Mount Scopus enclave",,
artsvashen,Artsvashen (Bashkend),,
arunachal-pradesh,Arunachal Pradesh,,
aves-island,Aves Island (Bird Island),,
azad-kashmir,Azad Jammu and Kashmir,,
azerbaijani-held-armenian-border-areas,Border heights inside Armenia held by Azerbaijan since 2021-2022,,
badme,Badme,,
baikonur,Baikonur Cosmodrome and city,,
baikonur-dalny-water-intake,"Baikonur lease: the 'Dalny' water intake (plot No. 2)",,
baikonur-kostanay-rescue-complex,"Baikonur lease: the search and rescue complex at Kostanay (plots No. 7 and 7a)",,
baikonur-saran-ip9,"Baikonur lease: tracking station IP-9 at Saran (plot No. 5)",,
baikonur-ust-kamenogorsk-fall-base,"Baikonur lease: the rocket-stage base at Ust-Kamenogorsk (plot No. 6)",,
baikonur-zhezkazgan-fall-base,"Baikonur lease: the rocket-stage base at Zhezkazgan (plot No. 3)",,
bajo-nuevo,Bajo Nuevo Bank,,1159320425
banc-du-geyser,Banc du Geyser,,
baqoura-ghamr,Baqoura (Naharayim) and Al-Ghamr (Tzofar),,
belize-guatemala-claim,Belize south of the Sibun River (and Belize as a whole),,
bender,Bender (Tighina),Q192176,
bhutan-china-north,"Jakarlung, Pasamlung and Beyul Khenpajong",,
bhutan-china-west,"Doklam, Dramana, Shakhatoe, Sinchulung and western Haa",,
bhutanese-enclaves-tibet,"Former Bhutanese enclaves in western Tibet (Darchen, Khochar and others)",,
bir-tawil,Bir Tawil,Q620634,1729635091
bosnia-serbia-drina,Sections along the Drina,,
bukit-jeli,Bukit Jeli (Kolok River headwaters),,
burkina-niger-border,Burkina Faso-Niger border sectors,,
caspian-islets-ukatny,"Ukatny, Zhestky and Maly Zhemchuzhny islands",,
ceuta,Ceuta,Q5823,1159320597
chagos,Chagos Archipelago (British Indian Ocean Territory),,
chile-peru-land-triangle,Land triangle at Punto Concordia,,
citrana-naktuka,Citrana Triangle (Naktuka) and other unresolved Oecusse segments,,
conejo-island,Conejo Island,,
congo-river-islands,Islands in the Congo River,,
crimea,Crimea and Sevastopol,,1159321217
croatia-serbia-danube-pockets,Danube east-bank pockets (Bačka) claimed by Croatia,,
cyprus-buffer-zone,UN Buffer Zone in Cyprus,Q116970,1159320511
david-gareja,David Gareja monastery complex (Keshikchidag),,
demchok,Demchok sector,,
diego-garcia,Diego Garcia base,,
doi-lang,Doi Lang,,
dokdo,Liancourt Rocks (Dokdo / Takeshima),Q20317,1159320995
donetsk-occupied,Russian-occupied Donetsk Oblast,,
doumeira,Ras Doumeira and Doumeira Island,,
dragonja,Dragonja left-bank hamlets and other Slovenia-Croatia segments,,
durand-line,Durand Line,,
east-jerusalem,East Jerusalem,,1746265961
eastern-ossetia-claim,"Truso Gorge, Ghuda Gorge and Kobi Plateau",,
essequibo,Guayana Esequiba (Guyana west of the Essequibo River),,
estonia-russia-border,Ivangorod (Jaanilinn) and Pechory district (Petserimaa),,
ethiopia-somalia-provisional-line,Ethiopia-Somalia provisional administrative line,,
falkland-islands,Falkland Islands (Malvinas),,
fasht-ad-dibal-qitat-jaradah,Fasht ad Dibal and Qit'at Jaradah,,
gaza-strip,Gaza Strip,,
gazakh-exclaves,"Barkhudarli, Sofulu and Yukhari Askipara",,
gazakh-four-villages,"Four non-enclave Gazakh villages (Baghanis Ayrum, Ashagi Askipara, Kheyrimli, Gizilhajili)",,
ghajar,Ghajar (northern part),,
gibraltar,Gibraltar,,1159320719
gilgit-baltistan,Gilgit-Baltistan,,
glorioso-islands,Glorioso Islands,,
golan-heights,Golan Heights,Q83210,1159320905
gornja-siga,Gornja Siga and other west-bank pockets,,
guantanamo-bay,Guantanamo Bay Naval Base,Q762570,1159320529
guinea-liberia-makona,"Guinea-Liberia border at the Makona River (Sorlumba, Foya District)",,
halaib-triangle,Hala'ib Triangle,,
hans-island,Hans Island (Tartupaluk),,1159320559
hatay,Hatay Province,,
heglig,Heglig (Panthou) oil field area,,
ilemi-triangle,Ilemi Triangle,,
imia-kardak,Imia / Kardak,,
india-bangladesh-enclaves,India-Bangladesh enclaves and adverse possessions,,
india-china-middle-sector,"Middle sector pockets (Chumar, Kaurik, Shipki La, Nelang-Jadhang, Barahoti, Lapthal, Pulam Sumda, Sang)",,
indian-jammu-kashmir-ladakh,Jammu and Kashmir and Ladakh (Indian-administered),,
isla-brasilera,Brazilian Island (Ilha Brasileira),,
isla-portillos,Isla Portillos / Isla Calero northern tip,,
isla-santa-rosa,Santa Rosa Island (Amazon River),,
isla-suarez,Isla Suárez (Ilha de Guajará-Mirim),,
islas-chafarinas,Chafarinas Islands,,
israeli-held-southern-syria,Israeli-held positions in southern Syria beyond the 1974 zone (incl. Mount Hermon summit),,
israeli-posts-south-lebanon,Israeli-held points in south Lebanon,,
junagadh,Junagadh and Manavadar,,
kafia-kingi,Kafia Kingi enclave,,
kalapani,"Kalapani, Lipulekh and Limpiyadhura",,
kangwane-ingwavuma,KaNgwane and Ingwavuma,,
karki,Karki (Tigranashen),,
kherson-occupied,Russian-occupied Kherson Oblast (left bank) and Kinburn Spit,,
kinmen-matsu,"Kinmen, Matsu and Wuqiu",,
klek-skolj,"Mali Školj, Veliki Školj and the tip of Klek",,
koalou,Koalou (Kourou) neutral zone,,
kokkina,Kokkina (Erenköy) exclave,,
korean-dmz,Korean Demilitarized Zone,,
kosovo,Kosovo,,1159321007
kosovo-montenegro-border,"Kosovo-Montenegro border (Čakor, Kula)",,
kostajnica-island,River island at Kostajnica (Zrinski castle),,
kpeaba,Kpéaba village area,,
kula-kangri,Kula Kangri area,,
kuril-islands,"Southern Kuril Islands (Iturup, Kunashir, Shikotan, Habomai)",,
kyrgyz-tajik-border,Kyrgyzstan-Tajikistan border (Batken-Isfara sectors),,
kyrgyz-uzbek-border,"Kyrgyzstan-Uzbekistan border (Kempir-Abad, Ungar-Too, Barak)",,
la-guera,La Güera and the western side of Ras Nouadhibou,,
ladakh-lac-buffer-zones,"Eastern Ladakh LAC friction areas (Depsang, Galwan, Pangong north bank, Gogra-Hot Springs)",,
lake-constance,Lake Constance (Obersee),,
lake-nyasa-islands,Islands in Mbamba Bay and eastern Lake Nyasa/Malawi,,
lawa-headwaters,Marouini-Litani area (Lawa headwaters),,
lebanon-syria-undelimited,Other unclear sections of the Lebanon-Syria boundary,,
libya-algeria-claim,South-eastern Algeria claimed on Libyan maps,,
libya-niger-tummo,Tummo region,,
logoba-moyo,Logoba / Moyo-Kajo Keji border area,,
luhansk-occupied,Russian-occupied Luhansk Oblast,,
lunkinda-pweto,Lunkinda (Lunchinda) - Pweto triangle near Chiengi,,
machias-seal-island,Machias Seal Island and North Rock,,
margherita-peak,Margherita Peak (Rwenzori),,
marie-byrd-land,Marie Byrd Land (90°W-150°W),,
matthew-hunter,Matthew and Hunter Islands,,
mayotte,Mayotte,,1159320659
mazraat-deir-al-ashayer,Mazraat Deir al-Ashayer,,
mbanie,"Mbanié, Cocotiers and Conga islands",,
mekong-islands,Islands in the Mekong,,
melilla,Melilla,Q5831,1159320599
migingo,Migingo Island and nearby Lake Victoria islets,,
minerva-reefs,Minerva Reefs,,
moldauhafen,Moldauhafen and Saalehafen (Hamburg),,
moldovan-held-left-bank,"Moldovan-controlled Dubăsari villages, Varnița and Copanca",,
mont-blanc-summit,"Mont Blanc summit area (Dôme du Goûter, Col du Géant)",,
moselle-condominium,"Germany-Luxembourg river condominium (Moselle, Sauer, Our)",,
nagorno-karabakh,Nagorno-Karabakh (former Republic of Artsakh),,
navassa,Navassa Island,,
nepal-china-humla,Humla border area (Limi/Lapcha),,
noktundo,Noktundo,,
north-korea-claimed-by-rok,North Korea (claimed by the Republic of Korea),,
northern-cyprus,Turkish Republic of Northern Cyprus,,1159320531
ntem-island,Island at the mouth of the Ntem River,,
okpara-villages,Villages near the Okpara River,,
olivenza,Olivenza and Táliga,,
orange-river-boundary,Orange River boundary,,
otangav,O'Tangav area,,
oyster-pond,Oyster Pond (Saint Martin),,
palanca-road,Odesa-Reni road section at Palanca,,
paracel-islands,Paracel Islands,,1159320477
pedra-branca,"Pedra Branca, Middle Rocks and South Ledge",,
penon-de-alhucemas,Peñón de Alhucemas and islets,,
penon-de-velez-de-la-gomera,Peñón de Vélez de la Gomera,,
perejil,Perejil (Leila) Island,,
pheasant-island,Pheasant Island,,
point-20,'Point 20' reclaimed land at Tuas,,
pratas,Pratas (Dongsha) Island,,
preah-vihear,Preah Vihear temple surroundings,,
prevlaka,Prevlaka peninsula,,
rincon-de-artigas,Rincón de Artigas (Arroyo de la Invernada) and Vila Albornoz,,
roc-legacy-claims,"Legacy claims of the Republic of China (mainland China, Mongolia, Tuva, Pamirs, northern Myanmar, parts of Bhutan, India, Russia and others)",,
rockall,Rockall,,
rukwanzi-semliki,Rukwanzi Island (Lake Albert) and Semliki River valley,,
russian-ranges-kazakhstan,Russian-leased military test ranges in Kazakhstan (Sary-Shagan and others),,
sabah,Eastern Sabah (North Borneo),,
sabanerwa,Sabanerwa and the Rufunzo Valley,,
sadr-free-zone,Western Sahara east of the berm (Free Zone),,
saimaa-canal,Saimaa Canal (Russian section),,
sakteng,Sakteng Wildlife Sanctuary,,
sapodilla-cayes,Sapodilla Cayes,,1159320435
sarengrad-vukovar-islands,Islands of Šarengrad and Vukovar,,
saudi-kuwait-neutral-zone,"Saudi-Kuwaiti neutral zone, Qaruh and Umm al Maradim",,
saudi-uae-border,"Saudi Arabia-UAE border (Khor al-Udaid corridor, Shaybah/Zararah area)",,
scarborough-shoal,Scarborough Shoal,Q628716,1159321227
scattered-islands-mozambique-channel,"Bassas da India, Europa Island, Juan de Nova Island",,
senkaku,Senkaku Islands (Diaoyu),,
serranilla,Serranilla Bank,,1159321245
shaksgam,Trans-Karakoram Tract (Shaksgam Valley),,
shebaa-farms,Shebaa Farms and Kfarchouba hills,,
siachen,Siachen Glacier and Saltoro Ridge,Q333946,1159320963
sindabezi,Sindabezi Island,,
sir-creek,Sir Creek,,
situngu,Situngu Island,,
somaliland,Somaliland,,1159321259
sool-sanaag-cayn,"Sool, Sanaag and Cayn (SSC-Khatumo / North Eastern State)",,
south-georgia-south-sandwich,South Georgia and the South Sandwich Islands,,
south-korea-claimed-by-dprk,South Korea (formerly claimed by North Korea),,
south-ossetia,South Ossetia,,
southern-patagonian-ice-field,Southern Patagonian Ice Field (Fitz Roy - Cerro Murallón section),,
spratly-islands,Spratly Islands,Q215664,1159321165
strovilia,Strovilia checkpoint area,,
sudan-south-sudan-other-border-areas,"14-Mile Area, Jodha, Kaka, Jebel Megeinis, Bebnis",,
suleyman-shah-tomb,Tomb of Suleyman Shah,,
susta,Susta,,
sutorina,Sutorina,,
svalbard,Svalbard,,
sveta-gera,Sveta Gera (Trdinov vrh) barracks,,
swains-island,Swains Island (Olohega),,
ta-muen-thom-emerald-triangle,"Other contested Thai-Cambodian border areas (Ta Muen Thom, Ta Krabey, Emerald Triangle/Chong Bok)",,
taiwan,Taiwan and Penghu,,
thai-lao-land-border-villages,"Ban Romklao and the three villages (Ban Mai, Ban Klang, Ban Sawang)",,
three-pagodas-pass,Three Pagodas Pass,,
tigri,New River Triangle (Tigri),,
tin-bigha,Tin Bigha Corridor (Dahagram-Angarpota access),,
tiran-sanafir,Tiran and Sanafir,,
tiwinza,Tiwinza,,
tort-kocho-road,Tort-Kocho road (Vorukh access),,
transnistria,Transnistria (including Bender),,
transnistria-security-zone,Dniester Security Zone,,
tromelin,Tromelin Island,,
tunbs,Greater and Lesser Tunb,,
undof-zone,UNDOF area of separation,,
varosha,Varosha (Maraş),,
wadi-halfa-salient,Wadi Halfa Salient,,
wake-island,Wake Island,,
west-bank,West Bank,,1159320903
western-sahara-moroccan-controlled,Western Sahara west of the berm,,
yalu-tumen-islands,Islands in the Yalu and Tumen rivers,,
yenga,Yenga,,
zaporizhzhia-occupied,Russian-occupied Zaporizhzhia Oblast,,
