source,key,label,context,status
wikipedia,Africa / Al-Fashaga District,Al-Fashaga District,Africa,mapped
wikipedia,"Africa / Abyei, Jordah, Kafia Kingi, Heglig, Bebnis, Jebel Megeinis and 14-mile area near Kiir river.","Abyei, Jordah, Kafia Kingi, Heglig, Bebnis, Jebel Megeinis and 14-mile area near Kiir river.",Africa,mapped
wikipedia,Africa / Banc du Geyser,Banc du Geyser,Africa,mapped
wikipedia,"Africa / Bassas da India, Europa Island and Juan de Nova Island","Bassas da India, Europa Island and Juan de Nova Island",Africa,mapped
wikipedia,"Africa / Ceuta, Melilla, and the plazas de soberanía","Ceuta, Melilla, and the plazas de soberanía",Africa,mapped
wikipedia,Africa / Chagos Archipelago,Chagos Archipelago,Africa,mapped
wikipedia,"Africa / Doumeira Mountain, Ras Doumeira and Doumeira Island","Doumeira Mountain, Ras Doumeira and Doumeira Island",Africa,mapped
wikipedia,Africa / Glorioso Islands,Glorioso Islands,Africa,mapped
wikipedia,Africa / Guinea–Liberia border,Guinea–Liberia border,Africa,unmapped
wikipedia,Africa / Hala'ib Triangle and Bir Tawil,Hala'ib Triangle and Bir Tawil,Africa,mapped
wikipedia,"Africa / Migingo Island and the vicinity of the islands of Lolwe, Oyasi, Remba, Ringiti and and the surrounding waters.","Migingo Island and the vicinity of the islands of Lolwe, Oyasi, Remba, Ringiti and and the surrounding waters.",Africa,mapped
wikipedia,Africa / Ilemi Triangle,Ilemi Triangle,Africa,mapped
wikipedia,Africa / KaNgwane and Ingwavuma,KaNgwane and Ingwavuma,Africa,mapped
wikipedia,Africa / Koalou village and surrounding area,Koalou village and surrounding area,Africa,mapped
wikipedia,Africa / Kpéaba village area (near Sipilou/Siquita),Kpéaba village area (near Sipilou/Siquita),Africa,mapped
wikipedia,Africa / Area near Logoba/Moyo District,Area near Logoba/Moyo District,Africa,mapped
wikipedia,"Africa / Area near Chiengi, Lunchinda-Pweto Province","Area near Chiengi, Lunchinda-Pweto Province",Africa,unmapped
wikipedia,Africa / Right bank of the Lunkinda River (near the village of Pweto),Right bank of the Lunkinda River (near the village of Pweto),Africa,mapped
wikipedia,Africa / Mayotte,Mayotte,Africa,mapped
wikipedia,Africa / Islands in Mbamba Bay and Lake Nyasa,Islands in Mbamba Bay and Lake Nyasa,Africa,mapped
wikipedia,Africa / Several islands in the Congo River,Several islands in the Congo River,Africa,mapped
wikipedia,Africa / An island in the Ntem River,An island in the Ntem River,Africa,unmapped
wikipedia,Africa / Several villages near the Okpara River,Several villages near the Okpara River,Africa,mapped
wikipedia,Africa / The Rufunzo Valley and Sabanerwa,The Rufunzo Valley and Sabanerwa,Africa,mapped
wikipedia,Africa / Rukwanzi Island and the Semliki River valley,Rukwanzi Island and the Semliki River valley,Africa,mapped
wikipedia,Africa / Margherita Peak in the Rwenzori mountains,Margherita Peak in the Rwenzori mountains,Africa,mapped
wikipedia,Africa / Sindabezi Island,Sindabezi Island,Africa,mapped
wikipedia,Africa / Tromelin Island,Tromelin Island,Africa,mapped
wikipedia,Africa / Wadi Halfa Salient,Wadi Halfa Salient,Africa,mapped
wikipedia,Africa / Namibia–South Africa border,Namibia–South Africa border,Africa,unmapped
wikipedia,Africa / Yenga,Yenga,Africa,mapped
wikipedia,North America / Bajo Nuevo Bank and Serranilla Bank,Bajo Nuevo Bank and Serranilla Bank,North America,mapped
wikipedia,North America / Conejo Island,Conejo Island,North America,mapped
wikipedia,North America / Navassa Island,Navassa Island,North America,mapped
wikipedia,North America / Sapodilla Cayes,Sapodilla Cayes,North America,mapped
wikipedia,North America / Entirety of Belize/half of Belize,Entirety of Belize/half of Belize,North America,unmapped
wikipedia,North America / Archipelago of Puerto Rico,Archipelago of Puerto Rico,North America,unmapped
wikipedia,North America / Machias Seal Island,Machias Seal Island,North America,mapped
wikipedia,North America / North Rock,North Rock,North America,unmapped
wikipedia,North America / Guantanamo Bay Naval Base,Guantanamo Bay Naval Base,North America,mapped
wikipedia,South America / Guyana west of the Essequibo River and Ankoko Island,Guyana west of the Essequibo River and Ankoko Island,South America,mapped
wikipedia,South America / Arroyo de la Invernada or Rincón de Artigas and Vila Albornoz,Arroyo de la Invernada or Rincón de Artigas and Vila Albornoz,South America,mapped
wikipedia,South America / Falkland Islands and South Georgia and the South Sandwich Islands,Falkland Islands and South Georgia and the South Sandwich Islands,South America,mapped
wikipedia,South America / French Guiana and Suriname involving the Maroni River,French Guiana and Suriname involving the Maroni River,South America,unmapped
wikipedia,South America / New River Triangle (Tigri Area) involving the Courantyne River and the New River,New River Triangle (Tigri Area) involving the Courantyne River and the New River,South America,mapped
wikipedia,South America / Isla Brasilera/Ilha Brasileira,Isla Brasilera/Ilha Brasileira,South America,unmapped
wikipedia,South America / Isla Suárez/Ilha de Guajará-mirim,Isla Suárez/Ilha de Guajará-mirim,South America,mapped
wikipedia,South America / Southern Patagonian Ice Field,Southern Patagonian Ice Field,South America,mapped
wikipedia,South America / Isla Santa Rosa,Isla Santa Rosa,South America,unmapped
wikipedia,Antarctica / Area between 25°W and 53°W,Area between 25°W and 53°W,Antarctica,unmapped
wikipedia,Antarctica / Area between 53°W and 74°W,Area between 53°W and 74°W,Antarctica,unmapped
wikipedia,Antarctica / Area between 74°W and 80°W,Area between 74°W and 80°W,Antarctica,unmapped
wikipedia,Asia / Mazraat Deir al-Ashayer,Mazraat Deir al-Ashayer,Asia,mapped
wikipedia,Asia / Abu Musa,Abu Musa,Asia,mapped
wikipedia,Asia / Greater and Lesser Tunbs,Greater and Lesser Tunbs,Asia,mapped
wikipedia,Asia / Bukit Jeli,Bukit Jeli,Asia,mapped
wikipedia,Asia / Azad Kashmir and Gilgit-Baltistan,Azad Kashmir and Gilgit-Baltistan,Asia,mapped
wikipedia,Asia / Jammu and Kashmir and Ladakh,Jammu and Kashmir and Ladakh,Asia,mapped
wikipedia,Asia / Junagadh and Manavadar,Junagadh and Manavadar,Asia,mapped
wikipedia,Asia / David Gareja monastery complex,David Gareja monastery complex,Asia,mapped
wikipedia,Asia / Doi Lang,Doi Lang,Asia,mapped
wikipedia,Asia / Fasht ad Dibal and Qit'at Jaradah,Fasht ad Dibal and Qit'at Jaradah,Asia,mapped
wikipedia,Asia / Several areas in the Fergana Valley,Several areas in the Fergana Valley,Asia,unmapped
wikipedia,Asia / Ambalat,Ambalat,Asia,unmapped
wikipedia,Asia / Golan Heights,Golan Heights,Asia,mapped
wikipedia,Asia / Shebaa Farms,Shebaa Farms,Asia,mapped
wikipedia,Asia / Israel within the Green Line,Israel within the Green Line,Asia,unmapped
wikipedia,Asia / West Bank and East Jerusalem,West Bank and East Jerusalem,Asia,mapped
wikipedia,"Asia / Kalapani territory, Susta territory, part of Kuthi Valley and Antudanda","Kalapani territory, Susta territory, part of Kuthi Valley and Antudanda",Asia,mapped
wikipedia,Asia / The exclave Artsvashen of the Gegharkunik province,The exclave Artsvashen of the Gegharkunik province,Asia,mapped
wikipedia,Asia / Karki exclave of the Nakhichevan Autonomous Republic,Karki exclave of the Nakhichevan Autonomous Republic,Asia,mapped
wikipedia,"Asia / The three exclaves Barkhudarli, Sofulu and Yukhari Askipara of the Qazax District","The three exclaves Barkhudarli, Sofulu and Yukhari Askipara of the Qazax District",Asia,mapped
wikipedia,Asia / North Korea,North Korea,Asia,mapped
wikipedia,Asia / Kuril Islands,Kuril Islands,Asia,unmapped
wikipedia,Asia / Dokdo/Takeshima,Dokdo/Takeshima,Asia,unmapped
wikipedia,Asia / Islands in the Mekong river,Islands in the Mekong river,Asia,mapped
wikipedia,Asia / Noktundo,Noktundo,Asia,mapped
wikipedia,"Asia / ""Point 20""; a small area of land reclaimed from the sea by Singapore","""Point 20""; a small area of land reclaimed from the sea by Singapore",Asia,unmapped
wikipedia,Asia / O'Tangav area (claimed as part of Stung Treng Province),O'Tangav area (claimed as part of Stung Treng Province),Asia,mapped
wikipedia,Asia / Preah Vihear and adjacent area,Preah Vihear and adjacent area,Asia,unmapped
wikipedia,Asia / Part of Sabah (North Borneo),Part of Sabah (North Borneo),Asia,unmapped
wikipedia,Asia / Saudi Arabia–United Arab Emirates border,Saudi Arabia–United Arab Emirates border,Asia,unmapped
wikipedia,Asia / Siachen Glacier and Saltoro Ridge area,Siachen Glacier and Saltoro Ridge area,Asia,mapped
wikipedia,Asia / Sir Creek,Sir Creek,Asia,mapped
wikipedia,Asia / Parts of Three Pagodas Pass,Parts of Three Pagodas Pass,Asia,mapped
wikipedia,"Asia / The islands of Ukatnyy, Zhestky and Malyy Zhemchuzhnyy","The islands of Ukatnyy, Zhestky and Malyy Zhemchuzhnyy",Asia,unmapped
wikipedia,Asia / Ungar-Too (Ungar-Tepa) mountain,Ungar-Too (Ungar-Tepa) mountain,Asia,unmapped
wikipedia,Asia / Citrana Triangle,Citrana Triangle,Asia,mapped
wikipedia,Europe / Crimea (including Sevastopol),Crimea (including Sevastopol),Europe,mapped
wikipedia,Europe / Donetsk Oblast,Donetsk Oblast,Europe,unmapped
wikipedia,Europe / Kherson Oblast,Kherson Oblast,Europe,unmapped
wikipedia,Europe / Luhansk Oblast,Luhansk Oblast,Europe,unmapped
wikipedia,Europe / Zaporizhzhia Oblast,Zaporizhzhia Oblast,Europe,unmapped
wikipedia,Europe / Ivangorod/Jaanilinn and Pechorsky District/Petserimaa,Ivangorod/Jaanilinn and Pechorsky District/Petserimaa,Europe,mapped
wikipedia,Europe / Imia/Kardak,Imia/Kardak,Europe,unmapped
wikipedia,Europe / Akrotiri and Dhekelia,Akrotiri and Dhekelia,Europe,mapped
wikipedia,Europe / Mont Blanc summit,Mont Blanc summit,Europe,unmapped
wikipedia,Europe / Gibraltar,Gibraltar,Europe,mapped
wikipedia,Europe / Rockall Bank,Rockall Bank,Europe,mapped
wikipedia,Europe / Olivenza and Villareal (including the Municipality of Táliga),Olivenza and Villareal (including the Municipality of Táliga),Europe,mapped
wikipedia,Europe / Sections of Croatia-Serbia border,Sections of Croatia-Serbia border,Europe,unmapped
wikipedia,Europe / Island of Šarengrad,Island of Šarengrad,Europe,unmapped
wikipedia,Europe / Island of Vukovar,Island of Vukovar,Europe,unmapped
wikipedia,Europe / Military complex near Sveta Gera,Military complex near Sveta Gera,Europe,mapped
wikipedia,Europe / Sections along the Drina river,Sections along the Drina river,Europe,mapped
wikipedia,"Europe / Mali Školj, Veliki Školj and the tip of the Klek peninsula","Mali Školj, Veliki Školj and the tip of the Klek peninsula",Europe,mapped
wikipedia,Europe / River island between Hrvatska Kostajnica and Kostajnica,River island between Hrvatska Kostajnica and Kostajnica,Europe,unmapped
wikipedia,Europe / Prevlaka,Prevlaka,Europe,unmapped
wikipedia,Europe / An area on the Dragonja River,An area on the Dragonja River,Europe,unmapped
wikipedia,Europe / Areas along the border between Kosovo and Montenegro,Areas along the border between Kosovo and Montenegro,Europe,mapped
wikipedia,Oceania / Matthew Island and Hunter Island,Matthew Island and Hunter Island,Oceania,mapped
wikipedia,Oceania / Minerva Reefs,Minerva Reefs,Oceania,mapped
wikipedia,Oceania / Swains Island,Swains Island,Oceania,mapped
wikipedia,Oceania / Wake Island,Wake Island,Oceania,mapped
wikipedia,Ongoing disputes involving the Republic of China / Abagaitu Islet,Abagaitu Islet,Ongoing disputes involving the Republic of China,unmapped
wikipedia,Ongoing disputes involving the Republic of China / Aksai Chin and Depsang Plains,Aksai Chin and Depsang Plains,Ongoing disputes involving the Republic of China,mapped
wikipedia,Ongoing disputes involving the Republic of China / Arunachal Pradesh,Arunachal Pradesh,Ongoing disputes involving the Republic of China,mapped
wikipedia,Ongoing disputes involving the Republic of China / Bạch Long Vĩ Island,Bạch Long Vĩ Island,Ongoing disputes involving the Republic of China,unmapped
wikipedia,Ongoing disputes involving the Republic of China / Chinese side of Baekdu Mountain,Chinese side of Baekdu Mountain,Ongoing disputes involving the Republic of China,unmapped
wikipedia,Ongoing disputes involving the Republic of China / Korean side of Baekdu Mountain,Korean side of Baekdu Mountain,Ongoing disputes involving the Republic of China,unmapped
wikipedia,"Ongoing disputes involving the Republic of China / Beyul Khenpajong, the Menchuma Valley, and Chagdzom","Beyul Khenpajong, the Menchuma Valley, and Chagdzom",Ongoing disputes involving the Republic of China,unmapped
wikipedia,Ongoing disputes involving the Republic of China / Eastern part of Bhutan,Eastern part of Bhutan,Ongoing disputes involving the Republic of China,unmapped
wikipedia,"Ongoing disputes involving the Republic of China / Bhutanese exclaves in western Tibet, namely Cherkip Gompa, Dho, Dungmar, Gesur, Gezon, Itse Gompa, Khochar, Nyanri, Ringung, Sanmar, Darchen, Doklam,","Bhutanese exclaves in western Tibet, namely Cherkip Gompa, Dho, Dungmar, Gesur, Gezon, Itse Gompa, Khochar, Nyanri, Ringung, Sanmar, Darchen, Doklam, and Zuthulphuk",Ongoing disputes involving the Republic of China,mapped
wikipedia,Ongoing disputes involving the Republic of China / Demchok sector / Parigas region,Demchok sector / Parigas region,Ongoing disputes involving the Republic of China,mapped
wikipedia,"Ongoing disputes involving the Republic of China / Chumar, Gue, Kaurik, Shipki La, Tashigang, Barahoti, Lapthal, Jadhang, Nelang, Pulam Sumda and Sang","Chumar, Gue, Kaurik, Shipki La, Tashigang, Barahoti, Lapthal, Jadhang, Nelang, Pulam Sumda and Sang",Ongoing disputes involving the Republic of China,unmapped
wikipedia,Ongoing disputes involving the Republic of China / of territory surrounding the Siachen Glacier in Gilgit-Baltistan,of territory surrounding the Siachen Glacier in Gilgit-Baltistan,Ongoing disputes involving the Republic of China,mapped
wikipedia,Ongoing disputes involving the Republic of China / James Shoal,James Shoal,Ongoing disputes involving the Republic of China,unmapped
wikipedia,"Ongoing disputes involving the Republic of China / Mainland China, Hong Kong, Macau, western half of Heixiazi, and Macclesfield Bank","Mainland China, Hong Kong, Macau, western half of Heixiazi, and Macclesfield Bank",Ongoing disputes involving the Republic of China,unmapped
wikipedia,Ongoing disputes involving the Republic of China / Heixiazi / Bolshoy Ussuriysky Island(eastern half),Heixiazi / Bolshoy Ussuriysky Island(eastern half),Ongoing disputes involving the Republic of China,unmapped
wikipedia,Ongoing disputes involving the Republic of China / Jiangxinpo,Jiangxinpo,Ongoing disputes involving the Republic of China,unmapped
wikipedia,Ongoing disputes involving the Republic of China / 537&nbsp;km2 of territory on the China–Kazakhstan border,537&nbsp;km2 of territory on the China–Kazakhstan border,Ongoing disputes involving the Republic of China,unmapped
wikipedia,"Ongoing disputes involving the Republic of China / Khan Tengri peak, the Boz-Tik site, the Bedel pass, and the Erkeshtam pass","Khan Tengri peak, the Boz-Tik site, the Bedel pass, and the Erkeshtam pass",Ongoing disputes involving the Republic of China,unmapped
wikipedia,"Ongoing disputes involving the Republic of China / Kinmen, Matsu, Pratas Island, and the Vereker Banks","Kinmen, Matsu, Pratas Island, and the Vereker Banks",Ongoing disputes involving the Republic of China,mapped
wikipedia,"Ongoing disputes involving the Republic of China / Kula Kangri and mountainous areas to the west of this peak, plus the western Haa District of Bhutan","Kula Kangri and mountainous areas to the west of this peak, plus the western Haa District of Bhutan",Ongoing disputes involving the Republic of China,unmapped
wikipedia,Ongoing disputes involving the Republic of China / Kutuzov Island,Kutuzov Island,Ongoing disputes involving the Republic of China,unmapped
wikipedia,Ongoing disputes involving the Republic of China / Namwan Assigned Tract,Namwan Assigned Tract,Ongoing disputes involving the Republic of China,unmapped
wikipedia,Ongoing disputes involving the Republic of China / Outer Mongolia,Outer Mongolia,Ongoing disputes involving the Republic of China,unmapped
wikipedia,Ongoing disputes involving the Republic of China / Pamir Mountains,Pamir Mountains,Ongoing disputes involving the Republic of China,unmapped
wikipedia,Ongoing disputes involving the Republic of China / Paracel Islands,Paracel Islands,Ongoing disputes involving the Republic of China,mapped
wikipedia,"Ongoing disputes involving the Republic of China / Rasu, Kimathanka, Nara Pass, Tingribode, and Mount Everest","Rasu, Kimathanka, Nara Pass, Tingribode, and Mount Everest",Ongoing disputes involving the Republic of China,unmapped
wikipedia,Ongoing disputes involving the Republic of China / Scarborough Shoal,Scarborough Shoal,Ongoing disputes involving the Republic of China,mapped
wikipedia,Ongoing disputes involving the Republic of China / Sakteng Wildlife Sanctuary,Sakteng Wildlife Sanctuary,Ongoing disputes involving the Republic of China,mapped
wikipedia,Ongoing disputes involving the Republic of China / Senkaku Islands (Diaoyu Tai or Diaoyu Dao),Senkaku Islands (Diaoyu Tai or Diaoyu Dao),Ongoing disputes involving the Republic of China,mapped
wikipedia,Ongoing disputes involving the Republic of China / Sixty-Four Villages East of the River,Sixty-Four Villages East of the River,Ongoing disputes involving the Republic of China,unmapped
wikipedia,Ongoing disputes involving the Republic of China / Spratly Islands,Spratly Islands,Ongoing disputes involving the Republic of China,mapped
wikipedia,Ongoing disputes involving the Republic of China / Taiwan and Penghu,Taiwan and Penghu,Ongoing disputes involving the Republic of China,mapped
wikipedia,"Ongoing disputes involving the Republic of China / Trans-Karakoram Tract, including Shaksgam Valley","Trans-Karakoram Tract, including Shaksgam Valley",Ongoing disputes involving the Republic of China,mapped
wikipedia,Ongoing disputes involving the Republic of China / Tannu Uriankhai,Tannu Uriankhai,Ongoing disputes involving the Republic of China,unmapped
wikipedia,Ongoing disputes involving the Republic of China / Islands in the Tumen River,Islands in the Tumen River,Ongoing disputes involving the Republic of China,unmapped
wikipedia,Ongoing disputes involving the Republic of China / Tumen River mouth,Tumen River mouth,Ongoing disputes involving the Republic of China,unmapped
wikipedia,Ongoing disputes involving the Republic of China / Eastern part of Wakhan Corridor,Eastern part of Wakhan Corridor,Ongoing disputes involving the Republic of China,unmapped
wikipedia,Ongoing disputes involving the Republic of China / Island in the Yalu River,Island in the Yalu River,Ongoing disputes involving the Republic of China,unmapped
wikipedia,Ongoing disputes involving other states with limited international recognition / Abkhazia,Abkhazia,Ongoing disputes involving other states with limited international recognition,mapped
wikipedia,"Ongoing disputes involving other states with limited international recognition / Eastern Ossetia (Truso Gorge, Ghuda Gorge, Kobi Plateau)","Eastern Ossetia (Truso Gorge, Ghuda Gorge, Kobi Plateau)",Ongoing disputes involving other states with limited international recognition,mapped
wikipedia,Ongoing disputes involving other states with limited international recognition / Northern Cyprus,Northern Cyprus,Ongoing disputes involving other states with limited international recognition,unmapped
wikipedia,Ongoing disputes involving other states with limited international recognition / Moldovan-controlled area of Dubăsari district,Moldovan-controlled area of Dubăsari district,Ongoing disputes involving other states with limited international recognition,unmapped
wikipedia,Ongoing disputes involving other states with limited international recognition / Kokkina/Erenköy exclave,Kokkina/Erenköy exclave,Ongoing disputes involving other states with limited international recognition,mapped
wikipedia,Ongoing disputes involving other states with limited international recognition / Kosovo,Kosovo,Ongoing disputes involving other states with limited international recognition,mapped
wikipedia,Ongoing disputes involving other states with limited international recognition / South Ossetia,South Ossetia,Ongoing disputes involving other states with limited international recognition,mapped
wikipedia,Ongoing disputes involving other states with limited international recognition / Border checkpoint near Strovilia,Border checkpoint near Strovilia,Ongoing disputes involving other states with limited international recognition,unmapped
wikipedia,Ongoing disputes involving other states with limited international recognition / Somaliland,Somaliland,Ongoing disputes involving other states with limited international recognition,mapped
wikipedia,"Ongoing disputes involving other states with limited international recognition / Provinces of Sool, Sanaag and Cayn of Togdheer region","Provinces of Sool, Sanaag and Cayn of Togdheer region",Ongoing disputes involving other states with limited international recognition,unmapped
wikipedia,Ongoing disputes involving other states with limited international recognition / Transnistria (including Bender),Transnistria (including Bender),Ongoing disputes involving other states with limited international recognition,mapped
wikipedia,Ongoing disputes involving other states with limited international recognition / Varnita and Copanca,Varnita and Copanca,Ongoing disputes involving other states with limited international recognition,unmapped
wikipedia,Ongoing disputes involving other states with limited international recognition / Western Sahara,Western Sahara,Ongoing disputes involving other states with limited international recognition,unmapped
natural_earth,1159320385,Azerbaijan,Self admin.; Claimed by Azer.,unmapped
natural_earth,1159320425,Bajo Nuevo Bank,"Claimed by Colombia, Jamaica, Nicaragua and the United States",mapped
natural_earth,1159320433,Belize,Disputed,unmapped
natural_earth,1159320435,Sapodilla Cayes,Admin. by Belize; Claimed by Honduras and Guatemala,mapped
natural_earth,1159320443,Corner of Artigas,Admin. by Brazil; Claimed by Uruguay,unmapped
natural_earth,1159320455,Bhutan,Admin. by Bhutan; Claimed by China,unmapped
natural_earth,1159320457,Bhutan,Admin. by Bhutan; Claimed by China,unmapped
natural_earth,1159320477,Paracel Is.,Admin. by China; Claimed by Vietnam and Taiwan,mapped
natural_earth,1159320485,China,Admin. by China; Ceded to China by Pakistan; Claimed by India,unmapped
natural_earth,1159320487,China,Admin. by China; Claimed by India,unmapped
natural_earth,1159320511,Cyprus U.N. Buffer Zone,Indeterminate,mapped
natural_earth,1159320529,USNB Guantanamo Bay,Leased to U.S.A. by Cuba; Claimed by Cuba,mapped
natural_earth,1159320531,N. Cyprus,Self admin.; Claimed by Cyprus,mapped
natural_earth,1159320559,Greenland,Admin. by Denmark; Claimed by Canada,mapped
natural_earth,1159320577,Tiran and Sanafir Is.,Admin. by Egypt; Claimed by Saudi Arabia,unmapped
natural_earth,1159320583,Doumera I.,Admin. By Eritrea; Claimed by Djibouti,unmapped
natural_earth,1159320597,Ceuta,Geo subunit,mapped
natural_earth,1159320599,Melilla,Geo subunit,mapped
natural_earth,1159320601,Spain,Admin. by Spain; Claimed by Morocco,unmapped
natural_earth,1159320603,Spain,Admin. by Spain; Claimed by Morocco,unmapped
natural_earth,1159320605,Spain,Admin. by Spain; Claimed by Morocco,unmapped
natural_earth,1159320607,Spain,Admin. by Spain; Claimed by Morocco,unmapped
natural_earth,1159320611,Spain,Admin. by Spain; Claimed by Portugal,unmapped
natural_earth,1159320659,Mayotte,Admin. by France; Claimed by Comoros,mapped
natural_earth,1159320665,Bassas da India,Admin. by France; Claimed by Madagascar,unmapped
natural_earth,1159320667,Europa Island,Admin. by France; Claimed by Madagascar,unmapped
natural_earth,1159320675,Glorioso Is.,Admin. by France; Claimed by Madagascar,unmapped
natural_earth,1159320677,Juan De Nova I.,Admin. by France; Claimed by Madagascar,unmapped
natural_earth,1159320679,Tromelin I.,Admin. by France; Claimed by Mauritius and the Seychelles,unmapped
natural_earth,1159320683,Fr. Guiana,Admin. by France; Claimed by Suriname,unmapped
natural_earth,1159320687,New Caledonia,Admin. by New Caledonia for France; Claimed by Vanuatu,unmapped
natural_earth,1159320695,Gabon,Admin by Gabon; Claimed by Equatorial Guinea,unmapped
natural_earth,1159320711,Falkland Is.,Admin. by U.K.; Claimed by Argentina,unmapped
natural_earth,1159320719,Gibraltar,Admin. By U.K.; Claimed by Spain,mapped
natural_earth,1159320723,Br. Indian Ocean Ter.,Admin. by U.K.; Claimed by Mauritius and Seychelles,unmapped
natural_earth,1159320763,Diego Garcia NSF,Leased to U.S.A by U.K.; Claimed by Mauritius and Seychelles,unmapped
natural_earth,1159320765,S. Georgia,Admin. by U.K.; Claimed by Argentina,unmapped
natural_earth,1159320767,S. Sandwich Is.,Admin. by U.K.; Claimed by Argentina,unmapped
natural_earth,1159320775,Scotland,"Admin by U.K.; Claimed by Ireland, Denmark, and Iceland",unmapped
natural_earth,1159320785,Georgia,Self admin.; Claimed by Georgia,unmapped
natural_earth,1159320787,Georgia,Self admin.; Claimed by Georgia,unmapped
natural_earth,1159320819,Guyana,Admin. by Guyana; Claimed by Suriname,unmapped
natural_earth,1159320821,Guyana,Admin. by Guyana; Claimed by Venezuela,unmapped
natural_earth,1159320835,Dragonja River,Disputed,unmapped
natural_earth,1159320857,India,Admin. by India; Claimed by China,unmapped
natural_earth,1159320859,India,Admin. by India; Claimed by China,unmapped
natural_earth,1159320863,India,Admin. by India; Claimed by China,unmapped
natural_earth,1159320865,India,Admin. by India; Claimed by China,unmapped
natural_earth,1159320867,India,Admin. by India; Claimed by China,unmapped
natural_earth,1159320869,India,Admin. by India; Claimed by Pakistan,unmapped
natural_earth,1159320873,India,Admin. by India; Claimed by Nepal,unmapped
natural_earth,1159320883,Iran,Admin. by Iran; Claimed by UAE,unmapped
natural_earth,1159320901,Gaza,Disputed,unmapped
natural_earth,1159320903,West Bank,Disputed,mapped
natural_earth,1159320905,Golan Heights,Admin. By Israel; Claimed by Syria,mapped
natural_earth,1159320907,Shebaa Farms,Admin. By Israel; Claimed by Lebanon,unmapped
natural_earth,1159320909,No Man's Land (Fort Latrun),Admin. By Israel; Claimed by Palestine,unmapped
natural_earth,1159320911,No Man's Land (Jerusalem),Admin. By Israel; Claimed by Palestine,unmapped
natural_earth,1159320913,Israel,Disputed,unmapped
natural_earth,1159320959,Nansei-shoto,Admin. by Japan; Claimed by China and Taiwan,unmapped
natural_earth,1159320963,Siachen Glacier,Claimed by Pakistan and India,mapped
natural_earth,1159320965,Baikonur,Leased to Russia by Kazakhstan,unmapped
natural_earth,1159320973,Kenya,Admin. by Kenya; Claimed by South Sudan,unmapped
natural_earth,1159320989,Korean islands under UN jurisdiction,"Since 1953 islands south of maritime Northern Limit Line, patrolled by South Korea including Yeonpyeong, Baengnyeong, and Daecheong Is.",unmapped
natural_earth,1159320991,Korean DMZ (south),"Since 1953 a 2 km buffer south of the military demarcation line, patrolled by South Korea",unmapped
natural_earth,1159320995,Dokdo,Admin. by South Korea; Claimed by Japan,mapped
natural_earth,1159321007,Kosovo,Disputed,mapped
natural_earth,1159321037,Morocco,Admin. by Morocco; Claimed by Western Sahara,unmapped
natural_earth,1159321047,Moldova,Self admin.; Claimed by Moldova,unmapped
natural_earth,1159321155,Pakistan,Admin. by Pakistan; Claimed by India,unmapped
natural_earth,1159321157,Pakistan,Admin. by Pakistan; Claimed by India,unmapped
natural_earth,1159321165,Spratly Is.,"Claimed by China, Taiwan, Malaysia, the Philippines, and Brunei",mapped
natural_earth,1159321183,Korean DMZ (north),"Since 1953 a 2 km buffer north of the military demarcation line, patrolled by North Korea",unmapped
natural_earth,1159321213,Russia,Admin. by Russia; Claimed by Japan,unmapped
natural_earth,1159321217,Crimea,Admin. by Russia; Claimed by Ukraine,mapped
natural_earth,1159321223,W. Sahara,Self admin.; Claimed by Morocco,unmapped
natural_earth,1159321227,Scarborough Reef,Indeterminate,mapped
natural_earth,1159321231,Sudan,Admin. by Sudan; Claimed by South Sudan,unmapped
natural_earth,1159321237,S. Sudan,Disputed,unmapped
natural_earth,1159321245,Serranilla Bank,"Claimed by Colombia, Honduras, Nicaragua, and the United States",mapped
natural_earth,1159321259,Somaliland,Self admin.; Claimed by Somalia,mapped
natural_earth,1159321297,UNDOF Zone,UN Patrolled Zone in Syria,unmapped
natural_earth,1159321335,Taiwan,Self admin.; Claimed by China,unmapped
natural_earth,1159321373,Navassa I.,Admin. by U.S.A.; Claimed by Haiti,unmapped
natural_earth,1159321391,Wake Atoll,Admin. by U.S.A.; Claimed by Marshall Islands,unmapped
natural_earth,1159321403,American Samoa,Admin. by American Samoa for U.S.A.; Claimed by Tokelau,unmapped
natural_earth,1159321413,Venezuela,Admin. by Venezuela; Claimed by multiple,unmapped
natural_earth,1729632181,Brazilian I.,Claimed by Brazil and Uruguay,unmapped
natural_earth,1729635091,Bir Tawil,Between Egypt and Sudan,mapped
natural_earth,1729635095,Halayib Triangle,Admin. by Egypt; Claimed by Sudan,unmapped
natural_earth,1729635103,Vojvodina,Disputed,unmapped
natural_earth,1729635105,Vojvodina,Disputed,unmapped
natural_earth,1729635141,Southern Patagonian Ice Field,Claimed by Chile and Argentina; under survey,unmapped
natural_earth,1746265961,East Jerusalem,Admin. By Israel; Claimed by Palestine,mapped
natural_earth,1746265963,Mount Scopus,Admin. By Israel; Claimed by Palestine,unmapped
natural_earth,1746598035,India,Admin. by India; Claimed by Pakistan,unmapped
natural_earth,1763286545,Ukraine,Self admin.; Claimed by Ukraine,unmapped
natural_earth,1763286547,Ukraine,Self admin.; Claimed by Ukraine,unmapped
natural_earth,1763510959,Malaysia,Breakaway,unmapped
