source,key,area_ids,reason
wikipedia,Africa / Al-Fashaga District,al-fashaga,prefill by name match; to be reviewed
wikipedia,"Africa / Abyei, Jordah, Kafia Kingi, Heglig, Bebnis, Jebel Megeinis and 14-mile area near Kiir river.",heglig sudan-south-sudan-other-border-areas,prefill by name match; to be reviewed
wikipedia,Africa / Banc du Geyser,banc-du-geyser,prefill by name match; to be reviewed
wikipedia,"Africa / Bassas da India, Europa Island and Juan de Nova Island",scattered-islands-mozambique-channel,prefill by name match; to be reviewed
wikipedia,"Africa / Ceuta, Melilla, and the plazas de soberanía",ceuta melilla,prefill by name match; to be reviewed
wikipedia,Africa / Chagos Archipelago,chagos,prefill by name match; to be reviewed
wikipedia,"Africa / Doumeira Mountain, Ras Doumeira and Doumeira Island",doumeira,prefill by name match; to be reviewed
wikipedia,Africa / Glorioso Islands,glorioso-islands,prefill by name match; to be reviewed
wikipedia,Africa / Hala'ib Triangle and Bir Tawil,bir-tawil halaib-triangle,prefill by name match; to be reviewed
wikipedia,"Africa / Migingo Island and the vicinity of the islands of Lolwe, Oyasi, Remba, Ringiti and and the surrounding waters.",migingo,prefill by name match; to be reviewed
wikipedia,Africa / Ilemi Triangle,ilemi-triangle,prefill by name match; to be reviewed
wikipedia,Africa / KaNgwane and Ingwavuma,kangwane-ingwavuma,prefill by name match; to be reviewed
wikipedia,Africa / Koalou village and surrounding area,koalou,prefill by name match; to be reviewed
wikipedia,Africa / Kpéaba village area (near Sipilou/Siquita),kpeaba,prefill by name match; to be reviewed
wikipedia,Africa / Area near Logoba/Moyo District,logoba-moyo,prefill by name match; to be reviewed
wikipedia,Africa / Right bank of the Lunkinda River (near the village of Pweto),lunkinda-pweto,prefill by name match; to be reviewed
wikipedia,Africa / Mayotte,mayotte,prefill by name match; to be reviewed
wikipedia,Africa / Islands in Mbamba Bay and Lake Nyasa,lake-nyasa-islands,prefill by name match; to be reviewed
wikipedia,Africa / Several islands in the Congo River,congo-river-islands,prefill by name match; to be reviewed
wikipedia,Africa / Several villages near the Okpara River,okpara-villages,prefill by name match; to be reviewed
wikipedia,Africa / The Rufunzo Valley and Sabanerwa,sabanerwa,prefill by name match; to be reviewed
wikipedia,Africa / Rukwanzi Island and the Semliki River valley,rukwanzi-semliki,prefill by name match; to be reviewed
wikipedia,Africa / Margherita Peak in the Rwenzori mountains,margherita-peak,prefill by name match; to be reviewed
wikipedia,Africa / Sindabezi Island,sindabezi,prefill by name match; to be reviewed
wikipedia,Africa / Tromelin Island,tromelin,prefill by name match; to be reviewed
wikipedia,Africa / Wadi Halfa Salient,wadi-halfa-salient,prefill by name match; to be reviewed
wikipedia,Africa / Yenga,yenga,prefill by name match; to be reviewed
wikipedia,North America / Bajo Nuevo Bank and Serranilla Bank,bajo-nuevo serranilla,prefill by name match; to be reviewed
wikipedia,North America / Conejo Island,conejo-island,prefill by name match; to be reviewed
wikipedia,North America / Navassa Island,navassa,prefill by name match; to be reviewed
wikipedia,North America / Sapodilla Cayes,sapodilla-cayes,prefill by name match; to be reviewed
wikipedia,North America / Machias Seal Island,machias-seal-island,prefill by name match; to be reviewed
wikipedia,North America / Guantanamo Bay Naval Base,guantanamo-bay,prefill by name match; to be reviewed
wikipedia,South America / Guyana west of the Essequibo River and Ankoko Island,ankoko-island,prefill by name match; to be reviewed
wikipedia,South America / Arroyo de la Invernada or Rincón de Artigas and Vila Albornoz,rincon-de-artigas,prefill by name match; to be reviewed
wikipedia,South America / Falkland Islands and South Georgia and the South Sandwich Islands,falkland-islands south-georgia-south-sandwich,prefill by name match; to be reviewed
wikipedia,South America / New River Triangle (Tigri Area) involving the Courantyne River and the New River,tigri,prefill by name match; to be reviewed
wikipedia,South America / Isla Suárez/Ilha de Guajará-mirim,isla-suarez,prefill by name match; to be reviewed
wikipedia,South America / Southern Patagonian Ice Field,southern-patagonian-ice-field,prefill by name match; to be reviewed
wikipedia,Asia / Mazraat Deir al-Ashayer,mazraat-deir-al-ashayer,prefill by name match; to be reviewed
wikipedia,Asia / Abu Musa,abu-musa,prefill by name match; to be reviewed
wikipedia,Asia / Greater and Lesser Tunbs,tunbs,prefill by name match; to be reviewed
wikipedia,Asia / Bukit Jeli,bukit-jeli,prefill by name match; to be reviewed
wikipedia,Asia / Azad Kashmir and Gilgit-Baltistan,gilgit-baltistan,prefill by name match; to be reviewed
wikipedia,Asia / Jammu and Kashmir and Ladakh,indian-jammu-kashmir-ladakh,prefill by name match; to be reviewed
wikipedia,Asia / Junagadh and Manavadar,junagadh,prefill by name match; to be reviewed
wikipedia,Asia / David Gareja monastery complex,david-gareja,prefill by name match; to be reviewed
wikipedia,Asia / Doi Lang,doi-lang,prefill by name match; to be reviewed
wikipedia,Asia / Fasht ad Dibal and Qit'at Jaradah,fasht-ad-dibal-qitat-jaradah,prefill by name match; to be reviewed
wikipedia,Asia / Golan Heights,golan-heights,prefill by name match; to be reviewed
wikipedia,Asia / Shebaa Farms,shebaa-farms,prefill by name match; to be reviewed
wikipedia,Asia / West Bank and East Jerusalem,east-jerusalem west-bank,prefill by name match; to be reviewed
wikipedia,"Asia / Kalapani territory, Susta territory, part of Kuthi Valley and Antudanda",kalapani susta,prefill by name match; to be reviewed
wikipedia,Asia / The exclave Artsvashen of the Gegharkunik province,artsvashen,prefill by name match; to be reviewed
wikipedia,Asia / Karki exclave of the Nakhichevan Autonomous Republic,karki,prefill by name match; to be reviewed
wikipedia,"Asia / The three exclaves Barkhudarli, Sofulu and Yukhari Askipara of the Qazax District",gazakh-exclaves,prefill by name match; to be reviewed
wikipedia,Asia / North Korea,north-korea-claimed-by-rok,prefill by name match; to be reviewed
wikipedia,Asia / Islands in the Mekong river,mekong-islands,prefill by name match; to be reviewed
wikipedia,Asia / Noktundo,noktundo,prefill by name match; to be reviewed
wikipedia,Asia / O'Tangav area (claimed as part of Stung Treng Province),otangav,prefill by name match; to be reviewed
wikipedia,Asia / Siachen Glacier and Saltoro Ridge area,siachen,prefill by name match; to be reviewed
wikipedia,Asia / Sir Creek,sir-creek,prefill by name match; to be reviewed
wikipedia,Asia / Parts of Three Pagodas Pass,three-pagodas-pass,prefill by name match; to be reviewed
wikipedia,Asia / Citrana Triangle,citrana-naktuka,prefill by name match; to be reviewed
wikipedia,Europe / Crimea (including Sevastopol),crimea,prefill by name match; to be reviewed
wikipedia,Europe / Ivangorod/Jaanilinn and Pechorsky District/Petserimaa,estonia-russia-border,prefill by name match; to be reviewed
wikipedia,Europe / Akrotiri and Dhekelia,akrotiri-dhekelia,prefill by name match; to be reviewed
wikipedia,Europe / Gibraltar,gibraltar,prefill by name match; to be reviewed
wikipedia,Europe / Rockall Bank,rockall,prefill by name match; to be reviewed
wikipedia,Europe / Olivenza and Villareal (including the Municipality of Táliga),olivenza,prefill by name match; to be reviewed
wikipedia,Europe / Military complex near Sveta Gera,sveta-gera,prefill by name match; to be reviewed
wikipedia,Europe / Sections along the Drina river,bosnia-serbia-drina,prefill by name match; to be reviewed
wikipedia,"Europe / Mali Školj, Veliki Školj and the tip of the Klek peninsula",klek-skolj,prefill by name match; to be reviewed
wikipedia,Europe / Areas along the border between Kosovo and Montenegro,kosovo,prefill by name match; to be reviewed
wikipedia,Oceania / Matthew Island and Hunter Island,matthew-hunter,prefill by name match; to be reviewed
wikipedia,Oceania / Minerva Reefs,minerva-reefs,prefill by name match; to be reviewed
wikipedia,Oceania / Swains Island,swains-island,prefill by name match; to be reviewed
wikipedia,Oceania / Wake Island,wake-island,prefill by name match; to be reviewed
wikipedia,Ongoing disputes involving the Republic of China / Aksai Chin and Depsang Plains,aksai-chin,prefill by name match; to be reviewed
wikipedia,Ongoing disputes involving the Republic of China / Arunachal Pradesh,arunachal-pradesh,prefill by name match; to be reviewed
wikipedia,"Ongoing disputes involving the Republic of China / Bhutanese exclaves in western Tibet, namely Cherkip Gompa, Dho, Dungmar, Gesur, Gezon, Itse Gompa, Khochar, Nyanri, Ringung, Sanmar, Darchen, Doklam,",bhutan-china-west,prefill by name match; to be reviewed
wikipedia,Ongoing disputes involving the Republic of China / Demchok sector / Parigas region,demchok,prefill by name match; to be reviewed
wikipedia,Ongoing disputes involving the Republic of China / of territory surrounding the Siachen Glacier in Gilgit-Baltistan,gilgit-baltistan siachen,prefill by name match; to be reviewed
wikipedia,"Ongoing disputes involving the Republic of China / Kinmen, Matsu, Pratas Island, and the Vereker Banks",kinmen-matsu pratas,prefill by name match; to be reviewed
wikipedia,Ongoing disputes involving the Republic of China / Paracel Islands,paracel-islands,prefill by name match; to be reviewed
wikipedia,Ongoing disputes involving the Republic of China / Scarborough Shoal,scarborough-shoal,prefill by name match; to be reviewed
wikipedia,Ongoing disputes involving the Republic of China / Sakteng Wildlife Sanctuary,sakteng,prefill by name match; to be reviewed
wikipedia,Ongoing disputes involving the Republic of China / Senkaku Islands (Diaoyu Tai or Diaoyu Dao),senkaku,prefill by name match; to be reviewed
wikipedia,Ongoing disputes involving the Republic of China / Spratly Islands,spratly-islands,prefill by name match; to be reviewed
wikipedia,Ongoing disputes involving the Republic of China / Taiwan and Penghu,taiwan,prefill by name match; to be reviewed
wikipedia,"Ongoing disputes involving the Republic of China / Trans-Karakoram Tract, including Shaksgam Valley",shaksgam,prefill by name match; to be reviewed
wikipedia,Ongoing disputes involving other states with limited international recognition / Abkhazia,abkhazia,prefill by name match; to be reviewed
wikipedia,"Ongoing disputes involving other states with limited international recognition / Eastern Ossetia (Truso Gorge, Ghuda Gorge, Kobi Plateau)",eastern-ossetia-claim,prefill by name match; to be reviewed
wikipedia,Ongoing disputes involving other states with limited international recognition / Kokkina/Erenköy exclave,kokkina,prefill by name match; to be reviewed
wikipedia,Ongoing disputes involving other states with limited international recognition / Kosovo,kosovo,prefill by name match; to be reviewed
wikipedia,Ongoing disputes involving other states with limited international recognition / South Ossetia,south-ossetia,prefill by name match; to be reviewed
wikipedia,Ongoing disputes involving other states with limited international recognition / Somaliland,somaliland,prefill by name match; to be reviewed
wikipedia,Ongoing disputes involving other states with limited international recognition / Transnistria (including Bender),transnistria,prefill by name match; to be reviewed
natural_earth,1159320425,bajo-nuevo,linked in areas.csv
natural_earth,1159320435,sapodilla-cayes,linked in areas.csv
natural_earth,1159320477,paracel-islands,linked in areas.csv
natural_earth,1159320511,cyprus-buffer-zone,linked in areas.csv
natural_earth,1159320529,guantanamo-bay,linked in areas.csv
natural_earth,1159320531,northern-cyprus,linked in areas.csv
natural_earth,1159320559,hans-island,linked in areas.csv
natural_earth,1159320597,ceuta,linked in areas.csv
natural_earth,1159320599,melilla,linked in areas.csv
natural_earth,1159320659,mayotte,linked in areas.csv
natural_earth,1159320719,gibraltar,linked in areas.csv
natural_earth,1159320903,west-bank,linked in areas.csv
natural_earth,1159320905,golan-heights,linked in areas.csv
natural_earth,1159320963,siachen,linked in areas.csv
natural_earth,1159320995,dokdo,linked in areas.csv
natural_earth,1159321007,kosovo,linked in areas.csv
natural_earth,1159321165,spratly-islands,linked in areas.csv
natural_earth,1159321217,crimea,linked in areas.csv
natural_earth,1159321227,scarborough-shoal,linked in areas.csv
natural_earth,1159321245,serranilla,linked in areas.csv
natural_earth,1159321259,somaliland,linked in areas.csv
natural_earth,1729635091,bir-tawil,linked in areas.csv
natural_earth,1746265961,east-jerusalem,linked in areas.csv
