source_id,url,access,note
MEMORY,,none,General knowledge of the agent that compiled the census; not checked against any source
NE,https://github.com/nvkelso/natural-earth-vector/tree/v5.1.2,machine,"Natural Earth 10m admin-0 disputed areas, v5.1.2"
WD,https://www.wikidata.org/,machine,"Wikidata, read through the API at refresh time"
S0001,https://en.wikipedia.org/wiki/2025_Cambodian–Thai_border_crisis,manual,
S0002,https://en.wikipedia.org/wiki/Al-Fashaga_conflict,manual,
S0003,https://en.wikipedia.org/wiki/Armenia–Azerbaijan_border,manual,
S0004,"https://en.wikipedia.org/wiki/Barak,_Uzbekistan",manual,
S0005,https://en.wikipedia.org/wiki/Belizean–Guatemalan_territorial_dispute,manual,
S0006,https://en.wikipedia.org/wiki/Cambodian–Thai_border_dispute,manual,
S0007,https://en.wikipedia.org/wiki/Chagos_Archipelago_sovereignty_dispute,manual,
S0008,https://en.wikipedia.org/wiki/Concessions_and_leases_in_international_relations,manual,
S0009,https://en.wikipedia.org/wiki/Condominium_(international_law),manual,
S0010,https://en.wikipedia.org/wiki/Demilitarized_zone,manual,
S0011,https://en.wikipedia.org/wiki/Guyana–Venezuela_territorial_dispute,manual,
S0012,https://en.wikipedia.org/wiki/Island_of_Peace,manual,
S0013,https://en.wikipedia.org/wiki/Israeli_invasion_of_Syria_(2024–present),manual,
S0014,https://en.wikipedia.org/wiki/Kafia_Kingi,manual,
S0015,https://en.wikipedia.org/wiki/Koalou,manual,
S0016,https://en.wikipedia.org/wiki/Kyrgyzstan–Tajikistan_border,manual,
S0017,https://en.wikipedia.org/wiki/Kyrgyzstan–Uzbekistan_border,manual,
S0018,https://en.wikipedia.org/wiki/La_Güera,manual,
S0019,https://en.wikipedia.org/wiki/List_of_territorial_disputes,manual,
S0020,https://en.wikipedia.org/wiki/Mbanie_Island,manual,
S0021,https://en.wikipedia.org/wiki/Moldauhafen,manual,
S0022,https://en.wikipedia.org/wiki/Saimaa_Canal,manual,
S0023,https://en.wikipedia.org/wiki/Saudi_Arabia–United_Arab_Emirates_border,manual,
S0024,https://en.wikipedia.org/wiki/Terra_nullius,manual,
S0025,https://en.wikipedia.org/wiki/Tin_Bigha_Corridor,manual,
S0026,https://en.wikipedia.org/wiki/United_Nations_Disengagement_Observer_Force,manual,
S0027,https://github.com/factbook/factbook.json/tree/588c5b5084ee9c5e7ed0666c7be8f692c0329f56,manual,
S0028,https://www.naturalearthdata.com/downloads/10m-cultural-vectors/10m-admin-0-breakaway-disputed-areas/,manual,
